{
	"credit": "Made by awildthomas",
	"elements": [
		{
			"from": [0, 0, 0],
			"to": [16, 16, 16],
			"faces": {
				"north": {"uv": [0, 0, 16, 16], "texture": "all", "cullface": "north"},
				"east": {"uv": [0, 0, 16, 16], "texture": "all", "cullface": "east"},
				"south": {"uv": [0, 0, 16, 16], "texture": "all", "cullface": "south"},
				"west": {"uv": [0, 0, 16, 16], "texture": "all", "cullface": "west"},
				"up": {"uv": [0, 0, 16, 16], "texture": "all", "cullface": "up"},
				"down": {"uv": [0, 0, 16, 16], "texture": "all", "cullface": "down"}
			}
		},
		{
			"from": [1, 13, -0.48986],
			"to": [15.98938, 15.98938, 0],
			"faces": {
				"north": {"uv": [0, 0, 15, 3], "texture": "all", "cullface": "north"},
				"east": {"uv": [0, 0, 1, 3], "texture": "all", "cullface": "north"},
				"west": {"uv": [14, 0, 15, 3], "texture": "all", "cullface": "north"},
				"up": {"uv": [0, 0, 15, 1], "rotation": 180, "texture": "all", "cullface": "north"},
				"down": {"uv": [0, 2, 15, 3], "rotation": 180, "texture": "all", "cullface": "north"}
			}
		},
		{
			"from": [0.01001, 1, -0.48986],
			"to": [8, 4, 0],
			"faces": {
				"north": {"uv": [8, 12, 16, 15], "texture": "all", "cullface": "north"},
				"east": {"uv": [8, 12, 9, 15], "texture": "all", "cullface": "north"},
				"west": {"uv": [15, 12, 16, 15], "texture": "all", "cullface": "north"},
				"up": {"uv": [8, 12, 16, 13], "rotation": 180, "texture": "all", "cullface": "north"},
				"down": {"uv": [8, 14, 16, 15], "rotation": 180, "texture": "all", "cullface": "north"}
			}
		},
		{
			"from": [0.0103, 9, -0.48986],
			"to": [8, 12, 0],
			"faces": {
				"north": {"uv": [8, 4, 16, 7], "texture": "all", "cullface": "north"},
				"east": {"uv": [8, 4, 9, 7], "texture": "all", "cullface": "north"},
				"west": {"uv": [15, 4, 16, 7], "texture": "all", "cullface": "north"},
				"up": {"uv": [8, 4, 16, 5], "rotation": 180, "texture": "all", "cullface": "north"},
				"down": {"uv": [8, 6, 16, 7], "rotation": 180, "texture": "all", "cullface": "north"}
			}
		},
		{
			"from": [9, 9, -0.48986],
			"to": [15.98923, 12, 0],
			"faces": {
				"north": {"uv": [0, 4, 7, 7], "texture": "all", "cullface": "north"},
				"east": {"uv": [0, 4, 1, 7], "texture": "all", "cullface": "north"},
				"west": {"uv": [6, 4, 7, 7], "texture": "all", "cullface": "north"},
				"up": {"uv": [0, 4, 7, 5], "rotation": 180, "texture": "all", "cullface": "north"},
				"down": {"uv": [0, 6, 7, 7], "rotation": 180, "texture": "all", "cullface": "north"}
			}
		},
		{
			"from": [9, 1, -0.48986],
			"to": [15.98937, 4, 0],
			"faces": {
				"north": {"uv": [0, 12, 7, 15], "texture": "all", "cullface": "north"},
				"east": {"uv": [0, 12, 1, 15], "texture": "all", "cullface": "north"},
				"west": {"uv": [6, 12, 7, 15], "texture": "all", "cullface": "north"},
				"up": {"uv": [0, 12, 7, 13], "rotation": 180, "texture": "all", "cullface": "north"},
				"down": {"uv": [0, 14, 7, 15], "rotation": 180, "texture": "all", "cullface": "north"}
			}
		},
		{
			"from": [1, 5, -0.48986],
			"to": [15.98945, 8, 0],
			"faces": {
				"north": {"uv": [0, 8, 15, 11], "texture": "all", "cullface": "north"},
				"east": {"uv": [0, 8, 1, 11], "texture": "all", "cullface": "north"},
				"west": {"uv": [14, 8, 15, 11], "texture": "all", "cullface": "north"},
				"up": {"uv": [0, 8, 15, 9], "rotation": 180, "texture": "all", "cullface": "north"},
				"down": {"uv": [0, 10, 15, 11], "rotation": 180, "texture": "all", "cullface": "north"}
			}
		},
		{
			"from": [16, 13, 1],
			"to": [16.48954, 15.98984, 15.98984],
			"faces": {
				"north": {"uv": [14, 0, 15, 3], "texture": "all", "cullface": "east"},
				"east": {"uv": [0, 0, 15, 3], "texture": "all", "cullface": "east"},
				"south": {"uv": [0, 0, 1, 3], "texture": "all", "cullface": "east"},
				"up": {"uv": [0, 0, 15, 1], "rotation": 270, "texture": "all", "cullface": "east"},
				"down": {"uv": [0, 2, 15, 3], "rotation": 90, "texture": "all", "cullface": "east"}
			}
		},
		{
			"from": [16, 1, 0.01071],
			"to": [16.48954, 4, 8],
			"faces": {
				"north": {"uv": [15, 12, 16, 15], "texture": "all", "cullface": "east"},
				"east": {"uv": [8, 12, 16, 15], "texture": "all", "cullface": "east"},
				"south": {"uv": [8, 12, 9, 15], "texture": "all", "cullface": "east"},
				"up": {"uv": [8, 12, 16, 13], "rotation": 270, "texture": "all", "cullface": "east"},
				"down": {"uv": [8, 14, 16, 15], "rotation": 90, "texture": "all", "cullface": "east"}
			}
		},
		{
			"from": [16, 9, 0.01047],
			"to": [16.48954, 12, 8],
			"faces": {
				"north": {"uv": [15, 4, 16, 7], "texture": "all", "cullface": "east"},
				"east": {"uv": [8, 4, 16, 7], "texture": "all", "cullface": "east"},
				"south": {"uv": [8, 4, 9, 7], "texture": "all", "cullface": "east"},
				"up": {"uv": [8, 4, 16, 5], "rotation": 270, "texture": "all", "cullface": "east"},
				"down": {"uv": [8, 6, 16, 7], "rotation": 90, "texture": "all", "cullface": "east"}
			}
		},
		{
			"from": [16, 9, 9],
			"to": [16.48954, 12, 15.98932],
			"faces": {
				"north": {"uv": [6, 4, 7, 7], "texture": "all", "cullface": "east"},
				"east": {"uv": [0, 4, 7, 7], "texture": "all", "cullface": "east"},
				"south": {"uv": [0, 4, 1, 7], "texture": "all", "cullface": "east"},
				"up": {"uv": [0, 4, 7, 5], "rotation": 270, "texture": "all", "cullface": "east"},
				"down": {"uv": [0, 6, 7, 7], "rotation": 90, "texture": "all", "cullface": "east"}
			}
		},
		{
			"from": [16, 1, 9],
			"to": [16.48954, 4, 15.98924],
			"faces": {
				"north": {"uv": [6, 12, 7, 15], "texture": "all", "cullface": "east"},
				"east": {"uv": [0, 12, 7, 15], "texture": "all", "cullface": "east"},
				"south": {"uv": [0, 12, 1, 15], "texture": "all", "cullface": "east"},
				"up": {"uv": [0, 12, 7, 13], "rotation": 270, "texture": "all", "cullface": "east"},
				"down": {"uv": [0, 14, 7, 15], "rotation": 90, "texture": "all", "cullface": "east"}
			}
		},
		{
			"from": [16, 5, 1],
			"to": [16.48954, 8, 15.98977],
			"faces": {
				"north": {"uv": [14, 8, 15, 11], "texture": "all", "cullface": "east"},
				"east": {"uv": [0, 8, 15, 11], "texture": "all", "cullface": "east"},
				"south": {"uv": [0, 8, 1, 11], "texture": "all", "cullface": "east"},
				"up": {"uv": [0, 8, 15, 9], "rotation": 270, "texture": "all", "cullface": "east"},
				"down": {"uv": [0, 10, 15, 11], "rotation": 90, "texture": "all", "cullface": "east"}
			}
		},
		{
			"from": [0.01076, 13, 16],
			"to": [15, 15.98924, 16.48936],
			"faces": {
				"east": {"uv": [14, 0, 15, 3], "texture": "all", "cullface": "south"},
				"south": {"uv": [0, 0, 15, 3], "texture": "all", "cullface": "south"},
				"west": {"uv": [0, 0, 1, 3], "texture": "all", "cullface": "south"},
				"up": {"uv": [0, 0, 15, 1], "texture": "all", "cullface": "south"},
				"down": {"uv": [0, 2, 15, 3], "texture": "all", "cullface": "south"}
			}
		},
		{
			"from": [8, 1, 16],
			"to": [15.98972, 4, 16.48936],
			"faces": {
				"east": {"uv": [15, 12, 16, 15], "texture": "all", "cullface": "south"},
				"south": {"uv": [8, 12, 16, 15], "texture": "all", "cullface": "south"},
				"west": {"uv": [8, 12, 9, 15], "texture": "all", "cullface": "south"},
				"up": {"uv": [8, 12, 16, 13], "texture": "all", "cullface": "south"},
				"down": {"uv": [8, 14, 16, 15], "texture": "all", "cullface": "south"}
			}
		},
		{
			"from": [8, 9, 16],
			"to": [15.98902, 12, 16.48936],
			"faces": {
				"east": {"uv": [15, 4, 16, 7], "texture": "all", "cullface": "south"},
				"south": {"uv": [8, 4, 16, 7], "texture": "all", "cullface": "south"},
				"west": {"uv": [8, 4, 9, 7], "texture": "all", "cullface": "south"},
				"up": {"uv": [8, 4, 16, 5], "texture": "all", "cullface": "south"},
				"down": {"uv": [8, 6, 16, 7], "texture": "all", "cullface": "south"}
			}
		},
		{
			"from": [0.01012, 9, 16],
			"to": [7, 12, 16.48936],
			"faces": {
				"east": {"uv": [6, 4, 7, 7], "texture": "all", "cullface": "south"},
				"south": {"uv": [0, 4, 7, 7], "texture": "all", "cullface": "south"},
				"west": {"uv": [0, 4, 1, 7], "texture": "all", "cullface": "south"},
				"up": {"uv": [0, 4, 7, 5], "texture": "all", "cullface": "south"},
				"down": {"uv": [0, 6, 7, 7], "texture": "all", "cullface": "south"}
			}
		},
		{
			"from": [0.01088, 1, 16],
			"to": [7, 4, 16.48936],
			"faces": {
				"east": {"uv": [6, 12, 7, 15], "texture": "all", "cullface": "south"},
				"south": {"uv": [0, 12, 7, 15], "texture": "all", "cullface": "south"},
				"west": {"uv": [0, 12, 1, 15], "texture": "all", "cullface": "south"},
				"up": {"uv": [0, 12, 7, 13], "texture": "all", "cullface": "south"},
				"down": {"uv": [0, 14, 7, 15], "texture": "all", "cullface": "south"}
			}
		},
		{
			"from": [0.01004, 5, 16],
			"to": [15, 8, 16.48936],
			"faces": {
				"east": {"uv": [14, 8, 15, 11], "texture": "all", "cullface": "south"},
				"south": {"uv": [0, 8, 15, 11], "texture": "all", "cullface": "south"},
				"west": {"uv": [0, 8, 1, 11], "texture": "all", "cullface": "south"},
				"up": {"uv": [0, 8, 15, 9], "texture": "all", "cullface": "south"},
				"down": {"uv": [0, 10, 15, 11], "texture": "all", "cullface": "south"}
			}
		},
		{
			"from": [-0.48952, 13, 0.01026],
			"to": [0, 15.98974, 15],
			"faces": {
				"north": {"uv": [0, 0, 1, 3], "texture": "all", "cullface": "west"},
				"south": {"uv": [14, 0, 15, 3], "texture": "all", "cullface": "west"},
				"west": {"uv": [0, 0, 15, 3], "texture": "all", "cullface": "west"},
				"up": {"uv": [0, 0, 15, 1], "rotation": 90, "texture": "all", "cullface": "west"},
				"down": {"uv": [0, 2, 15, 3], "rotation": 270, "texture": "all", "cullface": "west"}
			}
		},
		{
			"from": [-0.48952, 1, 8],
			"to": [0, 4, 15.98947],
			"faces": {
				"north": {"uv": [8, 12, 9, 15], "texture": "all", "cullface": "west"},
				"south": {"uv": [15, 12, 16, 15], "texture": "all", "cullface": "west"},
				"west": {"uv": [8, 12, 16, 15], "texture": "all", "cullface": "west"},
				"up": {"uv": [8, 12, 16, 13], "rotation": 90, "texture": "all", "cullface": "west"},
				"down": {"uv": [8, 14, 16, 15], "rotation": 270, "texture": "all", "cullface": "west"}
			}
		},
		{
			"from": [-0.48952, 9, 8],
			"to": [0, 12, 15.98942],
			"faces": {
				"north": {"uv": [8, 4, 9, 7], "texture": "all", "cullface": "west"},
				"south": {"uv": [15, 4, 16, 7], "texture": "all", "cullface": "west"},
				"west": {"uv": [8, 4, 16, 7], "texture": "all", "cullface": "west"},
				"up": {"uv": [8, 4, 16, 5], "rotation": 90, "texture": "all", "cullface": "west"},
				"down": {"uv": [8, 6, 16, 7], "rotation": 270, "texture": "all", "cullface": "west"}
			}
		},
		{
			"from": [-0.48952, 9, 0.0104],
			"to": [0, 12, 7],
			"faces": {
				"north": {"uv": [0, 4, 1, 7], "texture": "all", "cullface": "west"},
				"south": {"uv": [6, 4, 7, 7], "texture": "all", "cullface": "west"},
				"west": {"uv": [0, 4, 7, 7], "texture": "all", "cullface": "west"},
				"up": {"uv": [0, 4, 7, 5], "rotation": 90, "texture": "all", "cullface": "west"},
				"down": {"uv": [0, 6, 7, 7], "rotation": 270, "texture": "all", "cullface": "west"}
			}
		},
		{
			"from": [-0.48952, 1, 0.0101],
			"to": [0, 4, 7],
			"faces": {
				"north": {"uv": [0, 12, 1, 15], "texture": "all", "cullface": "west"},
				"south": {"uv": [6, 12, 7, 15], "texture": "all", "cullface": "west"},
				"west": {"uv": [0, 12, 7, 15], "texture": "all", "cullface": "west"},
				"up": {"uv": [0, 12, 7, 13], "rotation": 90, "texture": "all", "cullface": "west"},
				"down": {"uv": [0, 14, 7, 15], "rotation": 270, "texture": "all", "cullface": "west"}
			}
		},
		{
			"from": [-0.48952, 5, 0.01025],
			"to": [0, 8, 15],
			"faces": {
				"north": {"uv": [0, 8, 1, 11], "texture": "all", "cullface": "west"},
				"south": {"uv": [14, 8, 15, 11], "texture": "all", "cullface": "west"},
				"west": {"uv": [0, 8, 15, 11], "texture": "all", "cullface": "west"},
				"up": {"uv": [0, 8, 15, 9], "rotation": 90, "texture": "all", "cullface": "west"},
				"down": {"uv": [0, 10, 15, 11], "rotation": 270, "texture": "all", "cullface": "west"}
			}
		},
		{
			"from": [0.01028, 16, 0.01028],
			"to": [15, 16.4898, 3],
			"faces": {
				"north": {"uv": [0, 0, 15, 1], "rotation": 180, "texture": "all", "cullface": "up"},
				"east": {"uv": [14, 0, 15, 3], "rotation": 90, "texture": "all", "cullface": "up"},
				"south": {"uv": [0, 2, 15, 3], "texture": "all", "cullface": "up"},
				"west": {"uv": [0, 0, 1, 3], "rotation": 270, "texture": "all", "cullface": "up"},
				"up": {"uv": [0, 0, 15, 3], "texture": "all", "cullface": "up"}
			}
		},
		{
			"from": [8, 16, 12],
			"to": [15.98924, 16.4898, 15],
			"faces": {
				"north": {"uv": [8, 12, 16, 13], "rotation": 180, "texture": "all", "cullface": "up"},
				"east": {"uv": [15, 12, 16, 15], "rotation": 90, "texture": "all", "cullface": "up"},
				"south": {"uv": [8, 14, 16, 15], "texture": "all", "cullface": "up"},
				"west": {"uv": [8, 12, 9, 15], "rotation": 270, "texture": "all", "cullface": "up"},
				"up": {"uv": [8, 12, 16, 15], "texture": "all", "cullface": "up"}
			}
		},
		{
			"from": [8, 16, 4],
			"to": [15.98909, 16.4898, 7],
			"faces": {
				"north": {"uv": [8, 4, 16, 5], "rotation": 180, "texture": "all", "cullface": "up"},
				"east": {"uv": [15, 4, 16, 7], "rotation": 90, "texture": "all", "cullface": "up"},
				"south": {"uv": [8, 6, 16, 7], "texture": "all", "cullface": "up"},
				"west": {"uv": [8, 4, 9, 7], "rotation": 270, "texture": "all", "cullface": "up"},
				"up": {"uv": [8, 4, 16, 7], "texture": "all", "cullface": "up"}
			}
		},
		{
			"from": [0.0106, 16, 4],
			"to": [7, 16.4898, 7],
			"faces": {
				"north": {"uv": [0, 4, 7, 5], "rotation": 180, "texture": "all", "cullface": "up"},
				"east": {"uv": [6, 4, 7, 7], "rotation": 90, "texture": "all", "cullface": "up"},
				"south": {"uv": [0, 6, 7, 7], "texture": "all", "cullface": "up"},
				"west": {"uv": [0, 4, 1, 7], "rotation": 270, "texture": "all", "cullface": "up"},
				"up": {"uv": [0, 4, 7, 7], "texture": "all", "cullface": "up"}
			}
		},
		{
			"from": [0.01004, 16, 12],
			"to": [7, 16.4898, 15],
			"faces": {
				"north": {"uv": [0, 12, 7, 13], "rotation": 180, "texture": "all", "cullface": "up"},
				"east": {"uv": [6, 12, 7, 15], "rotation": 90, "texture": "all", "cullface": "up"},
				"south": {"uv": [0, 14, 7, 15], "texture": "all", "cullface": "up"},
				"west": {"uv": [0, 12, 1, 15], "rotation": 270, "texture": "all", "cullface": "up"},
				"up": {"uv": [0, 12, 7, 15], "texture": "all", "cullface": "up"}
			}
		},
		{
			"from": [0.01079, 16, 8],
			"to": [15, 16.4898, 11],
			"faces": {
				"north": {"uv": [0, 8, 15, 9], "rotation": 180, "texture": "all", "cullface": "up"},
				"east": {"uv": [14, 8, 15, 11], "rotation": 90, "texture": "all", "cullface": "up"},
				"south": {"uv": [0, 10, 15, 11], "texture": "all", "cullface": "up"},
				"west": {"uv": [0, 8, 1, 11], "rotation": 270, "texture": "all", "cullface": "up"},
				"up": {"uv": [0, 8, 15, 11], "texture": "all", "cullface": "up"}
			}
		},
		{
			"from": [0.01031, -0.49, 13],
			"to": [15, 0, 15.98969],
			"faces": {
				"north": {"uv": [0, 2, 15, 3], "rotation": 180, "texture": "all", "cullface": "down"},
				"east": {"uv": [14, 0, 15, 3], "rotation": 270, "texture": "all", "cullface": "down"},
				"south": {"uv": [0, 0, 15, 1], "texture": "all", "cullface": "down"},
				"west": {"uv": [0, 0, 1, 3], "rotation": 90, "texture": "all", "cullface": "down"},
				"down": {"uv": [0, 0, 15, 3], "texture": "all", "cullface": "down"}
			}
		},
		{
			"from": [8, -0.49, 1],
			"to": [15.98966, 0, 4],
			"faces": {
				"north": {"uv": [8, 14, 16, 15], "rotation": 180, "texture": "all", "cullface": "down"},
				"east": {"uv": [15, 12, 16, 15], "rotation": 270, "texture": "all", "cullface": "down"},
				"south": {"uv": [8, 12, 16, 13], "texture": "all", "cullface": "down"},
				"west": {"uv": [8, 12, 9, 15], "rotation": 90, "texture": "all", "cullface": "down"},
				"down": {"uv": [8, 12, 16, 15], "texture": "all", "cullface": "down"}
			}
		},
		{
			"from": [8, -0.49, 9],
			"to": [15.98947, 0, 12],
			"faces": {
				"north": {"uv": [8, 6, 16, 7], "rotation": 180, "texture": "all", "cullface": "down"},
				"east": {"uv": [15, 4, 16, 7], "rotation": 270, "texture": "all", "cullface": "down"},
				"south": {"uv": [8, 4, 16, 5], "texture": "all", "cullface": "down"},
				"west": {"uv": [8, 4, 9, 7], "rotation": 90, "texture": "all", "cullface": "down"},
				"down": {"uv": [8, 4, 16, 7], "texture": "all", "cullface": "down"}
			}
		},
		{
			"from": [0.01025, -0.49, 9],
			"to": [7, 0, 12],
			"faces": {
				"north": {"uv": [0, 6, 7, 7], "rotation": 180, "texture": "all", "cullface": "down"},
				"east": {"uv": [6, 4, 7, 7], "rotation": 270, "texture": "all", "cullface": "down"},
				"south": {"uv": [0, 4, 7, 5], "texture": "all", "cullface": "down"},
				"west": {"uv": [0, 4, 1, 7], "rotation": 90, "texture": "all", "cullface": "down"},
				"down": {"uv": [0, 4, 7, 7], "texture": "all", "cullface": "down"}
			}
		},
		{
			"from": [0.01092, -0.49, 1],
			"to": [7, 0, 4],
			"faces": {
				"north": {"uv": [0, 14, 7, 15], "rotation": 180, "texture": "all", "cullface": "down"},
				"east": {"uv": [6, 12, 7, 15], "rotation": 270, "texture": "all", "cullface": "down"},
				"south": {"uv": [0, 12, 7, 13], "texture": "all", "cullface": "down"},
				"west": {"uv": [0, 12, 1, 15], "rotation": 90, "texture": "all", "cullface": "down"},
				"down": {"uv": [0, 12, 7, 15], "texture": "all", "cullface": "down"}
			}
		},
		{
			"from": [0.01016, -0.49, 5],
			"to": [15, 0, 8],
			"faces": {
				"north": {"uv": [0, 10, 15, 11], "rotation": 180, "texture": "all", "cullface": "down"},
				"east": {"uv": [14, 8, 15, 11], "rotation": 270, "texture": "all", "cullface": "down"},
				"south": {"uv": [0, 8, 15, 9], "texture": "all", "cullface": "down"},
				"west": {"uv": [0, 8, 1, 11], "rotation": 90, "texture": "all", "cullface": "down"},
				"down": {"uv": [0, 8, 15, 11], "texture": "all", "cullface": "down"}
			}
		}
	],
	"display": {
		"thirdperson_righthand": {
			"rotation": [75, 45, 0],
			"translation": [0, 2.5, 0],
			"scale": [0.375, 0.375, 0.375]
		},
		"thirdperson_lefthand": {
			"rotation": [75, 45, 0],
			"translation": [0, 2.5, 0],
			"scale": [0.375, 0.375, 0.375]
		},
		"firstperson_righthand": {
			"rotation": [0, 45, 0],
			"scale": [0.4, 0.4, 0.4]
		},
		"firstperson_lefthand": {
			"rotation": [0, 225, 0],
			"scale": [0.4, 0.4, 0.4]
		},
		"ground": {
			"translation": [0, 3, 0],
			"scale": [0.25, 0.25, 0.25]
		},
		"gui": {
			"rotation": [30, 225, 0],
			"scale": [0.625, 0.625, 0.625]
		},
		"fixed": {
			"scale": [0.5, 0.5, 0.5]
		}
	},
	"groups": [
		0,
		{
			"name": "north",
			"origin": [8, 8, 8],
			"color": 0,
			"children": [1, 2, 3, 4, 5, 6]
		},
		{
			"name": "east",
			"origin": [8, 8, 8],
			"color": 0,
			"children": [7, 8, 9, 10, 11, 12]
		},
		{
			"name": "south",
			"origin": [8, 8, 8],
			"color": 0,
			"children": [13, 14, 15, 16, 17, 18]
		},
		{
			"name": "west",
			"origin": [8, 8, 8],
			"color": 0,
			"children": [19, 20, 21, 22, 23, 24]
		},
		{
			"name": "up",
			"origin": [8, 8, 8],
			"color": 0,
			"children": [25, 26, 27, 28, 29, 30]
		},
		{
			"name": "down",
			"origin": [8, 8, 8],
			"color": 0,
			"children": [31, 32, 33, 34, 35, 36]
		}
	]
}