{"parent": "block/cube_all", "textures": {"particle": "block/deepslate_tiles", "all": "block/deepslate_tiles"}, "elements": [{"from": [1, 8, 7.5], "to": [7, 10, 8], "rotation": {"angle": 0, "axis": "y", "origin": [8, 8, 8]}, "faces": {"north": {"uv": [9, 6, 15, 9], "texture": "#all"}, "east": {"uv": [9, 6, 10, 9], "texture": "#all"}, "west": {"uv": [14, 6, 15, 9], "texture": "#all"}, "up": {"uv": [9, 6, 15, 7], "rotation": 180, "texture": "#all"}}}, {"from": [1, 11, 7.5], "to": [8, 15, 8], "rotation": {"angle": 0, "axis": "y", "origin": [8, 8, 8]}, "faces": {"north": {"uv": [4, 1, 15, 5], "texture": "#all"}, "east": {"uv": [4, 1, 5, 5], "texture": "#all"}, "west": {"uv": [14, 1, 15, 5], "texture": "#all"}, "up": {"uv": [4, 1, 15, 2], "rotation": 180, "texture": "#all"}, "down": {"uv": [4, 4, 15, 5], "rotation": 180, "texture": "#all"}}}, {"from": [0, 0, -0.5], "to": [3, 2, 0], "rotation": {"angle": 0, "axis": "y", "origin": [8, 8, 8]}, "faces": {"north": {"uv": [13, 14, 16, 16], "texture": "#all", "cullface": "north"}, "east": {"uv": [13, 14, 14, 16], "texture": "#all", "cullface": "north"}, "west": {"uv": [15, 14, 16, 16], "texture": "#all", "cullface": "north"}, "up": {"uv": [13, 14, 16, 15], "rotation": 180, "texture": "#all", "cullface": "north"}, "down": {"uv": [13, 15, 16, 16], "rotation": 180, "texture": "#all", "cullface": "north"}}}, {"from": [4, 0, -0.5], "to": [8, 2, 0], "rotation": {"angle": 0, "axis": "y", "origin": [8, 8, 8]}, "faces": {"north": {"uv": [8, 14, 12, 16], "texture": "#all", "cullface": "north"}, "east": {"uv": [8, 14, 9, 16], "texture": "#all", "cullface": "north"}, "west": {"uv": [11, 14, 12, 16], "texture": "#all", "cullface": "north"}, "up": {"uv": [8, 14, 11, 15], "rotation": 180, "texture": "#all", "cullface": "north"}, "down": {"uv": [8, 15, 12, 16], "rotation": 180, "texture": "#all", "cullface": "north"}}}, {"from": [9, 0, -0.5], "to": [16, 2, 0], "rotation": {"angle": 0, "axis": "y", "origin": [8, 8, 8]}, "faces": {"north": {"uv": [0, 14, 7, 16], "texture": "#all", "cullface": "north"}, "east": {"uv": [0, 14, 1, 16], "texture": "#all", "cullface": "north"}, "west": {"uv": [6, 14, 7, 16], "texture": "#all", "cullface": "north"}, "up": {"uv": [0, 14, 7, 15], "rotation": 180, "texture": "#all", "cullface": "north"}, "down": {"uv": [0, 15, 7, 16], "rotation": 180, "texture": "#all", "cullface": "north"}}}, {"from": [12, 3, -0.5], "to": [15, 6, 0], "rotation": {"angle": 0, "axis": "y", "origin": [8, 8, 8]}, "faces": {"north": {"uv": [1, 10, 4, 13], "texture": "#all", "cullface": "north"}, "east": {"uv": [1, 10, 2, 13], "texture": "#all", "cullface": "north"}, "west": {"uv": [3, 10, 4, 13], "texture": "#all", "cullface": "north"}, "up": {"uv": [1, 10, 4, 11], "rotation": 180, "texture": "#all", "cullface": "north"}, "down": {"uv": [1, 12, 4, 13], "rotation": 180, "texture": "#all", "cullface": "north"}}}, {"from": [0, 3, -0.5], "to": [11, 6, 0], "rotation": {"angle": 0, "axis": "y", "origin": [8, 8, 8]}, "faces": {"north": {"uv": [5, 10, 16, 13], "texture": "#all", "cullface": "north"}, "east": {"uv": [5, 10, 6, 13], "texture": "#all", "cullface": "north"}, "west": {"uv": [15, 10, 16, 13], "texture": "#all", "cullface": "north"}, "up": {"uv": [5, 10, 16, 11], "rotation": 180, "texture": "#all", "cullface": "north"}, "down": {"uv": [5, 12, 16, 13], "rotation": 180, "texture": "#all", "cullface": "north"}}}, {"from": [1, 7, -0.5], "to": [7, 8, 0], "rotation": {"angle": 0, "axis": "y", "origin": [8, 8, 8]}, "faces": {"north": {"uv": [9, 8, 15, 9], "texture": "#all", "cullface": "north"}, "east": {"uv": [9, 8, 10, 9], "texture": "#all", "cullface": "north"}, "west": {"uv": [14, 8, 15, 9], "texture": "#all", "cullface": "north"}, "up": {"uv": [9, 8, 15, 9], "rotation": 180, "texture": "#all", "cullface": "north"}, "down": {"uv": [9, 8, 15, 9], "rotation": 180, "texture": "#all", "cullface": "north"}}}, {"from": [8, 7, -0.5], "to": [16, 8, 0], "rotation": {"angle": 0, "axis": "y", "origin": [8, 8, 8]}, "faces": {"north": {"uv": [0, 8, 8, 9], "texture": "#all", "cullface": "north"}, "east": {"uv": [0, 8, 1, 9], "texture": "#all", "cullface": "north"}, "west": {"uv": [7, 8, 8, 9], "texture": "#all", "cullface": "north"}, "up": {"uv": [0, 8, 8, 9], "rotation": 180, "texture": "#all", "cullface": "north"}, "down": {"uv": [0, 8, 8, 9], "rotation": 180, "texture": "#all", "cullface": "north"}}}, {"from": [8, 11, 8], "to": [8.5, 15, 12], "rotation": {"angle": 0, "axis": "y", "origin": [8, 8, 8]}, "faces": {"north": {"uv": [7, 1, 8, 5], "texture": "#all"}, "east": {"uv": [4, 1, 8, 5], "texture": "#all"}, "south": {"uv": [4, 1, 5, 5], "texture": "#all"}, "up": {"uv": [4, 1, 8, 2], "rotation": 270, "texture": "#all"}, "down": {"uv": [4, 4, 8, 5], "rotation": 90, "texture": "#all"}}}, {"from": [8, 8, 8], "to": [8.5, 10, 16], "rotation": {"angle": 0, "axis": "y", "origin": [8, 8, 8]}, "faces": {"north": {"uv": [7, 6, 8, 8], "texture": "#all"}, "east": {"uv": [0, 6, 8, 8], "texture": "#all"}, "south": {"uv": [0, 6, 1, 8], "texture": "#all"}, "up": {"uv": [0, 6, 8, 7], "rotation": 270, "texture": "#all"}}}, {"from": [8, 11, 13], "to": [8.5, 15, 16], "rotation": {"angle": 0, "axis": "y", "origin": [8, 8, 8]}, "faces": {"north": {"uv": [2, 1, 3, 5], "texture": "#all"}, "east": {"uv": [0, 1, 3, 5], "texture": "#all"}, "south": {"uv": [0, 1, 1, 5], "texture": "#all"}, "up": {"uv": [0, 1, 3, 2], "rotation": 270, "texture": "#all"}, "down": {"uv": [0, 4, 3, 5], "rotation": 90, "texture": "#all"}}}, {"from": [16, 0, 0], "to": [16.5, 2, 3], "rotation": {"angle": 0, "axis": "y", "origin": [8, 8, 8]}, "faces": {"north": {"uv": [15, 14, 16, 16], "texture": "#all", "cullface": "east"}, "east": {"uv": [13, 14, 16, 16], "texture": "#all", "cullface": "east"}, "south": {"uv": [13, 14, 14, 16], "texture": "#all", "cullface": "east"}, "up": {"uv": [13, 14, 16, 15], "rotation": 270, "texture": "#all", "cullface": "east"}, "down": {"uv": [13, 15, 16, 16], "rotation": 90, "texture": "#all", "cullface": "east"}}}, {"from": [16, 0, 4], "to": [16.5, 2, 8], "rotation": {"angle": 0, "axis": "y", "origin": [8, 8, 8]}, "faces": {"north": {"uv": [11, 14, 12, 16], "texture": "#all", "cullface": "east"}, "east": {"uv": [8, 14, 12, 16], "texture": "#all", "cullface": "east"}, "south": {"uv": [8, 14, 9, 16], "texture": "#all", "cullface": "east"}, "up": {"uv": [8, 14, 11, 15], "rotation": 270, "texture": "#all", "cullface": "east"}, "down": {"uv": [8, 15, 12, 16], "rotation": 90, "texture": "#all", "cullface": "east"}}}, {"from": [16, 0, 9], "to": [16.5, 2, 16], "rotation": {"angle": 0, "axis": "y", "origin": [8, 8, 8]}, "faces": {"north": {"uv": [6, 14, 7, 16], "texture": "#all", "cullface": "east"}, "east": {"uv": [0, 14, 7, 16], "texture": "#all", "cullface": "east"}, "south": {"uv": [0, 14, 1, 16], "texture": "#all", "cullface": "east"}, "up": {"uv": [0, 14, 7, 15], "rotation": 270, "texture": "#all", "cullface": "east"}, "down": {"uv": [0, 15, 7, 16], "rotation": 90, "texture": "#all", "cullface": "east"}}}, {"from": [16, 3, 12], "to": [16.5, 6, 15], "rotation": {"angle": 0, "axis": "y", "origin": [8, 8, 8]}, "faces": {"north": {"uv": [3, 10, 4, 13], "texture": "#all", "cullface": "east"}, "east": {"uv": [1, 10, 4, 13], "texture": "#all", "cullface": "east"}, "south": {"uv": [1, 10, 2, 13], "texture": "#all", "cullface": "east"}, "up": {"uv": [1, 10, 4, 11], "rotation": 270, "texture": "#all", "cullface": "east"}, "down": {"uv": [1, 12, 4, 13], "rotation": 90, "texture": "#all", "cullface": "east"}}}, {"from": [16, 3, 0], "to": [16.5, 6, 11], "rotation": {"angle": 0, "axis": "y", "origin": [8, 8, 8]}, "faces": {"north": {"uv": [15, 10, 16, 13], "texture": "#all", "cullface": "east"}, "east": {"uv": [5, 10, 16, 13], "texture": "#all", "cullface": "east"}, "south": {"uv": [5, 10, 6, 13], "texture": "#all", "cullface": "east"}, "up": {"uv": [5, 10, 16, 11], "rotation": 270, "texture": "#all", "cullface": "east"}, "down": {"uv": [5, 12, 16, 13], "rotation": 90, "texture": "#all", "cullface": "east"}}}, {"from": [16, 7, 1], "to": [16.5, 8, 7], "rotation": {"angle": 0, "axis": "y", "origin": [8, 8, 8]}, "faces": {"north": {"uv": [14, 8, 15, 9], "texture": "#all", "cullface": "east"}, "east": {"uv": [9, 8, 15, 9], "texture": "#all", "cullface": "east"}, "south": {"uv": [9, 8, 10, 9], "texture": "#all", "cullface": "east"}, "up": {"uv": [9, 8, 15, 9], "rotation": 270, "texture": "#all", "cullface": "east"}, "down": {"uv": [9, 8, 15, 9], "rotation": 90, "texture": "#all", "cullface": "east"}}}, {"from": [16, 7, 8], "to": [16.5, 8, 16], "rotation": {"angle": 0, "axis": "y", "origin": [8, 8, 8]}, "faces": {"north": {"uv": [7, 8, 8, 9], "texture": "#all", "cullface": "east"}, "east": {"uv": [0, 8, 8, 9], "texture": "#all", "cullface": "east"}, "south": {"uv": [0, 8, 1, 9], "texture": "#all", "cullface": "east"}, "up": {"uv": [0, 8, 8, 9], "rotation": 270, "texture": "#all", "cullface": "east"}, "down": {"uv": [0, 8, 8, 9], "rotation": 90, "texture": "#all", "cullface": "east"}}}, {"from": [13, 0, 16], "to": [16, 2, 16.5], "rotation": {"angle": 0, "axis": "y", "origin": [8, 8, 8]}, "faces": {"east": {"uv": [15, 14, 16, 16], "texture": "#all", "cullface": "south"}, "south": {"uv": [13, 14, 16, 16], "texture": "#all", "cullface": "south"}, "west": {"uv": [13, 14, 14, 16], "texture": "#all", "cullface": "south"}, "up": {"uv": [13, 14, 16, 15], "texture": "#all", "cullface": "south"}, "down": {"uv": [13, 15, 16, 16], "texture": "#all", "cullface": "south"}}}, {"from": [8, 0, 16], "to": [12, 2, 16.5], "rotation": {"angle": 0, "axis": "y", "origin": [8, 8, 8]}, "faces": {"east": {"uv": [11, 14, 12, 16], "texture": "#all", "cullface": "south"}, "south": {"uv": [8, 14, 12, 16], "texture": "#all", "cullface": "south"}, "west": {"uv": [8, 14, 9, 16], "texture": "#all", "cullface": "south"}, "up": {"uv": [8, 14, 11, 15], "texture": "#all", "cullface": "south"}, "down": {"uv": [8, 15, 12, 16], "texture": "#all", "cullface": "south"}}}, {"from": [0, 0, 16], "to": [7, 2, 16.5], "rotation": {"angle": 0, "axis": "y", "origin": [8, 8, 8]}, "faces": {"east": {"uv": [6, 14, 7, 16], "texture": "#all", "cullface": "south"}, "south": {"uv": [0, 14, 7, 16], "texture": "#all", "cullface": "south"}, "west": {"uv": [0, 14, 1, 16], "texture": "#all", "cullface": "south"}, "up": {"uv": [0, 14, 7, 15], "texture": "#all", "cullface": "south"}, "down": {"uv": [0, 15, 7, 16], "texture": "#all", "cullface": "south"}}}, {"from": [1, 3, 16], "to": [4, 6, 16.5], "rotation": {"angle": 0, "axis": "y", "origin": [8, 8, 8]}, "faces": {"east": {"uv": [3, 10, 4, 13], "texture": "#all", "cullface": "south"}, "south": {"uv": [1, 10, 4, 13], "texture": "#all", "cullface": "south"}, "west": {"uv": [1, 10, 2, 13], "texture": "#all", "cullface": "south"}, "up": {"uv": [1, 10, 4, 11], "texture": "#all", "cullface": "south"}, "down": {"uv": [1, 12, 4, 13], "texture": "#all", "cullface": "south"}}}, {"from": [5, 3, 16], "to": [16, 6, 16.5], "rotation": {"angle": 0, "axis": "y", "origin": [8, 8, 8]}, "faces": {"east": {"uv": [15, 10, 16, 13], "texture": "#all", "cullface": "south"}, "south": {"uv": [5, 10, 16, 13], "texture": "#all", "cullface": "south"}, "west": {"uv": [5, 10, 6, 13], "texture": "#all", "cullface": "south"}, "up": {"uv": [5, 10, 16, 11], "texture": "#all", "cullface": "south"}, "down": {"uv": [5, 12, 16, 13], "texture": "#all", "cullface": "south"}}}, {"from": [9, 7, 16], "to": [15, 8, 16.5], "rotation": {"angle": 0, "axis": "y", "origin": [8, 8, 8]}, "faces": {"east": {"uv": [14, 8, 15, 9], "texture": "#all", "cullface": "south"}, "south": {"uv": [9, 8, 15, 9], "texture": "#all", "cullface": "south"}, "west": {"uv": [9, 8, 10, 9], "texture": "#all", "cullface": "south"}, "up": {"uv": [9, 8, 15, 9], "texture": "#all", "cullface": "south"}, "down": {"uv": [9, 8, 15, 9], "texture": "#all", "cullface": "south"}}}, {"from": [0, 7, 16], "to": [8, 10, 16.5], "rotation": {"angle": 0, "axis": "y", "origin": [8, 8, 8]}, "faces": {"east": {"uv": [7, 6, 8, 9], "texture": "#all", "cullface": "south"}, "south": {"uv": [0, 6, 8, 9], "texture": "#all", "cullface": "south"}, "west": {"uv": [0, 6, 1, 9], "texture": "#all", "cullface": "south"}, "up": {"uv": [0, 6, 8, 7], "texture": "#all", "cullface": "south"}, "down": {"uv": [0, 8, 8, 9], "texture": "#all", "cullface": "south"}}}, {"from": [0, 11, 16], "to": [3, 15, 16.5], "rotation": {"angle": 0, "axis": "y", "origin": [8, 8, 8]}, "faces": {"east": {"uv": [2, 1, 3, 5], "texture": "#all", "cullface": "south"}, "south": {"uv": [0, 1, 3, 5], "texture": "#all", "cullface": "south"}, "west": {"uv": [0, 1, 1, 5], "texture": "#all", "cullface": "south"}, "up": {"uv": [0, 1, 3, 2], "texture": "#all", "cullface": "south"}, "down": {"uv": [0, 4, 3, 5], "texture": "#all", "cullface": "south"}}}, {"from": [4, 11, 16], "to": [8, 15, 16.5], "rotation": {"angle": 0, "axis": "y", "origin": [8, 8, 8]}, "faces": {"east": {"uv": [7, 1, 8, 5], "texture": "#all", "cullface": "south"}, "south": {"uv": [4, 1, 8, 5], "texture": "#all", "cullface": "south"}, "west": {"uv": [4, 1, 5, 5], "texture": "#all", "cullface": "south"}, "up": {"uv": [4, 1, 8, 2], "texture": "#all", "cullface": "south"}, "down": {"uv": [4, 4, 8, 5], "texture": "#all", "cullface": "south"}}}, {"from": [-0.5, 0, 13], "to": [0, 2, 16], "rotation": {"angle": 0, "axis": "y", "origin": [8, 8, 8]}, "faces": {"north": {"uv": [13, 14, 14, 16], "texture": "#all", "cullface": "west"}, "south": {"uv": [15, 14, 16, 16], "texture": "#all", "cullface": "west"}, "west": {"uv": [13, 14, 16, 16], "texture": "#all", "cullface": "west"}, "up": {"uv": [13, 14, 16, 15], "rotation": 90, "texture": "#all", "cullface": "west"}, "down": {"uv": [13, 15, 16, 16], "rotation": 270, "texture": "#all", "cullface": "west"}}}, {"from": [-0.5, 0, 8], "to": [0, 2, 12], "rotation": {"angle": 0, "axis": "y", "origin": [8, 8, 8]}, "faces": {"north": {"uv": [8, 14, 9, 16], "texture": "#all", "cullface": "west"}, "south": {"uv": [11, 14, 12, 16], "texture": "#all", "cullface": "west"}, "west": {"uv": [8, 14, 12, 16], "texture": "#all", "cullface": "west"}, "up": {"uv": [8, 14, 11, 15], "rotation": 90, "texture": "#all", "cullface": "west"}, "down": {"uv": [8, 15, 12, 16], "rotation": 270, "texture": "#all", "cullface": "west"}}}, {"from": [-0.5, 0, 0], "to": [0, 2, 7], "rotation": {"angle": 0, "axis": "y", "origin": [8, 8, 8]}, "faces": {"north": {"uv": [0, 14, 1, 16], "texture": "#all", "cullface": "west"}, "south": {"uv": [6, 14, 7, 16], "texture": "#all", "cullface": "west"}, "west": {"uv": [0, 14, 7, 16], "texture": "#all", "cullface": "west"}, "up": {"uv": [0, 14, 7, 15], "rotation": 90, "texture": "#all", "cullface": "west"}, "down": {"uv": [0, 15, 7, 16], "rotation": 270, "texture": "#all", "cullface": "west"}}}, {"from": [-0.5, 3, 1], "to": [0, 6, 4], "rotation": {"angle": 0, "axis": "y", "origin": [8, 8, 8]}, "faces": {"north": {"uv": [1, 10, 2, 13], "texture": "#all", "cullface": "west"}, "south": {"uv": [3, 10, 4, 13], "texture": "#all", "cullface": "west"}, "west": {"uv": [1, 10, 4, 13], "texture": "#all", "cullface": "west"}, "up": {"uv": [1, 10, 4, 11], "rotation": 90, "texture": "#all", "cullface": "west"}, "down": {"uv": [1, 12, 4, 13], "rotation": 270, "texture": "#all", "cullface": "west"}}}, {"from": [-0.5, 3, 5], "to": [0, 6, 16], "rotation": {"angle": 0, "axis": "y", "origin": [8, 8, 8]}, "faces": {"north": {"uv": [5, 10, 6, 13], "texture": "#all", "cullface": "west"}, "south": {"uv": [15, 10, 16, 13], "texture": "#all", "cullface": "west"}, "west": {"uv": [5, 10, 16, 13], "texture": "#all", "cullface": "west"}, "up": {"uv": [5, 10, 16, 11], "rotation": 90, "texture": "#all", "cullface": "west"}, "down": {"uv": [5, 12, 16, 13], "rotation": 270, "texture": "#all", "cullface": "west"}}}, {"from": [-0.5, 7, 9], "to": [0, 10, 15], "rotation": {"angle": 0, "axis": "y", "origin": [8, 8, 8]}, "faces": {"north": {"uv": [9, 6, 10, 9], "texture": "#all", "cullface": "west"}, "south": {"uv": [14, 6, 15, 9], "texture": "#all", "cullface": "west"}, "west": {"uv": [9, 6, 15, 9], "texture": "#all", "cullface": "west"}, "up": {"uv": [9, 6, 15, 7], "rotation": 90, "texture": "#all", "cullface": "west"}, "down": {"uv": [9, 8, 15, 9], "rotation": 270, "texture": "#all", "cullface": "west"}}}, {"from": [-0.5, 7, 0], "to": [0, 8, 8], "rotation": {"angle": 0, "axis": "y", "origin": [8, 8, 8]}, "faces": {"north": {"uv": [0, 8, 1, 9], "texture": "#all", "cullface": "west"}, "south": {"uv": [7, 8, 8, 9], "texture": "#all", "cullface": "west"}, "west": {"uv": [0, 8, 8, 9], "texture": "#all", "cullface": "west"}, "up": {"uv": [0, 8, 8, 9], "rotation": 90, "texture": "#all", "cullface": "west"}, "down": {"uv": [0, 8, 8, 9], "rotation": 270, "texture": "#all", "cullface": "west"}}}, {"from": [-0.5, 11, 8], "to": [0, 15, 15], "rotation": {"angle": 0, "axis": "y", "origin": [8, 8, 8]}, "faces": {"north": {"uv": [8, 1, 9, 5], "texture": "#all", "cullface": "west"}, "south": {"uv": [14, 1, 15, 5], "texture": "#all", "cullface": "west"}, "west": {"uv": [8, 1, 15, 5], "texture": "#all", "cullface": "west"}, "up": {"uv": [8, 1, 15, 2], "rotation": 90, "texture": "#all", "cullface": "west"}, "down": {"uv": [8, 4, 15, 5], "rotation": 270, "texture": "#all", "cullface": "west"}}}, {"from": [8, 8, 10], "to": [16, 8.5, 13], "rotation": {"angle": 0, "axis": "y", "origin": [8, 8, 8]}, "faces": {"north": {"uv": [8, 10, 16, 11], "rotation": 180, "texture": "#all"}, "east": {"uv": [15, 10, 16, 13], "rotation": 90, "texture": "#all"}, "south": {"uv": [8, 12, 16, 13], "texture": "#all"}, "up": {"uv": [8, 10, 16, 13], "texture": "#all"}}}, {"from": [0, 8, 6], "to": [8, 8.5, 8], "rotation": {"angle": 0, "axis": "y", "origin": [8, 8, 8]}, "faces": {"north": {"uv": [0, 6, 8, 7], "rotation": 180, "texture": "#all"}, "east": {"uv": [7, 6, 8, 8], "rotation": 90, "texture": "#all"}, "west": {"uv": [0, 6, 1, 8], "rotation": 270, "texture": "#all"}, "up": {"uv": [0, 6, 8, 8], "texture": "#all"}}}, {"from": [9, 8, 6], "to": [15, 8.5, 9], "rotation": {"angle": 0, "axis": "y", "origin": [8, 8, 8]}, "faces": {"north": {"uv": [9, 6, 15, 7], "rotation": 180, "texture": "#all"}, "east": {"uv": [14, 6, 15, 9], "rotation": 90, "texture": "#all"}, "south": {"uv": [9, 8, 15, 9], "texture": "#all"}, "west": {"uv": [9, 6, 10, 9], "rotation": 270, "texture": "#all"}, "up": {"uv": [9, 6, 15, 9], "texture": "#all"}}}, {"from": [4, 8, 1], "to": [15, 8.5, 5], "rotation": {"angle": 0, "axis": "y", "origin": [8, 8, 8]}, "faces": {"north": {"uv": [4, 1, 15, 2], "rotation": 180, "texture": "#all"}, "east": {"uv": [14, 1, 15, 5], "rotation": 90, "texture": "#all"}, "south": {"uv": [4, 4, 15, 5], "texture": "#all"}, "west": {"uv": [4, 1, 5, 5], "rotation": 270, "texture": "#all"}, "up": {"uv": [4, 1, 15, 5], "texture": "#all"}}}, {"from": [0, 8, 1], "to": [3, 8.5, 5], "rotation": {"angle": 0, "axis": "y", "origin": [8, 8, 8]}, "faces": {"north": {"uv": [0, 1, 3, 2], "rotation": 180, "texture": "#all"}, "east": {"uv": [2, 1, 3, 5], "rotation": 90, "texture": "#all"}, "south": {"uv": [0, 4, 3, 5], "texture": "#all"}, "west": {"uv": [0, 1, 1, 5], "rotation": 270, "texture": "#all"}, "up": {"uv": [0, 1, 3, 5], "texture": "#all"}}}, {"from": [8, 8, 14], "to": [12, 8.5, 16], "rotation": {"angle": 0, "axis": "y", "origin": [8, 8, 8]}, "faces": {"north": {"uv": [8, 14, 11, 15], "rotation": 180, "texture": "#all"}, "east": {"uv": [11, 14, 12, 16], "rotation": 90, "texture": "#all"}, "south": {"uv": [8, 15, 12, 16], "texture": "#all"}, "up": {"uv": [8, 14, 12, 16], "texture": "#all"}}}, {"from": [13, 8, 14], "to": [16, 8.5, 16], "rotation": {"angle": 0, "axis": "y", "origin": [8, 8, 8]}, "faces": {"north": {"uv": [13, 14, 16, 15], "rotation": 180, "texture": "#all"}, "east": {"uv": [15, 14, 16, 16], "rotation": 90, "texture": "#all"}, "south": {"uv": [13, 15, 16, 16], "texture": "#all"}, "west": {"uv": [13, 14, 14, 16], "rotation": 270, "texture": "#all"}, "up": {"uv": [13, 14, 16, 16], "texture": "#all"}}}, {"from": [0, 16, 14], "to": [7, 16.5, 16], "rotation": {"angle": 0, "axis": "y", "origin": [8, 8, 8]}, "faces": {"north": {"uv": [0, 14, 7, 15], "rotation": 180, "texture": "#all", "cullface": "up"}, "east": {"uv": [6, 14, 7, 16], "rotation": 90, "texture": "#all", "cullface": "up"}, "south": {"uv": [0, 15, 7, 16], "texture": "#all", "cullface": "up"}, "west": {"uv": [0, 14, 1, 16], "rotation": 270, "texture": "#all", "cullface": "up"}, "up": {"uv": [0, 14, 7, 16], "texture": "#all", "cullface": "up"}}}, {"from": [1, 16, 10], "to": [4, 16.5, 13], "rotation": {"angle": 0, "axis": "y", "origin": [8, 8, 8]}, "faces": {"north": {"uv": [1, 10, 4, 11], "rotation": 180, "texture": "#all", "cullface": "up"}, "east": {"uv": [3, 10, 4, 13], "rotation": 90, "texture": "#all", "cullface": "up"}, "south": {"uv": [1, 12, 4, 13], "texture": "#all", "cullface": "up"}, "west": {"uv": [1, 10, 2, 13], "rotation": 270, "texture": "#all", "cullface": "up"}, "up": {"uv": [1, 10, 4, 13], "texture": "#all", "cullface": "up"}}}, {"from": [5, 16, 10], "to": [8, 16.5, 13], "rotation": {"angle": 0, "axis": "y", "origin": [8, 8, 8]}, "faces": {"north": {"uv": [5, 10, 8, 11], "rotation": 180, "texture": "#all", "cullface": "up"}, "east": {"uv": [7, 10, 8, 13], "rotation": 90, "texture": "#all", "cullface": "up"}, "south": {"uv": [5, 12, 8, 13], "texture": "#all", "cullface": "up"}, "west": {"uv": [5, 10, 6, 13], "rotation": 270, "texture": "#all", "cullface": "up"}, "up": {"uv": [5, 10, 8, 13], "texture": "#all", "cullface": "up"}}}, {"from": [0, 16, 8], "to": [8, 16.5, 9], "rotation": {"angle": 0, "axis": "y", "origin": [8, 8, 8]}, "faces": {"north": {"uv": [0, 8, 8, 9], "rotation": 180, "texture": "#all", "cullface": "up"}, "east": {"uv": [7, 8, 8, 9], "rotation": 90, "texture": "#all", "cullface": "up"}, "south": {"uv": [0, 8, 8, 9], "texture": "#all", "cullface": "up"}, "west": {"uv": [0, 8, 1, 9], "rotation": 270, "texture": "#all", "cullface": "up"}, "up": {"uv": [0, 8, 8, 9], "texture": "#all", "cullface": "up"}}}, {"from": [13, -0.5, 0], "to": [16, 0, 2], "rotation": {"angle": 0, "axis": "y", "origin": [8, 8, 8]}, "faces": {"north": {"uv": [13, 15, 16, 16], "rotation": 180, "texture": "#all", "cullface": "down"}, "east": {"uv": [15, 14, 16, 16], "rotation": 270, "texture": "#all", "cullface": "down"}, "south": {"uv": [13, 14, 16, 15], "texture": "#all", "cullface": "down"}, "west": {"uv": [13, 14, 14, 16], "rotation": 90, "texture": "#all", "cullface": "down"}, "down": {"uv": [13, 14, 16, 16], "texture": "#all", "cullface": "down"}}}, {"from": [8, -0.5, 0], "to": [12, 0, 2], "rotation": {"angle": 0, "axis": "y", "origin": [8, 8, 8]}, "faces": {"north": {"uv": [8, 15, 12, 16], "rotation": 180, "texture": "#all", "cullface": "down"}, "east": {"uv": [11, 14, 12, 16], "rotation": 270, "texture": "#all", "cullface": "down"}, "south": {"uv": [8, 14, 11, 15], "texture": "#all", "cullface": "down"}, "west": {"uv": [8, 14, 9, 16], "rotation": 90, "texture": "#all", "cullface": "down"}, "down": {"uv": [8, 14, 12, 16], "texture": "#all", "cullface": "down"}}}, {"from": [0, -0.5, 0], "to": [7, 0, 2], "rotation": {"angle": 0, "axis": "y", "origin": [8, 8, 8]}, "faces": {"north": {"uv": [0, 15, 7, 16], "rotation": 180, "texture": "#all", "cullface": "down"}, "east": {"uv": [6, 14, 7, 16], "rotation": 270, "texture": "#all", "cullface": "down"}, "south": {"uv": [0, 14, 7, 15], "texture": "#all", "cullface": "down"}, "west": {"uv": [0, 14, 1, 16], "rotation": 90, "texture": "#all", "cullface": "down"}, "down": {"uv": [0, 14, 7, 16], "texture": "#all", "cullface": "down"}}}, {"from": [1, -0.5, 3], "to": [4, 0, 6], "rotation": {"angle": 0, "axis": "y", "origin": [8, 8, 8]}, "faces": {"north": {"uv": [1, 12, 4, 13], "rotation": 180, "texture": "#all", "cullface": "down"}, "east": {"uv": [3, 10, 4, 13], "rotation": 270, "texture": "#all", "cullface": "down"}, "south": {"uv": [1, 10, 4, 11], "texture": "#all", "cullface": "down"}, "west": {"uv": [1, 10, 2, 13], "rotation": 90, "texture": "#all", "cullface": "down"}, "down": {"uv": [1, 10, 4, 13], "texture": "#all", "cullface": "down"}}}, {"from": [5, -0.5, 3], "to": [16, 0, 6], "rotation": {"angle": 0, "axis": "y", "origin": [8, 8, 8]}, "faces": {"north": {"uv": [5, 12, 16, 13], "rotation": 180, "texture": "#all", "cullface": "down"}, "east": {"uv": [15, 10, 16, 13], "rotation": 270, "texture": "#all", "cullface": "down"}, "south": {"uv": [5, 10, 16, 11], "texture": "#all", "cullface": "down"}, "west": {"uv": [5, 10, 6, 13], "rotation": 90, "texture": "#all", "cullface": "down"}, "down": {"uv": [5, 10, 16, 13], "texture": "#all", "cullface": "down"}}}, {"from": [9, -0.5, 7], "to": [15, 0, 10], "rotation": {"angle": 0, "axis": "y", "origin": [8, 8, 8]}, "faces": {"north": {"uv": [9, 8, 15, 9], "rotation": 180, "texture": "#all", "cullface": "down"}, "east": {"uv": [14, 6, 15, 9], "rotation": 270, "texture": "#all", "cullface": "down"}, "south": {"uv": [9, 6, 15, 7], "texture": "#all", "cullface": "down"}, "west": {"uv": [9, 6, 10, 9], "rotation": 90, "texture": "#all", "cullface": "down"}, "down": {"uv": [9, 6, 15, 9], "texture": "#all", "cullface": "down"}}}, {"from": [0, -0.5, 7], "to": [8, 0, 10], "rotation": {"angle": 0, "axis": "y", "origin": [8, 8, 8]}, "faces": {"north": {"uv": [0, 8, 8, 9], "rotation": 180, "texture": "#all", "cullface": "down"}, "east": {"uv": [7, 6, 8, 9], "rotation": 270, "texture": "#all", "cullface": "down"}, "south": {"uv": [0, 6, 8, 7], "texture": "#all", "cullface": "down"}, "west": {"uv": [0, 6, 1, 9], "rotation": 90, "texture": "#all", "cullface": "down"}, "down": {"uv": [0, 6, 8, 9], "texture": "#all", "cullface": "down"}}}, {"from": [0, -0.5, 11], "to": [3, 0, 15], "rotation": {"angle": 0, "axis": "y", "origin": [8, 8, 8]}, "faces": {"north": {"uv": [0, 4, 3, 5], "rotation": 180, "texture": "#all", "cullface": "down"}, "east": {"uv": [2, 1, 3, 5], "rotation": 270, "texture": "#all", "cullface": "down"}, "south": {"uv": [0, 1, 3, 2], "texture": "#all", "cullface": "down"}, "west": {"uv": [0, 1, 1, 5], "rotation": 90, "texture": "#all", "cullface": "down"}, "down": {"uv": [0, 1, 3, 5], "texture": "#all", "cullface": "down"}}}, {"from": [4, -0.5, 11], "to": [15, 0, 15], "rotation": {"angle": 0, "axis": "y", "origin": [8, 8, 8]}, "faces": {"north": {"uv": [4, 4, 15, 5], "rotation": 180, "texture": "#all", "cullface": "down"}, "east": {"uv": [14, 1, 15, 5], "rotation": 270, "texture": "#all", "cullface": "down"}, "south": {"uv": [4, 1, 15, 2], "texture": "#all", "cullface": "down"}, "west": {"uv": [4, 1, 5, 5], "rotation": 90, "texture": "#all", "cullface": "down"}, "down": {"uv": [4, 1, 15, 5], "texture": "#all", "cullface": "down"}}}, {"from": [0, 0, 0], "to": [16, 8, 16], "faces": {"north": {"uv": [0, 8, 16, 16], "texture": "#all", "cullface": "north"}, "east": {"uv": [0, 8, 16, 16], "texture": "#all", "cullface": "east"}, "south": {"uv": [0, 8, 16, 16], "texture": "#all", "cullface": "south"}, "west": {"uv": [0, 8, 16, 16], "texture": "#all", "cullface": "west"}, "up": {"uv": [0, 0, 16, 16], "texture": "#all"}, "down": {"uv": [0, 0, 16, 16], "texture": "#all", "cullface": "down"}}}, {"from": [0, 8, 8], "to": [8, 16, 16], "faces": {"north": {"uv": [8, 0, 16, 8], "texture": "#all"}, "east": {"uv": [0, 0, 8, 8], "texture": "#all"}, "south": {"uv": [0, 0, 8, 8], "texture": "#all", "cullface": "south"}, "west": {"uv": [8, 0, 16, 8], "texture": "#all", "cullface": "west"}, "up": {"uv": [0, 8, 8, 16], "texture": "#all", "cullface": "up"}}}], "groups": [{"name": "other north", "origin": [8, 8, 8], "color": 0, "children": [0, 1]}, {"name": "north", "origin": [8, 8, 8], "color": 0, "children": [2, 3, 4, 5, 6, 7, 8]}, {"name": "other east", "origin": [8, 8, 8], "color": 0, "children": [9, 10, 11]}, {"name": "east", "origin": [8, 8, 8], "color": 0, "children": [12, 13, 14, 15, 16, 17, 18]}, {"name": "south", "origin": [8, 8, 8], "color": 0, "children": [19, 20, 21, 22, 23, 24, 25, 26, 27]}, {"name": "west", "origin": [8, 8, 8], "color": 0, "children": [28, 29, 30, 31, 32, 33, 34, 35]}, {"name": "other up", "origin": [8, 8, 8], "color": 0, "children": [36, 37, 38, 39, 40, 41, 42]}, {"name": "up", "origin": [8, 8, 8], "color": 0, "children": [43, 44, 45, 46]}, {"name": "down", "origin": [8, 8, 8], "color": 0, "children": [47, 48, 49, 50, 51, 52, 53, 54, 55]}, 56, 57]}