{
    "variants": {
        "facing=east,half=bottom,shape=straight": {
            "model": "block/_stone_brick_stairs/east"
        },
        "facing=west,half=bottom,shape=straight": {
            "model": "block/_stone_brick_stairs/west"
        },
        "facing=south,half=bottom,shape=straight": {
            "model": "block/_stone_brick_stairs/south"
        },
        "facing=north,half=bottom,shape=straight": {
            "model": "block/_stone_brick_stairs/north"
        },
        "facing=east,half=bottom,shape=outer_right": {
            "model": "block/_stone_brick_stairs/outer_se"
        },
        "facing=west,half=bottom,shape=outer_right": {
            "model": "block/_stone_brick_stairs/outer_nw"
        },
        "facing=south,half=bottom,shape=outer_right": {
            "model": "block/_stone_brick_stairs/outer_sw"
        },
        "facing=north,half=bottom,shape=outer_right": {
            "model": "block/_stone_brick_stairs/outer_ne"
        },
        "facing=east,half=bottom,shape=outer_left": {
            "model": "block/_stone_brick_stairs/outer_ne"
        },
        "facing=west,half=bottom,shape=outer_left": {
            "model": "block/_stone_brick_stairs/outer_sw"
        },
        "facing=south,half=bottom,shape=outer_left": {
            "model": "block/_stone_brick_stairs/outer_se"
        },
        "facing=north,half=bottom,shape=outer_left": {
            "model": "block/_stone_brick_stairs/outer_nw"
        },
        "facing=east,half=bottom,shape=inner_right": {
            "model": "block/_stone_brick_stairs/inner_nw"
        },
        "facing=west,half=bottom,shape=inner_right": {
            "model": "block/_stone_brick_stairs/inner_se"
        },
        "facing=south,half=bottom,shape=inner_right": {
            "model": "block/_stone_brick_stairs/inner_ne"
        },
        "facing=north,half=bottom,shape=inner_right": {
            "model": "block/_stone_brick_stairs/inner_sw"
        },
        "facing=east,half=bottom,shape=inner_left": {
            "model": "block/_stone_brick_stairs/inner_sw"
        },
        "facing=west,half=bottom,shape=inner_left": {
            "model": "block/_stone_brick_stairs/inner_ne"
        },
        "facing=south,half=bottom,shape=inner_left": {
            "model": "block/_stone_brick_stairs/inner_nw"
        },
        "facing=north,half=bottom,shape=inner_left": {
            "model": "block/_stone_brick_stairs/inner_se"
        },
        "facing=east,half=top,shape=straight": {
            "model": "block/_stone_brick_stairs/top_east"
        },
        "facing=west,half=top,shape=straight": {
            "model": "block/_stone_brick_stairs/top_west"
        },
        "facing=south,half=top,shape=straight": {
            "model": "block/_stone_brick_stairs/top_south"
        },
        "facing=north,half=top,shape=straight": {
            "model": "block/_stone_brick_stairs/top_north"
        },
        "facing=east,half=top,shape=outer_right": {
            "model": "block/_stone_brick_stairs/top_outer_se"
        },
        "facing=west,half=top,shape=outer_right": {
            "model": "block/_stone_brick_stairs/top_outer_nw"
        },
        "facing=south,half=top,shape=outer_right": {
            "model": "block/_stone_brick_stairs/top_outer_sw"
        },
        "facing=north,half=top,shape=outer_right": {
            "model": "block/_stone_brick_stairs/top_outer_ne"
        },
        "facing=east,half=top,shape=outer_left": {
            "model": "block/_stone_brick_stairs/top_outer_ne"
        },
        "facing=west,half=top,shape=outer_left": {
            "model": "block/_stone_brick_stairs/top_outer_sw"
        },
        "facing=south,half=top,shape=outer_left": {
            "model": "block/_stone_brick_stairs/top_outer_se"
        },
        "facing=north,half=top,shape=outer_left": {
            "model": "block/_stone_brick_stairs/top_outer_nw"
        },
        "facing=east,half=top,shape=inner_right": {
            "model": "block/_stone_brick_stairs/top_inner_nw"
        },
        "facing=west,half=top,shape=inner_right": {
            "model": "block/_stone_brick_stairs/top_inner_se"
        },
        "facing=south,half=top,shape=inner_right": {
            "model": "block/_stone_brick_stairs/top_inner_ne"
        },
        "facing=north,half=top,shape=inner_right": {
            "model": "block/_stone_brick_stairs/top_inner_sw"
        },
        "facing=east,half=top,shape=inner_left": {
            "model": "block/_stone_brick_stairs/top_inner_sw"
        },
        "facing=west,half=top,shape=inner_left": {
            "model": "block/_stone_brick_stairs/top_inner_ne"
        },
        "facing=south,half=top,shape=inner_left": {
            "model": "block/_stone_brick_stairs/top_inner_nw"
        },
        "facing=north,half=top,shape=inner_left": {
            "model": "block/_stone_brick_stairs/top_inner_se"
        }
    }
}