{"multipart": [{"when": {"up": "true"}, "apply": {"model": "block/walls/stone_brick_wall_post"}}, {"when": {"north": "low"}, "apply": {"model": "block/walls/stone_brick_wall_side_north"}}, {"when": {"east": "low"}, "apply": {"model": "block/walls/stone_brick_wall_side_east"}}, {"when": {"south": "low"}, "apply": {"model": "block/walls/stone_brick_wall_side_south"}}, {"when": {"west": "low"}, "apply": {"model": "block/walls/stone_brick_wall_side_west"}}, {"when": {"north": "tall"}, "apply": {"model": "block/walls/stone_brick_wall_side_tall_north"}}, {"when": {"east": "tall"}, "apply": {"model": "block/walls/stone_brick_wall_side_tall_east"}}, {"when": {"south": "tall"}, "apply": {"model": "block/walls/stone_brick_wall_side_tall_south"}}, {"when": {"west": "tall"}, "apply": {"model": "block/walls/stone_brick_wall_side_tall_west"}}]}