{
	"credit": "Made by awildthomas",
	"ambientocclusion": false,
	"textures": {
		"0": "block/acacia_trapdoor1",
		"1": "block/acacia_trapdoor2",
		"layer3": "block/acacia_trapdoor3",
		"particle": "block/acacia_trapdoor"
	},
	"elements": [
		{
			"from": [9, 13, 3],
			"to": [12, 16, 13],
			"faces": {
				"east": {"uv": [9, 13, 12, 3], "rotation": 90, "texture": "#1"},
				"west": {"uv": [8, 3, 11, 13], "rotation": 90, "texture": "#0"},
				"up": {"uv": [9, 13, 12, 3], "texture": "#particle", "cullface": "up"},
				"down": {"uv": [9, 3, 12, 13], "texture": "#particle"}
			}
		},
		{
			"from": [4, 13, 3],
			"to": [7, 16, 13],
			"faces": {
				"east": {"uv": [5, 13, 8, 3], "rotation": 90, "texture": "#0"},
				"west": {"uv": [4, 3, 7, 13], "rotation": 90, "texture": "#1"},
				"up": {"uv": [4, 13, 7, 3], "texture": "#particle", "cullface": "up"},
				"down": {"uv": [4, 3, 7, 13], "texture": "#particle"}
			}
		},
		{
			"from": [5.01, 12.01, 0.01],
			"to": [10.99, 16.99, 1.99],
			"faces": {
				"north": {"uv": [5, 15, 11, 16], "texture": "#particle"},
				"east": {"uv": [5, 16, 6, 14], "rotation": 90, "texture": "#particle"},
				"south": {"uv": [5, 14, 11, 15], "texture": "#particle"},
				"west": {"uv": [10, 14, 11, 16], "rotation": 90, "texture": "#particle"},
				"up": {"uv": [5, 16, 11, 14], "texture": "#particle", "cullface": "up"},
				"down": {"uv": [5, 14, 11, 16], "texture": "#particle"}
			}
		},
		{
			"from": [0, 13, 0],
			"to": [16, 16, 3],
			"faces": {
				"north": {"uv": [16, 13, 0, 16], "texture": "#0", "cullface": "north"},
				"east": {"uv": [13, 0, 16, 3], "rotation": 90, "texture": "#1", "cullface": "east"},
				"south": {"uv": [0, 11, 16, 14], "texture": "#layer3"},
				"west": {"uv": [0, 3, 3, 0], "rotation": 90, "texture": "#1", "cullface": "west"},
				"up": {"uv": [0, 16, 16, 13], "texture": "#particle", "cullface": "up"},
				"down": {"uv": [0, 13, 16, 16], "texture": "#particle"}
			}
		},
		{
			"from": [0, 13, 13],
			"to": [16, 16, 16],
			"faces": {
				"north": {"uv": [16, 2, 0, 5], "texture": "#layer3"},
				"east": {"uv": [13, 13, 16, 16], "rotation": 90, "texture": "#1", "cullface": "east"},
				"south": {"uv": [0, 0, 16, 3], "texture": "#0", "cullface": "south"},
				"west": {"uv": [0, 16, 3, 13], "rotation": 90, "texture": "#1", "cullface": "west"},
				"up": {"uv": [0, 3, 16, 0], "texture": "#particle", "cullface": "up"},
				"down": {"uv": [0, 0, 16, 3], "texture": "#particle"}
			}
		},
		{
			"from": [0, 13, 3],
			"to": [2, 16, 13],
			"faces": {
				"east": {"uv": [0, 13, 3, 3], "rotation": 90, "texture": "#0"},
				"west": {"uv": [0, 3, 3, 13], "rotation": 90, "texture": "#1", "cullface": "west"},
				"up": {"uv": [0, 13, 2, 3], "texture": "#particle", "cullface": "up"},
				"down": {"uv": [0, 3, 2, 13], "texture": "#particle"}
			}
		},
		{
			"from": [14, 13, 3],
			"to": [16, 16, 13],
			"faces": {
				"east": {"uv": [13, 13, 16, 3], "rotation": 90, "texture": "#1", "cullface": "east"},
				"west": {"uv": [13, 3, 16, 13], "rotation": 90, "texture": "#0"},
				"up": {"uv": [14, 13, 16, 3], "texture": "#particle", "cullface": "up"},
				"down": {"uv": [14, 3, 16, 13], "texture": "#particle"}
			}
		}
	]
}