{
	"credit": "Made by awildthomas",
	"ambientocclusion": false,
	"textures": {
		"0": "block/acacia_trapdoor1",
		"1": "block/acacia_trapdoor2",
		"layer3": "block/acacia_trapdoor3",
		"particle": "block/acacia_trapdoor"
	},
	"elements": [
		{
			"from": [4, 3, 13],
			"to": [7, 13, 16],
			"faces": {
				"north": {"uv": [9, 13, 12, 3], "texture": "#particle"},
				"east": {"uv": [11, 13, 8, 3], "texture": "#0"},
				"south": {"uv": [12, 13, 9, 3], "texture": "#particle", "cullface": "south"},
				"west": {"uv": [12, 13, 9, 3], "texture": "#1"}
			}
		},
		{
			"from": [9, 3, 13],
			"to": [12, 13, 16],
			"faces": {
				"north": {"uv": [4, 13, 7, 3], "texture": "#particle"},
				"east": {"uv": [7, 13, 4, 3], "texture": "#1"},
				"south": {"uv": [7, 13, 4, 3], "texture": "#particle", "cullface": "south"},
				"west": {"uv": [8, 13, 5, 3], "texture": "#0"}
			}
		},
		{
			"from": [5.01, 14.01, 12.01],
			"to": [10.99, 15.99, 16.99],
			"faces": {
				"north": {"uv": [5, 16, 11, 14], "texture": "#particle"},
				"east": {"uv": [11, 16, 10, 14], "texture": "#particle"},
				"south": {"uv": [11, 16, 5, 14], "texture": "#particle", "cullface": "south"},
				"west": {"uv": [6, 16, 5, 14], "texture": "#particle"},
				"up": {"uv": [5, 15, 11, 16], "texture": "#particle"},
				"down": {"uv": [11, 14, 5, 15], "texture": "#particle"}
			}
		},
		{
			"from": [0, 13, 13],
			"to": [16, 16, 16],
			"faces": {
				"north": {"uv": [0, 16, 16, 13], "texture": "#particle"},
				"east": {"uv": [3, 0, 0, 3], "texture": "#1", "cullface": "east"},
				"south": {"uv": [16, 16, 0, 13], "texture": "#particle", "cullface": "south"},
				"west": {"uv": [16, 0, 13, 3], "texture": "#1", "cullface": "west"},
				"up": {"uv": [16, 13, 0, 16], "texture": "#0", "cullface": "up"},
				"down": {"uv": [16, 11, 0, 14], "texture": "#layer3"}
			}
		},
		{
			"from": [0, 0, 13],
			"to": [16, 3, 16],
			"faces": {
				"north": {"uv": [0, 3, 16, 0], "texture": "#particle"},
				"east": {"uv": [3, 13, 0, 16], "texture": "#1", "cullface": "east"},
				"south": {"uv": [16, 3, 0, 0], "texture": "#particle", "cullface": "south"},
				"west": {"uv": [16, 13, 13, 16], "texture": "#1", "cullface": "west"},
				"up": {"uv": [16, 2, 0, 5], "texture": "#layer3"},
				"down": {"uv": [16, 0, 0, 3], "texture": "#0", "cullface": "down"}
			}
		},
		{
			"from": [14, 3, 13],
			"to": [16, 13, 16],
			"faces": {
				"north": {"uv": [0, 13, 2, 3], "texture": "#particle"},
				"east": {"uv": [3, 13, 0, 3], "texture": "#1", "cullface": "east"},
				"south": {"uv": [2, 13, 0, 3], "texture": "#particle", "cullface": "south"},
				"west": {"uv": [3, 13, 0, 3], "texture": "#0"}
			}
		},
		{
			"from": [0, 3, 13],
			"to": [2, 13, 16],
			"faces": {
				"north": {"uv": [14, 13, 16, 3], "texture": "#particle"},
				"east": {"uv": [16, 13, 13, 3], "texture": "#0"},
				"south": {"uv": [16, 13, 14, 3], "texture": "#particle", "cullface": "south"},
				"west": {"uv": [16, 13, 13, 3], "texture": "#1", "cullface": "west"}
			}
		}
	]
}