{
	"credit": "Made by awildthomas",
	"textures": {
		"0": "block/allium",
		"particle": "block/allium"
	},
	"elements": [
		{
			"from": [6, 9, 5],
			"to": [11, 13, 7],
			"faces": {
				"north": {"uv": [5, 3, 10, 7], "texture": "#0"},
				"east": {"uv": [5, 3, 7, 7], "texture": "#0"},
				"south": {"uv": [5, 3, 10, 7], "texture": "#0"},
				"west": {"uv": [5, 3, 7, 7], "texture": "#0"},
				"up": {"uv": [5, 3, 10, 5], "rotation": 180, "texture": "#0"},
				"down": {"uv": [5, 3, 10, 5], "texture": "#0"}
			}
		},
		{
			"from": [7, 13, 5],
			"to": [10, 14, 7],
			"faces": {
				"north": {"uv": [5, 3, 8, 4], "texture": "#0"},
				"east": {"uv": [5, 3, 7, 4], "texture": "#0"},
				"south": {"uv": [5, 3, 8, 4], "texture": "#0"},
				"west": {"uv": [5, 3, 7, 4], "texture": "#0"},
				"up": {"uv": [5, 3, 8, 5], "texture": "#0"},
				"down": {"uv": [5, 3, 8, 5], "texture": "#0"}
			}
		},
		{
			"from": [7, 8, 5],
			"to": [10, 9, 7],
			"faces": {
				"north": {"uv": [5, 3, 8, 4], "texture": "#0"},
				"east": {"uv": [5, 3, 7, 4], "texture": "#0"},
				"south": {"uv": [5, 3, 8, 4], "texture": "#0"},
				"west": {"uv": [5, 3, 7, 4], "texture": "#0"},
				"up": {"uv": [5, 3, 8, 5], "texture": "#0"},
				"down": {"uv": [5, 3, 8, 5], "texture": "#0"}
			}
		},
		{
			"from": [5, 10, 5],
			"to": [6, 12, 7],
			"faces": {
				"north": {"uv": [5, 3, 6, 5], "texture": "#0"},
				"east": {"uv": [5, 3, 7, 5], "texture": "#0"},
				"south": {"uv": [5, 3, 6, 5], "texture": "#0"},
				"west": {"uv": [5, 3, 7, 5], "texture": "#0"},
				"up": {"uv": [5, 3, 6, 5], "texture": "#0"},
				"down": {"uv": [5, 3, 6, 5], "texture": "#0"}
			}
		},
		{
			"from": [11, 10, 5],
			"to": [12, 12, 7],
			"faces": {
				"north": {"uv": [5, 3, 6, 5], "texture": "#0"},
				"east": {"uv": [5, 3, 7, 5], "texture": "#0"},
				"south": {"uv": [5, 3, 6, 5], "texture": "#0"},
				"west": {"uv": [5, 3, 7, 5], "texture": "#0"},
				"up": {"uv": [5, 3, 6, 5], "texture": "#0"},
				"down": {"uv": [5, 3, 6, 5], "texture": "#0"}
			}
		},
		{
			"from": [6, 10, 4],
			"to": [11, 12, 5],
			"faces": {
				"north": {"uv": [5, 3, 10, 5], "texture": "#0"},
				"east": {"uv": [5, 3, 6, 5], "texture": "#0"},
				"south": {"uv": [5, 3, 10, 5], "texture": "#0"},
				"west": {"uv": [5, 3, 6, 5], "texture": "#0"},
				"up": {"uv": [5, 3, 10, 4], "texture": "#0"},
				"down": {"uv": [5, 3, 10, 4], "texture": "#0"}
			}
		},
		{
			"from": [6, 10, 7],
			"to": [11, 12, 8],
			"faces": {
				"north": {"uv": [5, 3, 10, 5], "texture": "#0"},
				"east": {"uv": [5, 3, 6, 5], "texture": "#0"},
				"south": {"uv": [5, 3, 10, 5], "texture": "#0"},
				"west": {"uv": [5, 3, 6, 5], "texture": "#0"},
				"up": {"uv": [5, 3, 10, 4], "texture": "#0"},
				"down": {"uv": [5, 3, 10, 4], "texture": "#0"}
			}
		},
		{
			"from": [7, 12, 4],
			"to": [10, 13, 5],
			"faces": {
				"north": {"uv": [5, 3, 8, 4], "texture": "#0"},
				"east": {"uv": [5, 3, 6, 4], "texture": "#0"},
				"south": {"uv": [5, 3, 8, 4], "texture": "#0"},
				"west": {"uv": [5, 3, 6, 4], "texture": "#0"},
				"up": {"uv": [5, 3, 8, 4], "texture": "#0"},
				"down": {"uv": [5, 3, 8, 4], "texture": "#0"}
			}
		},
		{
			"from": [7, 9, 4],
			"to": [10, 10, 5],
			"faces": {
				"north": {"uv": [5, 3, 8, 4], "texture": "#0"},
				"east": {"uv": [5, 3, 6, 4], "texture": "#0"},
				"south": {"uv": [5, 3, 8, 4], "texture": "#0"},
				"west": {"uv": [5, 3, 6, 4], "texture": "#0"},
				"up": {"uv": [5, 3, 8, 4], "texture": "#0"},
				"down": {"uv": [5, 3, 8, 4], "texture": "#0"}
			}
		},
		{
			"from": [7, 9, 7],
			"to": [10, 10, 8],
			"faces": {
				"north": {"uv": [5, 3, 8, 4], "texture": "#0"},
				"east": {"uv": [5, 3, 6, 4], "texture": "#0"},
				"south": {"uv": [5, 3, 8, 4], "texture": "#0"},
				"west": {"uv": [5, 3, 6, 4], "texture": "#0"},
				"up": {"uv": [5, 3, 8, 4], "texture": "#0"},
				"down": {"uv": [5, 3, 8, 4], "texture": "#0"}
			}
		},
		{
			"from": [7, 12, 7],
			"to": [10, 13, 8],
			"faces": {
				"north": {"uv": [5, 3, 8, 4], "texture": "#0"},
				"east": {"uv": [5, 3, 6, 4], "texture": "#0"},
				"south": {"uv": [5, 3, 8, 4], "texture": "#0"},
				"west": {"uv": [5, 3, 6, 4], "texture": "#0"},
				"up": {"uv": [5, 3, 8, 4], "texture": "#0"},
				"down": {"uv": [5, 3, 8, 4], "texture": "#0"}
			}
		},
		{
			"from": [7, 10, 3],
			"to": [10, 12, 4],
			"faces": {
				"north": {"uv": [5, 3, 8, 5], "texture": "#0"},
				"east": {"uv": [5, 3, 6, 5], "texture": "#0"},
				"south": {"uv": [5, 3, 8, 5], "texture": "#0"},
				"west": {"uv": [5, 3, 6, 5], "texture": "#0"},
				"up": {"uv": [5, 3, 8, 4], "texture": "#0"},
				"down": {"uv": [5, 3, 8, 4], "texture": "#0"}
			}
		},
		{
			"from": [7, 10, 8],
			"to": [10, 12, 9],
			"faces": {
				"north": {"uv": [5, 3, 8, 5], "texture": "#0"},
				"east": {"uv": [5, 3, 6, 5], "texture": "#0"},
				"south": {"uv": [5, 3, 8, 5], "texture": "#0"},
				"west": {"uv": [5, 3, 6, 5], "texture": "#0"},
				"up": {"uv": [5, 3, 8, 4], "texture": "#0"},
				"down": {"uv": [5, 3, 8, 4], "texture": "#0"}
			}
		},
		{
			"from": [8, 0, 5.5],
			"to": [9, 9, 6.5],
			"faces": {
				"north": {"uv": [7, 7, 8, 16], "texture": "#0"},
				"east": {"uv": [7, 7, 8, 16], "texture": "#0"},
				"south": {"uv": [7, 7, 8, 16], "texture": "#0"},
				"west": {"uv": [7, 7, 8, 16], "texture": "#0"},
				"up": {"uv": [7, 7, 8, 8], "texture": "#0"},
				"down": {"uv": [7, 7, 8, 8], "texture": "#0"}
			}
		}
	],
	"groups": [
		{
			"name": "flower",
			"origin": [0, 0, 0],
			"color": 0,
			"children": [0, 1, 2, 3, 4, 5, 6, 7, 8, 9, 10, 11, 12]
		},
		13
	]
}