{
	"credit": "Made by The_Wild_Thomas (Discord : thomas0535)",
	"textures": {
		"0": "block/amethyst/amethyst_cluster",
		"particle": "block/amethyst/amethyst_cluster"
	},
	"elements": [
		{
			"from": [6, 0, 6],
			"to": [9, 4, 9],
			"rotation": {"angle": 0, "axis": "y", "origin": [8.5, 0.5, 8.5]},
			"faces": {
				"north": {"uv": [6, 12, 9, 16], "texture": "#0"},
				"east": {"uv": [9, 12, 6, 16], "texture": "#0"},
				"south": {"uv": [6, 12, 9, 16], "texture": "#0"},
				"west": {"uv": [9, 12, 6, 16], "texture": "#0"},
				"up": {"uv": [0, 0, 3, 3], "texture": "#0"},
				"down": {"uv": [6, 13, 9, 16], "rotation": 90, "texture": "#0"}
			}
		},
		{
			"from": [4, 0, 4],
			"to": [11, 2, 11],
			"rotation": {"angle": 0, "axis": "y", "origin": [7.5, 0.5, 8.5]},
			"faces": {
				"north": {"uv": [3, 13, 13, 16], "texture": "#0"},
				"east": {"uv": [3, 13, 13, 16], "texture": "#0"},
				"south": {"uv": [3, 13, 13, 16], "texture": "#0"},
				"west": {"uv": [3, 13, 13, 16], "texture": "#0"},
				"up": {"uv": [4, 10, 10, 16], "texture": "#0"},
				"down": {"uv": [6, 13, 9, 16], "rotation": 90, "texture": "#0"}
			}
		},
		{
			"from": [6, 4, 6],
			"to": [10, 5, 10],
			"rotation": {"angle": 0, "axis": "y", "origin": [8.5, 4.5, 8.5]},
			"faces": {
				"north": {"uv": [5, 10, 9, 11], "texture": "#0"},
				"east": {"uv": [9, 10, 5, 11], "texture": "#0"},
				"south": {"uv": [9, 10, 5, 11], "texture": "#0"},
				"west": {"uv": [5, 10, 9, 11], "texture": "#0"},
				"up": {"uv": [0, 0, 3, 3], "texture": "#0"},
				"down": {"uv": [6, 12, 10, 16], "rotation": 90, "texture": "#0"}
			}
		},
		{
			"from": [5, 4, 5],
			"to": [7, 5, 7],
			"rotation": {"angle": 0, "axis": "y", "origin": [7.5, 4.5, 7.5]},
			"faces": {
				"north": {"uv": [8, 10, 10, 11], "texture": "#0"},
				"east": {"uv": [8, 10, 10, 11], "texture": "#0"},
				"south": {"uv": [8, 10, 10, 11], "texture": "#0"},
				"west": {"uv": [8, 10, 10, 11], "texture": "#0"},
				"up": {"uv": [7, 10, 9, 12], "texture": "#0"},
				"down": {"uv": [6, 12, 10, 16], "rotation": 90, "texture": "#0"}
			}
		},
		{
			"from": [5, 5, 5],
			"to": [11, 9, 11],
			"rotation": {"angle": 0, "axis": "y", "origin": [9.5, 5.5, 7.5]},
			"faces": {
				"north": {"uv": [4, 4, 11, 8], "texture": "#0"},
				"east": {"uv": [4, 4, 11, 8], "texture": "#0"},
				"south": {"uv": [4, 4, 11, 8], "texture": "#0"},
				"west": {"uv": [4, 4, 11, 8], "texture": "#0"},
				"up": {"uv": [3, 10, 9, 16], "rotation": 90, "texture": "#0"},
				"down": {"uv": [6, 12, 10, 16], "rotation": 90, "texture": "#0"}
			}
		},
		{
			"from": [5.5, 9, 5.5],
			"to": [10.5, 10, 10.5],
			"rotation": {"angle": 0, "axis": "y", "origin": [9.5, 9.5, 7.5]},
			"faces": {
				"north": {"uv": [5, 3, 10, 4], "texture": "#0"},
				"east": {"uv": [5, 3, 10, 4], "texture": "#0"},
				"south": {"uv": [5, 3, 10, 4], "texture": "#0"},
				"west": {"uv": [5, 3, 10, 4], "texture": "#0"},
				"up": {"uv": [5, 3, 10, 8], "rotation": 180, "texture": "#0"},
				"down": {"uv": [6, 12, 10, 16], "rotation": 90, "texture": "#0"}
			}
		},
		{
			"from": [6.5, 10, 6.5],
			"to": [9.5, 11, 9.5],
			"rotation": {"angle": 0, "axis": "y", "origin": [9.5, 10.5, 7.5]},
			"faces": {
				"north": {"uv": [6, 2, 9, 3], "texture": "#0"},
				"east": {"uv": [6, 2, 9, 3], "texture": "#0"},
				"south": {"uv": [6, 2, 9, 3], "texture": "#0"},
				"west": {"uv": [6, 2, 9, 3], "texture": "#0"},
				"up": {"uv": [6, 4, 9, 7], "rotation": 90, "texture": "#0"},
				"down": {"uv": [6, 12, 10, 16], "rotation": 90, "texture": "#0"}
			}
		},
		{
			"from": [7.5, 11, 7.5],
			"to": [8.5, 12, 8.5],
			"rotation": {"angle": 0, "axis": "y", "origin": [9.5, 11.5, 7.5]},
			"faces": {
				"north": {"uv": [7, 1, 8, 2], "rotation": 90, "texture": "#0"},
				"east": {"uv": [7, 1, 8, 2], "rotation": 90, "texture": "#0"},
				"south": {"uv": [7, 1, 8, 2], "rotation": 90, "texture": "#0"},
				"west": {"uv": [7, 1, 8, 2], "rotation": 90, "texture": "#0"},
				"up": {"uv": [7, 1, 8, 2], "rotation": 90, "texture": "#0"},
				"down": {"uv": [7, 1, 8, 2], "rotation": 90, "texture": "#0"}
			}
		},
		{
			"from": [1, 1, 6],
			"to": [5, 4, 9],
			"rotation": {"angle": 0, "axis": "y", "origin": [11, 9, 15]},
			"faces": {
				"north": {"uv": [10, 11, 14, 14], "texture": "#0"},
				"east": {"uv": [10, 11, 13, 14], "texture": "#0"},
				"south": {"uv": [10, 11, 14, 14], "texture": "#0"},
				"west": {"uv": [10, 11, 13, 14], "texture": "#0"},
				"up": {"uv": [10, 11, 14, 14], "texture": "#0"},
				"down": {"uv": [0, 0, 4, 3], "texture": "#0"}
			}
		},
		{
			"from": [2, 1, 3],
			"to": [6, 4, 6],
			"rotation": {"angle": -22.5, "axis": "y", "origin": [2.08333, 4.16667, 4.5]},
			"faces": {
				"north": {"uv": [10, 11, 14, 14], "texture": "#0"},
				"east": {"uv": [10, 11, 13, 14], "texture": "#0"},
				"south": {"uv": [10, 11, 14, 14], "texture": "#0"},
				"west": {"uv": [10, 11, 13, 14], "texture": "#0"},
				"up": {"uv": [10, 11, 14, 14], "texture": "#0"},
				"down": {"uv": [0, 0, 4, 3], "texture": "#0"}
			}
		},
		{
			"from": [5.58333, 0, 1.41667],
			"to": [8.58333, 3, 5.41667],
			"rotation": {"angle": 22.5, "axis": "y", "origin": [7.08333, 3.16667, 1.5]},
			"faces": {
				"north": {"uv": [10, 11, 13, 14], "texture": "#0"},
				"east": {"uv": [10, 11, 14, 14], "texture": "#0"},
				"south": {"uv": [10, 11, 13, 14], "texture": "#0"},
				"west": {"uv": [10, 11, 14, 14], "texture": "#0"},
				"up": {"uv": [10, 11, 14, 14], "rotation": 90, "texture": "#0"},
				"down": {"uv": [0, 0, 4, 3], "rotation": 270, "texture": "#0"}
			}
		},
		{
			"from": [9.58333, 0, 3.41667],
			"to": [12.58333, 3, 7.41667],
			"rotation": {"angle": -22.5, "axis": "y", "origin": [11.08333, 3.16667, 3.5]},
			"faces": {
				"north": {"uv": [10, 11, 13, 14], "texture": "#0"},
				"east": {"uv": [10, 11, 14, 14], "texture": "#0"},
				"south": {"uv": [10, 11, 13, 14], "texture": "#0"},
				"west": {"uv": [10, 11, 14, 14], "texture": "#0"},
				"up": {"uv": [10, 11, 14, 14], "rotation": 90, "texture": "#0"},
				"down": {"uv": [0, 0, 4, 3], "rotation": 270, "texture": "#0"}
			}
		},
		{
			"from": [10.16667, 0, 7],
			"to": [14.16667, 3, 10],
			"rotation": {"angle": -22.5, "axis": "z", "origin": [14.08333, 3.16667, 8.5]},
			"faces": {
				"north": {"uv": [10, 11, 14, 14], "texture": "#0"},
				"east": {"uv": [10, 11, 13, 14], "texture": "#0"},
				"south": {"uv": [10, 11, 14, 14], "texture": "#0"},
				"west": {"uv": [10, 11, 13, 14], "texture": "#0"},
				"up": {"uv": [10, 11, 14, 14], "rotation": 180, "texture": "#0"},
				"down": {"uv": [0, 0, 4, 3], "rotation": 180, "texture": "#0"}
			}
		},
		{
			"from": [8.58333, 1, 9.58333],
			"to": [11.58333, 4, 13.58333],
			"rotation": {"angle": -22.5, "axis": "x", "origin": [10.08333, 4.16667, 13.5]},
			"faces": {
				"north": {"uv": [10, 11, 13, 14], "texture": "#0"},
				"east": {"uv": [10, 11, 14, 14], "texture": "#0"},
				"south": {"uv": [10, 11, 13, 14], "texture": "#0"},
				"west": {"uv": [10, 11, 14, 14], "texture": "#0"},
				"up": {"uv": [10, 11, 14, 14], "rotation": 270, "texture": "#0"},
				"down": {"uv": [0, 0, 4, 3], "rotation": 90, "texture": "#0"}
			}
		},
		{
			"from": [3.58333, 1, 9.58333],
			"to": [6.58333, 4, 13.58333],
			"rotation": {"angle": 22.5, "axis": "z", "origin": [5.08333, 4.16667, 13.5]},
			"faces": {
				"north": {"uv": [10, 11, 13, 14], "texture": "#0"},
				"east": {"uv": [10, 11, 14, 14], "texture": "#0"},
				"south": {"uv": [10, 11, 13, 14], "texture": "#0"},
				"west": {"uv": [10, 11, 14, 14], "texture": "#0"},
				"up": {"uv": [10, 11, 14, 14], "rotation": 270, "texture": "#0"},
				"down": {"uv": [0, 0, 4, 3], "rotation": 90, "texture": "#0"}
			}
		},
		{
			"from": [-1, 4, 6.5],
			"to": [4, 5, 8.5],
			"rotation": {"angle": 0, "axis": "y", "origin": [8, 12, 15]},
			"faces": {
				"north": {"uv": [11, 10, 16, 11], "texture": "#0"},
				"east": {"uv": [12, 10, 14, 11], "texture": "#0"},
				"south": {"uv": [11, 10, 16, 11], "texture": "#0"},
				"west": {"uv": [12, 9, 14, 10], "texture": "#0"},
				"up": {"uv": [7, 11, 12, 13], "texture": "#0"},
				"down": {"uv": [0, 0, 4, 3], "texture": "#0"}
			}
		},
		{
			"from": [0, 4, 3.5],
			"to": [5, 5, 5.5],
			"rotation": {"angle": -22.5, "axis": "y", "origin": [2.08333, 4.16667, 4.5]},
			"faces": {
				"north": {"uv": [11, 10, 16, 11], "texture": "#0"},
				"east": {"uv": [12, 10, 14, 11], "texture": "#0"},
				"south": {"uv": [11, 10, 16, 11], "texture": "#0"},
				"west": {"uv": [12, 9, 14, 10], "texture": "#0"},
				"up": {"uv": [7, 11, 12, 13], "texture": "#0"},
				"down": {"uv": [0, 0, 4, 3], "texture": "#0"}
			}
		},
		{
			"from": [6.08333, 3, -0.58333],
			"to": [8.08333, 4, 4.41667],
			"rotation": {"angle": 22.5, "axis": "y", "origin": [7.08333, 3.16667, 1.5]},
			"faces": {
				"north": {"uv": [12, 9, 14, 10], "texture": "#0"},
				"east": {"uv": [11, 10, 16, 11], "texture": "#0"},
				"south": {"uv": [12, 10, 14, 11], "texture": "#0"},
				"west": {"uv": [11, 10, 16, 11], "texture": "#0"},
				"up": {"uv": [7, 11, 12, 13], "rotation": 90, "texture": "#0"},
				"down": {"uv": [0, 0, 4, 3], "rotation": 270, "texture": "#0"}
			}
		},
		{
			"from": [10.08333, 3, 1.41667],
			"to": [12.08333, 4, 6.41667],
			"rotation": {"angle": -22.5, "axis": "y", "origin": [11.08333, 3.16667, 3.5]},
			"faces": {
				"north": {"uv": [12, 9, 14, 10], "texture": "#0"},
				"east": {"uv": [11, 10, 16, 11], "texture": "#0"},
				"south": {"uv": [12, 10, 14, 11], "texture": "#0"},
				"west": {"uv": [11, 10, 16, 11], "texture": "#0"},
				"up": {"uv": [7, 11, 12, 13], "rotation": 90, "texture": "#0"},
				"down": {"uv": [0, 0, 4, 3], "rotation": 270, "texture": "#0"}
			}
		},
		{
			"from": [11.16667, 3, 7.5],
			"to": [16.16667, 4, 9.5],
			"rotation": {"angle": -22.5, "axis": "z", "origin": [14.08333, 3.16667, 8.5]},
			"faces": {
				"north": {"uv": [11, 10, 16, 11], "texture": "#0"},
				"east": {"uv": [12, 9, 14, 10], "texture": "#0"},
				"south": {"uv": [11, 10, 16, 11], "texture": "#0"},
				"west": {"uv": [12, 10, 14, 11], "texture": "#0"},
				"up": {"uv": [7, 11, 12, 13], "rotation": 180, "texture": "#0"},
				"down": {"uv": [0, 0, 4, 3], "rotation": 180, "texture": "#0"}
			}
		},
		{
			"from": [9.08333, 4, 10.58333],
			"to": [11.08333, 5, 15.58333],
			"rotation": {"angle": -22.5, "axis": "x", "origin": [10.08333, 4.16667, 13.5]},
			"faces": {
				"north": {"uv": [12, 10, 14, 11], "texture": "#0"},
				"east": {"uv": [11, 10, 16, 11], "texture": "#0"},
				"south": {"uv": [12, 9, 14, 10], "texture": "#0"},
				"west": {"uv": [11, 10, 16, 11], "texture": "#0"},
				"up": {"uv": [7, 11, 12, 13], "rotation": 270, "texture": "#0"},
				"down": {"uv": [0, 0, 4, 3], "rotation": 90, "texture": "#0"}
			}
		},
		{
			"from": [4.08333, 4, 10.58333],
			"to": [6.08333, 5, 15.58333],
			"rotation": {"angle": 22.5, "axis": "z", "origin": [5.08333, 4.16667, 13.5]},
			"faces": {
				"north": {"uv": [12, 10, 14, 11], "texture": "#0"},
				"east": {"uv": [11, 10, 16, 11], "texture": "#0"},
				"south": {"uv": [12, 9, 14, 10], "texture": "#0"},
				"west": {"uv": [11, 10, 16, 11], "texture": "#0"},
				"up": {"uv": [7, 11, 12, 13], "rotation": 270, "texture": "#0"},
				"down": {"uv": [0, 0, 4, 3], "rotation": 90, "texture": "#0"}
			}
		},
		{
			"from": [-1, 5, 7],
			"to": [3, 6, 8],
			"rotation": {"angle": 0, "axis": "y", "origin": [7, 13, 15]},
			"faces": {
				"north": {"uv": [12, 9, 16, 10], "texture": "#0"},
				"east": {"uv": [15, 9, 16, 10], "texture": "#0"},
				"south": {"uv": [12, 9, 16, 10], "texture": "#0"},
				"west": {"uv": [15, 9, 16, 10], "texture": "#0"},
				"up": {"uv": [10, 11, 14, 14], "texture": "#0"},
				"down": {"uv": [0, 0, 4, 3], "texture": "#0"}
			}
		},
		{
			"from": [0, 5, 4],
			"to": [4, 6, 5],
			"rotation": {"angle": -22.5, "axis": "y", "origin": [2.08333, 4.16667, 4.5]},
			"faces": {
				"north": {"uv": [12, 9, 16, 10], "texture": "#0"},
				"east": {"uv": [15, 9, 16, 10], "texture": "#0"},
				"south": {"uv": [12, 9, 16, 10], "texture": "#0"},
				"west": {"uv": [15, 9, 16, 10], "texture": "#0"},
				"up": {"uv": [10, 11, 14, 14], "texture": "#0"},
				"down": {"uv": [0, 0, 4, 3], "texture": "#0"}
			}
		},
		{
			"from": [6.58333, 4, -0.58333],
			"to": [7.58333, 5, 3.41667],
			"rotation": {"angle": 22.5, "axis": "y", "origin": [7.08333, 3.16667, 1.5]},
			"faces": {
				"north": {"uv": [15, 9, 16, 10], "texture": "#0"},
				"east": {"uv": [12, 9, 16, 10], "texture": "#0"},
				"south": {"uv": [15, 9, 16, 10], "texture": "#0"},
				"west": {"uv": [12, 9, 16, 10], "texture": "#0"},
				"up": {"uv": [10, 11, 14, 14], "rotation": 90, "texture": "#0"},
				"down": {"uv": [0, 0, 4, 3], "rotation": 270, "texture": "#0"}
			}
		},
		{
			"from": [10.58333, 4, 1.41667],
			"to": [11.58333, 5, 5.41667],
			"rotation": {"angle": -22.5, "axis": "y", "origin": [11.08333, 3.16667, 3.5]},
			"faces": {
				"north": {"uv": [15, 9, 16, 10], "texture": "#0"},
				"east": {"uv": [12, 9, 16, 10], "texture": "#0"},
				"south": {"uv": [15, 9, 16, 10], "texture": "#0"},
				"west": {"uv": [12, 9, 16, 10], "texture": "#0"},
				"up": {"uv": [10, 11, 14, 14], "rotation": 90, "texture": "#0"},
				"down": {"uv": [0, 0, 4, 3], "rotation": 270, "texture": "#0"}
			}
		},
		{
			"from": [12.16667, 4, 8],
			"to": [16.16667, 5, 9],
			"rotation": {"angle": -22.5, "axis": "z", "origin": [14.08333, 3.16667, 8.5]},
			"faces": {
				"north": {"uv": [12, 9, 16, 10], "texture": "#0"},
				"east": {"uv": [15, 9, 16, 10], "texture": "#0"},
				"south": {"uv": [12, 9, 16, 10], "texture": "#0"},
				"west": {"uv": [15, 9, 16, 10], "texture": "#0"},
				"up": {"uv": [10, 11, 14, 14], "rotation": 180, "texture": "#0"},
				"down": {"uv": [0, 0, 4, 3], "rotation": 180, "texture": "#0"}
			}
		},
		{
			"from": [9.58333, 5, 11.58333],
			"to": [10.58333, 6, 15.58333],
			"rotation": {"angle": -22.5, "axis": "x", "origin": [10.08333, 4.16667, 13.5]},
			"faces": {
				"north": {"uv": [15, 9, 16, 10], "texture": "#0"},
				"east": {"uv": [12, 9, 16, 10], "texture": "#0"},
				"south": {"uv": [15, 9, 16, 10], "texture": "#0"},
				"west": {"uv": [12, 9, 16, 10], "texture": "#0"},
				"up": {"uv": [10, 11, 14, 14], "rotation": 270, "texture": "#0"},
				"down": {"uv": [0, 0, 4, 3], "rotation": 90, "texture": "#0"}
			}
		},
		{
			"from": [4.58333, 5, 11.58333],
			"to": [5.58333, 6, 15.58333],
			"rotation": {"angle": 22.5, "axis": "z", "origin": [5.08333, 4.16667, 13.5]},
			"faces": {
				"north": {"uv": [15, 9, 16, 10], "texture": "#0"},
				"east": {"uv": [12, 9, 16, 10], "texture": "#0"},
				"south": {"uv": [15, 9, 16, 10], "texture": "#0"},
				"west": {"uv": [12, 9, 16, 10], "texture": "#0"},
				"up": {"uv": [10, 11, 14, 14], "rotation": 270, "texture": "#0"},
				"down": {"uv": [0, 0, 4, 3], "rotation": 90, "texture": "#0"}
			}
		},
		{
			"from": [-1, 6, 7],
			"to": [2, 7, 8],
			"rotation": {"angle": 0, "axis": "y", "origin": [7, 14, 16]},
			"faces": {
				"north": {"uv": [13, 8, 16, 9], "texture": "#0"},
				"east": {"uv": [13, 8, 14, 9], "texture": "#0"},
				"south": {"uv": [13, 8, 16, 9], "texture": "#0"},
				"west": {"uv": [15, 8, 16, 9], "texture": "#0"},
				"up": {"uv": [13, 8, 16, 9], "texture": "#0"},
				"down": {"uv": [0, 0, 4, 3], "texture": "#0"}
			}
		},
		{
			"from": [0, 6, 4],
			"to": [3, 7, 5],
			"rotation": {"angle": -22.5, "axis": "y", "origin": [2.08333, 4.16667, 4.5]},
			"faces": {
				"north": {"uv": [13, 8, 16, 9], "texture": "#0"},
				"east": {"uv": [13, 8, 14, 9], "texture": "#0"},
				"south": {"uv": [13, 8, 16, 9], "texture": "#0"},
				"west": {"uv": [15, 8, 16, 9], "texture": "#0"},
				"up": {"uv": [13, 8, 16, 9], "texture": "#0"},
				"down": {"uv": [0, 0, 4, 3], "texture": "#0"}
			}
		},
		{
			"from": [6.58333, 5, -0.58333],
			"to": [7.58333, 6, 2.41667],
			"rotation": {"angle": 22.5, "axis": "y", "origin": [7.08333, 3.16667, 1.5]},
			"faces": {
				"north": {"uv": [15, 8, 16, 9], "texture": "#0"},
				"east": {"uv": [13, 8, 16, 9], "texture": "#0"},
				"south": {"uv": [13, 8, 14, 9], "texture": "#0"},
				"west": {"uv": [13, 8, 16, 9], "texture": "#0"},
				"up": {"uv": [13, 8, 16, 9], "rotation": 90, "texture": "#0"},
				"down": {"uv": [0, 0, 4, 3], "rotation": 270, "texture": "#0"}
			}
		},
		{
			"from": [10.58333, 5, 1.41667],
			"to": [11.58333, 6, 4.41667],
			"rotation": {"angle": -22.5, "axis": "y", "origin": [11.08333, 3.16667, 3.5]},
			"faces": {
				"north": {"uv": [15, 8, 16, 9], "texture": "#0"},
				"east": {"uv": [13, 8, 16, 9], "texture": "#0"},
				"south": {"uv": [13, 8, 14, 9], "texture": "#0"},
				"west": {"uv": [13, 8, 16, 9], "texture": "#0"},
				"up": {"uv": [13, 8, 16, 9], "rotation": 90, "texture": "#0"},
				"down": {"uv": [0, 0, 4, 3], "rotation": 270, "texture": "#0"}
			}
		},
		{
			"from": [13.16667, 5, 8],
			"to": [16.16667, 6, 9],
			"rotation": {"angle": -22.5, "axis": "z", "origin": [14.08333, 3.16667, 8.5]},
			"faces": {
				"north": {"uv": [13, 8, 16, 9], "texture": "#0"},
				"east": {"uv": [15, 8, 16, 9], "texture": "#0"},
				"south": {"uv": [13, 8, 16, 9], "texture": "#0"},
				"west": {"uv": [13, 8, 14, 9], "texture": "#0"},
				"up": {"uv": [13, 8, 16, 9], "rotation": 180, "texture": "#0"},
				"down": {"uv": [0, 0, 4, 3], "rotation": 180, "texture": "#0"}
			}
		},
		{
			"from": [9.58333, 6, 12.58333],
			"to": [10.58333, 7, 15.58333],
			"rotation": {"angle": -22.5, "axis": "x", "origin": [10.08333, 4.16667, 13.5]},
			"faces": {
				"north": {"uv": [13, 8, 14, 9], "texture": "#0"},
				"east": {"uv": [13, 8, 16, 9], "texture": "#0"},
				"south": {"uv": [15, 8, 16, 9], "texture": "#0"},
				"west": {"uv": [13, 8, 16, 9], "texture": "#0"},
				"up": {"uv": [13, 8, 16, 9], "rotation": 270, "texture": "#0"},
				"down": {"uv": [0, 0, 4, 3], "rotation": 90, "texture": "#0"}
			}
		},
		{
			"from": [4.58333, 6, 12.58333],
			"to": [5.58333, 7, 15.58333],
			"rotation": {"angle": 22.5, "axis": "z", "origin": [5.08333, 4.16667, 13.5]},
			"faces": {
				"north": {"uv": [13, 8, 14, 9], "texture": "#0"},
				"east": {"uv": [13, 8, 16, 9], "texture": "#0"},
				"south": {"uv": [15, 8, 16, 9], "texture": "#0"},
				"west": {"uv": [13, 8, 16, 9], "texture": "#0"},
				"up": {"uv": [13, 8, 16, 9], "rotation": 270, "texture": "#0"},
				"down": {"uv": [0, 0, 4, 3], "rotation": 90, "texture": "#0"}
			}
		},
		{
			"from": [-1, 3, 6.5],
			"to": [1, 4, 8.5],
			"rotation": {"angle": 0, "axis": "y", "origin": [8, 11, 15]},
			"faces": {
				"north": {"uv": [13, 12, 15, 13], "texture": "#0"},
				"east": {"uv": [13, 12, 15, 13], "texture": "#0"},
				"south": {"uv": [13, 12, 15, 13], "texture": "#0"},
				"west": {"uv": [13, 12, 15, 13], "texture": "#0"},
				"up": {"uv": [13, 12, 15, 13], "texture": "#0"},
				"down": {"uv": [13, 11, 15, 13], "texture": "#0"}
			}
		},
		{
			"from": [0, 3, 3.5],
			"to": [2, 4, 5.5],
			"rotation": {"angle": -22.5, "axis": "y", "origin": [2.08333, 4.16667, 4.5]},
			"faces": {
				"north": {"uv": [13, 12, 15, 13], "texture": "#0"},
				"east": {"uv": [13, 12, 15, 13], "texture": "#0"},
				"south": {"uv": [13, 12, 15, 13], "texture": "#0"},
				"west": {"uv": [13, 12, 15, 13], "texture": "#0"},
				"up": {"uv": [13, 12, 15, 13], "texture": "#0"},
				"down": {"uv": [13, 11, 15, 13], "texture": "#0"}
			}
		},
		{
			"from": [6.08333, 2, -0.58333],
			"to": [8.08333, 3, 1.41667],
			"rotation": {"angle": 22.5, "axis": "y", "origin": [7.08333, 3.16667, 1.5]},
			"faces": {
				"north": {"uv": [13, 12, 15, 13], "texture": "#0"},
				"east": {"uv": [13, 12, 15, 13], "texture": "#0"},
				"south": {"uv": [13, 12, 15, 13], "texture": "#0"},
				"west": {"uv": [13, 12, 15, 13], "texture": "#0"},
				"up": {"uv": [13, 12, 15, 13], "rotation": 90, "texture": "#0"},
				"down": {"uv": [13, 11, 15, 13], "rotation": 270, "texture": "#0"}
			}
		},
		{
			"from": [10.08333, 2, 1.41667],
			"to": [12.08333, 3, 3.41667],
			"rotation": {"angle": -22.5, "axis": "y", "origin": [11.08333, 3.16667, 3.5]},
			"faces": {
				"north": {"uv": [13, 12, 15, 13], "texture": "#0"},
				"east": {"uv": [13, 12, 15, 13], "texture": "#0"},
				"south": {"uv": [13, 12, 15, 13], "texture": "#0"},
				"west": {"uv": [13, 12, 15, 13], "texture": "#0"},
				"up": {"uv": [13, 12, 15, 13], "rotation": 90, "texture": "#0"},
				"down": {"uv": [13, 11, 15, 13], "rotation": 270, "texture": "#0"}
			}
		},
		{
			"from": [14.16667, 2, 7.5],
			"to": [16.16667, 3, 9.5],
			"rotation": {"angle": -22.5, "axis": "z", "origin": [14.08333, 3.16667, 8.5]},
			"faces": {
				"north": {"uv": [13, 12, 15, 13], "texture": "#0"},
				"east": {"uv": [13, 12, 15, 13], "texture": "#0"},
				"south": {"uv": [13, 12, 15, 13], "texture": "#0"},
				"west": {"uv": [13, 12, 15, 13], "texture": "#0"},
				"up": {"uv": [13, 12, 15, 13], "rotation": 180, "texture": "#0"},
				"down": {"uv": [13, 11, 15, 13], "rotation": 180, "texture": "#0"}
			}
		},
		{
			"from": [9.08333, 3, 13.58333],
			"to": [11.08333, 4, 15.58333],
			"rotation": {"angle": -22.5, "axis": "x", "origin": [10.08333, 4.16667, 13.5]},
			"faces": {
				"north": {"uv": [13, 12, 15, 13], "texture": "#0"},
				"east": {"uv": [13, 12, 15, 13], "texture": "#0"},
				"south": {"uv": [13, 12, 15, 13], "texture": "#0"},
				"west": {"uv": [13, 12, 15, 13], "texture": "#0"},
				"up": {"uv": [13, 12, 15, 13], "rotation": 270, "texture": "#0"},
				"down": {"uv": [13, 11, 15, 13], "rotation": 90, "texture": "#0"}
			}
		},
		{
			"from": [4.08333, 3, 13.58333],
			"to": [6.08333, 4, 15.58333],
			"rotation": {"angle": 22.5, "axis": "z", "origin": [5.08333, 4.16667, 13.5]},
			"faces": {
				"north": {"uv": [13, 12, 15, 13], "texture": "#0"},
				"east": {"uv": [13, 12, 15, 13], "texture": "#0"},
				"south": {"uv": [13, 12, 15, 13], "texture": "#0"},
				"west": {"uv": [13, 12, 15, 13], "texture": "#0"},
				"up": {"uv": [13, 12, 15, 13], "rotation": 270, "texture": "#0"},
				"down": {"uv": [13, 11, 15, 13], "rotation": 90, "texture": "#0"}
			}
		},
		{
			"from": [0, 2, 6.5],
			"to": [1, 3, 8.5],
			"rotation": {"angle": 0, "axis": "y", "origin": [8, 10, 15]},
			"faces": {
				"north": {"uv": [14, 12, 15, 13], "texture": "#0"},
				"east": {"uv": [14, 12, 15, 13], "texture": "#0"},
				"south": {"uv": [14, 12, 15, 13], "texture": "#0"},
				"west": {"uv": [14, 12, 15, 13], "texture": "#0"},
				"up": {"uv": [14, 12, 15, 13], "texture": "#0"},
				"down": {"uv": [14, 12, 15, 13], "texture": "#0"}
			}
		},
		{
			"from": [1, 2, 3.5],
			"to": [2, 3, 5.5],
			"rotation": {"angle": -22.5, "axis": "y", "origin": [2.08333, 4.16667, 4.5]},
			"faces": {
				"north": {"uv": [14, 12, 15, 13], "texture": "#0"},
				"east": {"uv": [14, 12, 15, 13], "texture": "#0"},
				"south": {"uv": [14, 12, 15, 13], "texture": "#0"},
				"west": {"uv": [14, 12, 15, 13], "texture": "#0"},
				"up": {"uv": [14, 12, 15, 13], "texture": "#0"},
				"down": {"uv": [14, 12, 15, 13], "texture": "#0"}
			}
		},
		{
			"from": [6.08333, 1, 0.41667],
			"to": [8.08333, 2, 1.41667],
			"rotation": {"angle": 22.5, "axis": "y", "origin": [7.08333, 3.16667, 1.5]},
			"faces": {
				"north": {"uv": [14, 12, 15, 13], "texture": "#0"},
				"east": {"uv": [14, 12, 15, 13], "texture": "#0"},
				"south": {"uv": [14, 12, 15, 13], "texture": "#0"},
				"west": {"uv": [14, 12, 15, 13], "texture": "#0"},
				"up": {"uv": [14, 12, 15, 13], "rotation": 90, "texture": "#0"},
				"down": {"uv": [14, 12, 15, 13], "rotation": 270, "texture": "#0"}
			}
		},
		{
			"from": [10.08333, 1, 2.41667],
			"to": [12.08333, 2, 3.41667],
			"rotation": {"angle": -22.5, "axis": "y", "origin": [11.08333, 3.16667, 3.5]},
			"faces": {
				"north": {"uv": [14, 12, 15, 13], "texture": "#0"},
				"east": {"uv": [14, 12, 15, 13], "texture": "#0"},
				"south": {"uv": [14, 12, 15, 13], "texture": "#0"},
				"west": {"uv": [14, 12, 15, 13], "texture": "#0"},
				"up": {"uv": [14, 12, 15, 13], "rotation": 90, "texture": "#0"},
				"down": {"uv": [14, 12, 15, 13], "rotation": 270, "texture": "#0"}
			}
		},
		{
			"from": [14.16667, 1, 7.5],
			"to": [15.16667, 2, 9.5],
			"rotation": {"angle": -22.5, "axis": "z", "origin": [14.08333, 3.16667, 8.5]},
			"faces": {
				"north": {"uv": [14, 12, 15, 13], "texture": "#0"},
				"east": {"uv": [14, 12, 15, 13], "texture": "#0"},
				"south": {"uv": [14, 12, 15, 13], "texture": "#0"},
				"west": {"uv": [14, 12, 15, 13], "texture": "#0"},
				"up": {"uv": [14, 12, 15, 13], "rotation": 180, "texture": "#0"},
				"down": {"uv": [14, 12, 15, 13], "rotation": 180, "texture": "#0"}
			}
		},
		{
			"from": [9.08333, 2, 13.58333],
			"to": [11.08333, 3, 14.58333],
			"rotation": {"angle": -22.5, "axis": "x", "origin": [10.08333, 4.16667, 13.5]},
			"faces": {
				"north": {"uv": [14, 12, 15, 13], "texture": "#0"},
				"east": {"uv": [14, 12, 15, 13], "texture": "#0"},
				"south": {"uv": [14, 12, 15, 13], "texture": "#0"},
				"west": {"uv": [14, 12, 15, 13], "texture": "#0"},
				"up": {"uv": [14, 12, 15, 13], "rotation": 270, "texture": "#0"},
				"down": {"uv": [14, 12, 15, 13], "rotation": 90, "texture": "#0"}
			}
		},
		{
			"from": [4.08333, 2, 13.58333],
			"to": [6.08333, 3, 14.58333],
			"rotation": {"angle": 22.5, "axis": "z", "origin": [5.08333, 4.16667, 13.5]},
			"faces": {
				"north": {"uv": [14, 12, 15, 13], "texture": "#0"},
				"east": {"uv": [14, 12, 15, 13], "texture": "#0"},
				"south": {"uv": [14, 12, 15, 13], "texture": "#0"},
				"west": {"uv": [14, 12, 15, 13], "texture": "#0"},
				"up": {"uv": [14, 12, 15, 13], "rotation": 270, "texture": "#0"},
				"down": {"uv": [14, 12, 15, 13], "rotation": 90, "texture": "#0"}
			}
		}
	],
	"display": {
		"thirdperson_righthand": {
			"translation": [0, 3.75, 1],
			"scale": [0.5, 0.5, 0.5]
		},
		"thirdperson_lefthand": {
			"translation": [0, 3.75, 1],
			"scale": [0.5, 0.5, 0.5]
		},
		"firstperson_righthand": {
			"rotation": [9, 34, 17],
			"translation": [0, 3.75, 0],
			"scale": [0.74, 0.74, 0.74]
		},
		"firstperson_lefthand": {
			"rotation": [9, 34, 17],
			"translation": [0, 3.75, 0],
			"scale": [0.74, 0.74, 0.74]
		},
		"ground": {
			"translation": [0, 2.75, 0],
			"scale": [0.73, 0.73, 0.73]
		},
		"gui": {
			"rotation": [23, -40, 0],
			"translation": [0, 2.25, 0],
			"scale": [0.85, 0.85, 0.85]
		},
		"head": {
			"translation": [0.25, 14, 0]
		},
		"fixed": {
			"rotation": [-90, 0, 0],
			"translation": [0, 0, -6.75]
		}
	}
}