{
	"credit": "Made by awildthomas",
	"textures": {
		"0": "block/ancient_debris_side",
		"1": "block/ancient_debris_top",
		"particle": "block/ancient_debris_side"
	},
	"elements": [
		{
			"name": "base",
			"from": [0, 0, 0],
			"to": [16, 16, 16],
			"faces": {
				"north": {"uv": [0, 0, 16, 16], "texture": "#0", "cullface": "north"},
				"east": {"uv": [0, 0, 16, 16], "texture": "#0", "cullface": "east"},
				"south": {"uv": [0, 0, 16, 16], "texture": "#0", "cullface": "south"},
				"west": {"uv": [0, 0, 16, 16], "texture": "#0", "cullface": "west"},
				"up": {"uv": [0, 0, 16, 16], "texture": "#1", "cullface": "up"},
				"down": {"uv": [0, 0, 16, 16], "texture": "#1", "cullface": "down"}
			}
		},
		{
			"from": [2, 1, -0.2],
			"to": [7, 8, 0],
			"rotation": {"angle": 0, "axis": "y", "origin": [10, 9, 7]},
			"faces": {
				"north": {"uv": [9, 8, 14, 15], "texture": "#0", "cullface": "north"},
				"east": {"uv": [9.032, 8.032, 9.232, 15.032], "texture": "#0", "cullface": "north"},
				"up": {"uv": [9.032, 8.032, 14.032, 8.232], "texture": "#0", "cullface": "north"}
			}
		},
		{
			"from": [0, 4, -0.2],
			"to": [2, 8, 0],
			"rotation": {"angle": 0, "axis": "y", "origin": [8, 9, 7]},
			"faces": {
				"north": {"uv": [14, 8, 16, 12], "texture": "#0", "cullface": "north"},
				"west": {"uv": [14.032, 8.032, 14.232, 12.032], "texture": "#0", "cullface": "north"}
			}
		},
		{
			"from": [0, 0, -0.5],
			"to": [2, 4, 0],
			"faces": {
				"north": {"uv": [14, 12, 16, 16], "texture": "#0", "cullface": "north"},
				"east": {"uv": [14.032, 12.032, 14.532, 16.032], "texture": "#0", "cullface": "north"},
				"west": {"uv": [14.032, 12.032, 14.532, 16.032], "texture": "#0", "cullface": "north"},
				"up": {"uv": [14.032, 12.032, 16.032, 12.532], "texture": "#0", "cullface": "north"},
				"down": {"uv": [14.032, 12.032, 16.032, 12.532], "texture": "#0", "cullface": "north"}
			}
		},
		{
			"from": [13, 0, -0.7],
			"to": [16, 3, 0],
			"rotation": {"angle": 0, "axis": "y", "origin": [22, 8, 8]},
			"faces": {
				"north": {"uv": [0, 13, 3, 16], "texture": "#0", "cullface": "north"},
				"east": {"uv": [0.032, 13.032, 0.732, 16.032], "texture": "#0", "cullface": "north"},
				"west": {"uv": [0.032, 13.032, 0.732, 16.032], "texture": "#0", "cullface": "north"},
				"up": {"uv": [0.032, 13.032, 3.032, 13.732], "texture": "#0", "cullface": "north"},
				"down": {"uv": [0.032, 13.032, 3.032, 13.732], "texture": "#0", "cullface": "north"}
			}
		},
		{
			"from": [12, 0, -0.7],
			"to": [13, 2, 0],
			"rotation": {"angle": 0, "axis": "y", "origin": [21, 8, 8]},
			"faces": {
				"north": {"uv": [3, 14, 4, 16], "texture": "#0", "cullface": "north"},
				"west": {"uv": [3.032, 14.032, 3.732, 16.032], "texture": "#0", "cullface": "north"},
				"up": {"uv": [3.032, 14.032, 4.032, 14.732], "texture": "#0", "cullface": "north"},
				"down": {"uv": [3.032, 14.032, 4.032, 14.732], "texture": "#0", "cullface": "north"}
			}
		},
		{
			"from": [2, 0, -0.5],
			"to": [3, 1, 0],
			"rotation": {"angle": 0, "axis": "y", "origin": [9, 8, 8]},
			"faces": {
				"north": {"uv": [13, 15, 14, 16], "texture": "#0", "cullface": "north"},
				"east": {"uv": [13.032, 15.032, 13.532, 16.032], "texture": "#0", "cullface": "north"},
				"up": {"uv": [13.032, 15.032, 14.032, 15.532], "texture": "#0", "cullface": "north"},
				"down": {"uv": [13.032, 15.032, 14.032, 15.532], "texture": "#0", "cullface": "north"}
			}
		},
		{
			"from": [3, 0, -0.3],
			"to": [8, 1, 0],
			"rotation": {"angle": 0, "axis": "y", "origin": [10, 8, 8]},
			"faces": {
				"north": {"uv": [8, 15, 13, 16], "texture": "#0", "cullface": "north"},
				"east": {"uv": [8.032, 15.032, 8.332, 16.032], "texture": "#0", "cullface": "north"},
				"up": {"uv": [8.032, 15.032, 13.032, 15.332], "texture": "#0", "cullface": "north"},
				"down": {"uv": [8.032, 15.032, 13.032, 15.332], "texture": "#0", "cullface": "north"}
			}
		},
		{
			"from": [9, 0, -0.4],
			"to": [12, 5, 0],
			"rotation": {"angle": 0, "axis": "y", "origin": [18, 8, 8]},
			"faces": {
				"north": {"uv": [4, 11, 7, 16], "texture": "#0", "cullface": "north"},
				"west": {"uv": [4.032, 11.032, 4.432, 16.032], "texture": "#0", "cullface": "north"},
				"down": {"uv": [4.032, 11.032, 7.032, 11.432], "texture": "#0", "cullface": "north"}
			}
		},
		{
			"from": [11, 2, -0.4],
			"to": [13, 6, 0],
			"rotation": {"angle": 0, "axis": "y", "origin": [19, 9, 8]},
			"faces": {
				"north": {"uv": [3, 10, 5, 14], "texture": "#0", "cullface": "north"},
				"east": {"uv": [3.032, 10.032, 3.432, 14.032], "texture": "#0", "cullface": "north"}
			}
		},
		{
			"from": [13, 4, -0.4],
			"to": [14, 6, 0],
			"rotation": {"angle": 0, "axis": "y", "origin": [20, 9, 8]},
			"faces": {
				"north": {"uv": [2, 10, 3, 12], "texture": "#0", "cullface": "north"},
				"east": {"uv": [2.032, 10.032, 2.432, 12.032], "texture": "#0", "cullface": "north"},
				"up": {"uv": [2.032, 10.032, 3.032, 10.432], "texture": "#0", "cullface": "north"},
				"down": {"uv": [2.032, 10.032, 3.032, 10.432], "texture": "#0", "cullface": "north"}
			}
		},
		{
			"from": [8, 1, -0.4],
			"to": [9, 5, 0],
			"rotation": {"angle": 0, "axis": "y", "origin": [17, 8, 8]},
			"faces": {
				"north": {"uv": [7, 11, 8, 15], "texture": "#0", "cullface": "north"},
				"west": {"uv": [7.032, 11.032, 7.432, 15.032], "texture": "#0", "cullface": "north"},
				"down": {"uv": [7.032, 11.032, 8.032, 11.432], "texture": "#0", "cullface": "north"}
			}
		},
		{
			"from": [8, 5, -0.5],
			"to": [11, 11, 0],
			"rotation": {"angle": 0, "axis": "y", "origin": [16, 13, 8]},
			"faces": {
				"north": {"uv": [5, 5, 8, 11], "texture": "#0", "cullface": "north"},
				"east": {"uv": [5.032, 5.032, 5.532, 11.032], "texture": "#0", "cullface": "north"},
				"west": {"uv": [5.032, 5.032, 5.532, 11.032], "texture": "#0", "cullface": "north"},
				"up": {"uv": [5.032, 5.032, 8.032, 5.532], "texture": "#0", "cullface": "north"},
				"down": {"uv": [5.032, 5.032, 8.032, 5.532], "texture": "#0", "cullface": "north"}
			}
		},
		{
			"from": [11, 6, -0.5],
			"to": [13, 10, 0],
			"rotation": {"angle": 0, "axis": "y", "origin": [18, 13, 8]},
			"faces": {
				"north": {"uv": [3, 6, 5, 10], "texture": "#0", "cullface": "north"},
				"east": {"uv": [3.032, 6.032, 3.532, 10.032], "texture": "#0", "cullface": "north"},
				"down": {"uv": [3.032, 6.032, 5.032, 6.532], "texture": "#0", "cullface": "north"}
			}
		},
		{
			"from": [6, 6, -0.5],
			"to": [8, 10, 0],
			"rotation": {"angle": 0, "axis": "y", "origin": [13, 13, 8]},
			"faces": {
				"north": {"uv": [8, 6, 10, 10], "texture": "#0", "cullface": "north"},
				"west": {"uv": [8.032, 6.032, 8.532, 10.032], "texture": "#0", "cullface": "north"},
				"up": {"uv": [8.032, 6.032, 10.032, 6.532], "texture": "#0", "cullface": "north"},
				"down": {"uv": [8.032, 6.032, 10.032, 6.532], "texture": "#0", "cullface": "north"}
			}
		},
		{
			"from": [0, 8, -0.5],
			"to": [5, 13, 0],
			"rotation": {"angle": 0, "axis": "y", "origin": [8, 16, 8]},
			"faces": {
				"north": {"uv": [11, 3, 16, 8], "texture": "#0", "cullface": "north"},
				"east": {"uv": [11.032, 3.032, 11.532, 8.032], "texture": "#0", "cullface": "north"},
				"west": {"uv": [11.032, 3.032, 11.532, 8.032], "texture": "#0", "cullface": "north"},
				"up": {"uv": [11.032, 3.032, 16.032, 3.532], "texture": "#0", "cullface": "north"},
				"down": {"uv": [11.032, 3.032, 16.032, 3.532], "texture": "#0", "cullface": "north"}
			}
		},
		{
			"from": [7, 12, -0.7],
			"to": [9, 14, 0],
			"rotation": {"angle": 0, "axis": "y", "origin": [15, 17, 8]},
			"faces": {
				"north": {"uv": [7, 2, 9, 4], "texture": "#0", "cullface": "north"},
				"east": {"uv": [3.032, 2.032, 3.732, 4.032], "texture": "#0", "cullface": "north"},
				"west": {"uv": [3.032, 2.032, 3.732, 4.032], "texture": "#0", "cullface": "north"},
				"up": {"uv": [3.032, 2.032, 5.032, 2.732], "texture": "#0", "cullface": "north"},
				"down": {"uv": [3.032, 2.032, 5.032, 2.732], "texture": "#0", "cullface": "north"}
			}
		},
		{
			"from": [3, 13, -0.3],
			"to": [8, 16, 0],
			"rotation": {"angle": 0, "axis": "y", "origin": [11, 18, 8]},
			"faces": {
				"north": {"uv": [8, 0, 13, 3], "texture": "#0", "cullface": "north"},
				"east": {"uv": [8.032, 0.032, 8.332, 3.032], "texture": "#0", "cullface": "north"},
				"west": {"uv": [8.032, 0.032, 8.332, 3.032], "texture": "#0", "cullface": "north"},
				"up": {"uv": [8.032, 0.032, 13.032, 0.332], "texture": "#0", "cullface": "north"},
				"down": {"uv": [8.032, 0.032, 13.032, 0.332], "texture": "#0", "cullface": "north"}
			}
		},
		{
			"from": [13, 13, -0.3],
			"to": [16, 16, 0],
			"rotation": {"angle": 0, "axis": "y", "origin": [19, 18, 8]},
			"faces": {
				"north": {"uv": [0, 0, 3, 3], "texture": "#0", "cullface": "north"},
				"east": {"uv": [0.032, 0.032, 0.332, 3.032], "texture": "#0", "cullface": "north"},
				"west": {"uv": [0.032, 0.032, 0.332, 3.032], "texture": "#0", "cullface": "north"},
				"up": {"uv": [0.032, 0.032, 3.032, 0.332], "texture": "#0", "cullface": "north"},
				"down": {"uv": [0.032, 0.032, 3.032, 0.332], "texture": "#0", "cullface": "north"}
			}
		},
		{
			"from": [0, 13, -0.3],
			"to": [2, 16, 0],
			"rotation": {"angle": 0, "axis": "y", "origin": [8, 18, 8]},
			"faces": {
				"north": {"uv": [14, 0, 16, 3], "texture": "#0", "cullface": "north"},
				"east": {"uv": [14.032, 0.032, 14.332, 3.032], "texture": "#0", "cullface": "north"},
				"west": {"uv": [14.032, 0.032, 14.332, 3.032], "texture": "#0", "cullface": "north"},
				"up": {"uv": [14.032, 0.032, 16.032, 0.332], "texture": "#0", "cullface": "north"}
			}
		},
		{
			"from": [2, 13, -0.3],
			"to": [3, 15, 0],
			"rotation": {"angle": 0, "axis": "y", "origin": [9, 18, 8]},
			"faces": {
				"north": {"uv": [13, 1, 14, 3], "texture": "#0", "cullface": "north"},
				"up": {"uv": [13.032, 1.032, 14.032, 1.332], "texture": "#0", "cullface": "north"}
			}
		},
		{
			"from": [9, 13, -0.7],
			"to": [13, 15, 0],
			"rotation": {"angle": 0, "axis": "y", "origin": [15, 18, 8]},
			"faces": {
				"north": {"uv": [3, 1, 7, 3], "texture": "#0", "cullface": "north"},
				"east": {"uv": [3.032, 1.032, 3.732, 3.032], "texture": "#0", "cullface": "north"},
				"west": {"uv": [3.032, 1.032, 3.732, 3.032], "texture": "#0", "cullface": "north"},
				"up": {"uv": [3.032, 1.032, 7.032, 1.732], "texture": "#0", "cullface": "north"}
			}
		},
		{
			"from": [9, 11, -0.7],
			"to": [15, 13, 0],
			"rotation": {"angle": 0, "axis": "y", "origin": [17, 16, 8]},
			"faces": {
				"north": {"uv": [1, 3, 7, 5], "texture": "#0", "cullface": "north"},
				"east": {"uv": [1.032, 3.032, 1.732, 5.032], "texture": "#0", "cullface": "north"},
				"west": {"uv": [1.032, 3.032, 1.732, 5.032], "texture": "#0", "cullface": "north"},
				"up": {"uv": [1.032, 3.032, 7.032, 3.732], "texture": "#0", "cullface": "north"},
				"down": {"uv": [1.032, 3.032, 7.032, 3.732], "texture": "#0", "cullface": "north"}
			}
		},
		{
			"from": [12, 10, -0.7],
			"to": [15, 11, 0],
			"rotation": {"angle": 0, "axis": "y", "origin": [17, 15, 8]},
			"faces": {
				"north": {"uv": [1, 5, 4, 6], "texture": "#0", "cullface": "north"},
				"east": {"uv": [1.032, 5.032, 1.732, 6.032], "texture": "#0", "cullface": "north"},
				"west": {"uv": [1.032, 5.032, 1.732, 6.032], "texture": "#0", "cullface": "north"},
				"down": {"uv": [1.032, 5.032, 4.032, 5.732], "texture": "#0", "cullface": "north"}
			}
		},
		{
			"from": [5, 9, -0.5],
			"to": [6, 12, 0],
			"rotation": {"angle": 0, "axis": "y", "origin": [9, 16, 8]},
			"faces": {
				"north": {"uv": [10, 4, 11, 7], "texture": "#0", "cullface": "north"},
				"east": {"uv": [10.032, 4.032, 10.532, 7.032], "texture": "#0", "cullface": "north"},
				"up": {"uv": [10.032, 4.032, 11.032, 4.532], "texture": "#0", "cullface": "north"},
				"down": {"uv": [10.032, 4.032, 11.032, 4.532], "texture": "#0", "cullface": "north"}
			}
		},
		{
			"from": [-0.2, 1, 9],
			"to": [0, 8, 14],
			"rotation": {"angle": 0, "axis": "y", "origin": [7.75, 7.5, -0.225]},
			"faces": {
				"north": {"uv": [9.032, 8.032, 9.232, 15.032], "texture": "#0", "cullface": "west"},
				"west": {"uv": [9, 8, 14, 15], "texture": "#0", "cullface": "west"},
				"up": {"uv": [9.032, 8.032, 14.032, 8.232], "rotation": 270, "texture": "#0", "cullface": "west"}
			}
		},
		{
			"from": [-0.2, 4, 14],
			"to": [0, 8, 16],
			"rotation": {"angle": 0, "axis": "y", "origin": [7.75, 7.5, -0.225]},
			"faces": {
				"south": {"uv": [14.032, 8.032, 14.232, 12.032], "texture": "#0", "cullface": "west"},
				"west": {"uv": [14, 8, 16, 12], "texture": "#0", "cullface": "west"}
			}
		},
		{
			"from": [-0.5, 0, 14],
			"to": [0, 4, 16],
			"rotation": {"angle": 0, "axis": "y", "origin": [7.75, 7.5, -0.225]},
			"faces": {
				"north": {"uv": [14.032, 12.032, 14.532, 16.032], "texture": "#0", "cullface": "west"},
				"south": {"uv": [14.032, 12.032, 14.532, 16.032], "texture": "#0", "cullface": "west"},
				"west": {"uv": [14, 12, 16, 16], "texture": "#0", "cullface": "west"},
				"up": {"uv": [14.032, 12.032, 16.032, 12.532], "rotation": 270, "texture": "#0", "cullface": "west"},
				"down": {"uv": [14.032, 12.032, 16.032, 12.532], "rotation": 90, "texture": "#0", "cullface": "west"}
			}
		},
		{
			"from": [-0.7, 0, 0],
			"to": [0, 3, 3],
			"rotation": {"angle": 0, "axis": "y", "origin": [7.75, 7.5, -0.225]},
			"faces": {
				"north": {"uv": [0.032, 13.032, 0.732, 16.032], "texture": "#0", "cullface": "west"},
				"south": {"uv": [0.032, 13.032, 0.732, 16.032], "texture": "#0", "cullface": "west"},
				"west": {"uv": [0, 13, 3, 16], "texture": "#0", "cullface": "west"},
				"up": {"uv": [0.032, 13.032, 3.032, 13.732], "rotation": 270, "texture": "#0", "cullface": "west"},
				"down": {"uv": [0.032, 13.032, 3.032, 13.732], "rotation": 90, "texture": "#0", "cullface": "west"}
			}
		},
		{
			"from": [-0.7, 0, 3],
			"to": [0, 2, 4],
			"rotation": {"angle": 0, "axis": "y", "origin": [7.75, 7.5, -0.225]},
			"faces": {
				"south": {"uv": [3.032, 14.032, 3.732, 16.032], "texture": "#0", "cullface": "west"},
				"west": {"uv": [3, 14, 4, 16], "texture": "#0", "cullface": "west"},
				"up": {"uv": [3.032, 14.032, 4.032, 14.732], "rotation": 270, "texture": "#0", "cullface": "west"},
				"down": {"uv": [3.032, 14.032, 4.032, 14.732], "rotation": 90, "texture": "#0", "cullface": "west"}
			}
		},
		{
			"from": [-0.5, 0, 13],
			"to": [0, 1, 14],
			"rotation": {"angle": 0, "axis": "y", "origin": [7.75, 7.5, -0.225]},
			"faces": {
				"north": {"uv": [13.032, 15.032, 13.532, 16.032], "texture": "#0", "cullface": "west"},
				"west": {"uv": [13, 15, 14, 16], "texture": "#0", "cullface": "west"},
				"up": {"uv": [13.032, 15.032, 14.032, 15.532], "rotation": 270, "texture": "#0", "cullface": "west"},
				"down": {"uv": [13.032, 15.032, 14.032, 15.532], "rotation": 90, "texture": "#0", "cullface": "west"}
			}
		},
		{
			"from": [-0.3, 0, 8],
			"to": [0, 1, 13],
			"rotation": {"angle": 0, "axis": "y", "origin": [7.75, 7.5, -0.225]},
			"faces": {
				"north": {"uv": [8.032, 15.032, 8.332, 16.032], "texture": "#0", "cullface": "west"},
				"west": {"uv": [8, 15, 13, 16], "texture": "#0", "cullface": "west"},
				"up": {"uv": [8.032, 15.032, 13.032, 15.332], "rotation": 270, "texture": "#0", "cullface": "west"},
				"down": {"uv": [8.032, 15.032, 13.032, 15.332], "rotation": 90, "texture": "#0", "cullface": "west"}
			}
		},
		{
			"from": [-0.4, 0, 4],
			"to": [0, 5, 7],
			"rotation": {"angle": 0, "axis": "y", "origin": [7.75, 7.5, -0.225]},
			"faces": {
				"south": {"uv": [4.032, 11.032, 4.432, 16.032], "texture": "#0", "cullface": "west"},
				"west": {"uv": [4, 11, 7, 16], "texture": "#0", "cullface": "west"},
				"down": {"uv": [4.032, 11.032, 7.032, 11.432], "rotation": 90, "texture": "#0", "cullface": "west"}
			}
		},
		{
			"from": [-0.4, 2, 3],
			"to": [0, 6, 5],
			"rotation": {"angle": 0, "axis": "y", "origin": [7.75, 7.5, -0.225]},
			"faces": {
				"north": {"uv": [3.032, 10.032, 3.432, 14.032], "texture": "#0", "cullface": "west"},
				"west": {"uv": [3, 10, 5, 14], "texture": "#0", "cullface": "west"}
			}
		},
		{
			"from": [-0.4, 4, 2],
			"to": [0, 6, 3],
			"rotation": {"angle": 0, "axis": "y", "origin": [7.75, 7.5, -0.225]},
			"faces": {
				"north": {"uv": [2.032, 10.032, 2.432, 12.032], "texture": "#0", "cullface": "west"},
				"west": {"uv": [2, 10, 3, 12], "texture": "#0", "cullface": "west"},
				"up": {"uv": [2.032, 10.032, 3.032, 10.432], "rotation": 270, "texture": "#0", "cullface": "west"},
				"down": {"uv": [2.032, 10.032, 3.032, 10.432], "rotation": 90, "texture": "#0", "cullface": "west"}
			}
		},
		{
			"from": [-0.4, 1, 7],
			"to": [0, 5, 8],
			"rotation": {"angle": 0, "axis": "y", "origin": [7.75, 7.5, -0.225]},
			"faces": {
				"south": {"uv": [7.032, 11.032, 7.432, 15.032], "texture": "#0", "cullface": "west"},
				"west": {"uv": [7, 11, 8, 15], "texture": "#0", "cullface": "west"},
				"down": {"uv": [7.032, 11.032, 8.032, 11.432], "rotation": 90, "texture": "#0", "cullface": "west"}
			}
		},
		{
			"from": [-0.5, 5, 5],
			"to": [0, 11, 8],
			"rotation": {"angle": 0, "axis": "y", "origin": [7.75, 7.5, -0.225]},
			"faces": {
				"north": {"uv": [5.032, 5.032, 5.532, 11.032], "texture": "#0", "cullface": "west"},
				"south": {"uv": [5.032, 5.032, 5.532, 11.032], "texture": "#0", "cullface": "west"},
				"west": {"uv": [5, 5, 8, 11], "texture": "#0", "cullface": "west"},
				"up": {"uv": [5.032, 5.032, 8.032, 5.532], "rotation": 270, "texture": "#0", "cullface": "west"},
				"down": {"uv": [5.032, 5.032, 8.032, 5.532], "rotation": 90, "texture": "#0", "cullface": "west"}
			}
		},
		{
			"from": [-0.5, 6, 3],
			"to": [0, 10, 5],
			"rotation": {"angle": 0, "axis": "y", "origin": [7.75, 7.5, -0.225]},
			"faces": {
				"north": {"uv": [3.032, 6.032, 3.532, 10.032], "texture": "#0", "cullface": "west"},
				"west": {"uv": [3, 6, 5, 10], "texture": "#0", "cullface": "west"},
				"down": {"uv": [3.032, 6.032, 5.032, 6.532], "rotation": 90, "texture": "#0", "cullface": "west"}
			}
		},
		{
			"from": [-0.5, 6, 8],
			"to": [0, 10, 10],
			"rotation": {"angle": 0, "axis": "y", "origin": [7.75, 7.5, -0.225]},
			"faces": {
				"south": {"uv": [8.032, 6.032, 8.532, 10.032], "texture": "#0", "cullface": "west"},
				"west": {"uv": [8, 6, 10, 10], "texture": "#0", "cullface": "west"},
				"up": {"uv": [8.032, 6.032, 10.032, 6.532], "rotation": 270, "texture": "#0", "cullface": "west"},
				"down": {"uv": [8.032, 6.032, 10.032, 6.532], "rotation": 90, "texture": "#0", "cullface": "west"}
			}
		},
		{
			"from": [-0.5, 8, 11],
			"to": [0, 13, 16],
			"rotation": {"angle": 0, "axis": "y", "origin": [7.75, 7.5, -0.225]},
			"faces": {
				"north": {"uv": [11.032, 3.032, 11.532, 8.032], "texture": "#0", "cullface": "west"},
				"south": {"uv": [11.032, 3.032, 11.532, 8.032], "texture": "#0", "cullface": "west"},
				"west": {"uv": [11, 3, 16, 8], "texture": "#0", "cullface": "west"},
				"up": {"uv": [11.032, 3.032, 16.032, 3.532], "rotation": 270, "texture": "#0", "cullface": "west"},
				"down": {"uv": [11.032, 3.032, 16.032, 3.532], "rotation": 90, "texture": "#0", "cullface": "west"}
			}
		},
		{
			"from": [-0.7, 12, 7],
			"to": [0, 14, 9],
			"rotation": {"angle": 0, "axis": "y", "origin": [7.75, 7.5, -0.225]},
			"faces": {
				"north": {"uv": [3.032, 2.032, 3.732, 4.032], "texture": "#0", "cullface": "west"},
				"south": {"uv": [3.032, 2.032, 3.732, 4.032], "texture": "#0", "cullface": "west"},
				"west": {"uv": [7, 2, 9, 4], "texture": "#0", "cullface": "west"},
				"up": {"uv": [3.032, 2.032, 5.032, 2.732], "rotation": 270, "texture": "#0", "cullface": "west"},
				"down": {"uv": [3.032, 2.032, 5.032, 2.732], "rotation": 90, "texture": "#0", "cullface": "west"}
			}
		},
		{
			"from": [-0.3, 13, 8],
			"to": [0, 16, 13],
			"rotation": {"angle": 0, "axis": "y", "origin": [7.75, 7.5, -0.225]},
			"faces": {
				"north": {"uv": [8.032, 0.032, 8.332, 3.032], "texture": "#0", "cullface": "west"},
				"south": {"uv": [8.032, 0.032, 8.332, 3.032], "texture": "#0", "cullface": "west"},
				"west": {"uv": [8, 0, 13, 3], "texture": "#0", "cullface": "west"},
				"up": {"uv": [8.032, 0.032, 13.032, 0.332], "rotation": 270, "texture": "#0", "cullface": "west"},
				"down": {"uv": [8.032, 0.032, 13.032, 0.332], "rotation": 90, "texture": "#0", "cullface": "west"}
			}
		},
		{
			"from": [-0.3, 13, 0],
			"to": [0, 16, 3],
			"rotation": {"angle": 0, "axis": "y", "origin": [7.75, 7.5, -0.225]},
			"faces": {
				"north": {"uv": [0.032, 0.032, 0.332, 3.032], "texture": "#0", "cullface": "west"},
				"south": {"uv": [0.032, 0.032, 0.332, 3.032], "texture": "#0", "cullface": "west"},
				"west": {"uv": [0, 0, 3, 3], "texture": "#0", "cullface": "west"},
				"up": {"uv": [0.032, 0.032, 3.032, 0.332], "rotation": 270, "texture": "#0", "cullface": "west"},
				"down": {"uv": [0.032, 0.032, 3.032, 0.332], "rotation": 90, "texture": "#0", "cullface": "west"}
			}
		},
		{
			"from": [-0.3, 13, 14],
			"to": [0, 16, 16],
			"rotation": {"angle": 0, "axis": "y", "origin": [7.75, 7.5, -0.225]},
			"faces": {
				"north": {"uv": [14.032, 0.032, 14.332, 3.032], "texture": "#0", "cullface": "west"},
				"south": {"uv": [14.032, 0.032, 14.332, 3.032], "texture": "#0", "cullface": "west"},
				"west": {"uv": [14, 0, 16, 3], "texture": "#0", "cullface": "west"},
				"up": {"uv": [14.032, 0.032, 16.032, 0.332], "rotation": 270, "texture": "#0", "cullface": "west"}
			}
		},
		{
			"from": [-0.3, 13, 13],
			"to": [0, 15, 14],
			"rotation": {"angle": 0, "axis": "y", "origin": [7.75, 7.5, -0.225]},
			"faces": {
				"west": {"uv": [13, 1, 14, 3], "texture": "#0", "cullface": "west"},
				"up": {"uv": [13.032, 1.032, 14.032, 1.332], "rotation": 270, "texture": "#0", "cullface": "west"}
			}
		},
		{
			"from": [-0.7, 13, 3],
			"to": [0, 15, 7],
			"rotation": {"angle": 0, "axis": "y", "origin": [7.75, 7.5, -0.225]},
			"faces": {
				"north": {"uv": [3.032, 1.032, 3.732, 3.032], "texture": "#0", "cullface": "west"},
				"south": {"uv": [3.032, 1.032, 3.732, 3.032], "texture": "#0", "cullface": "west"},
				"west": {"uv": [3, 1, 7, 3], "texture": "#0", "cullface": "west"},
				"up": {"uv": [3.032, 1.032, 7.032, 1.732], "rotation": 270, "texture": "#0", "cullface": "west"}
			}
		},
		{
			"from": [-0.7, 11, 1],
			"to": [0, 13, 7],
			"rotation": {"angle": 0, "axis": "y", "origin": [7.75, 7.5, -0.225]},
			"faces": {
				"north": {"uv": [1.032, 3.032, 1.732, 5.032], "texture": "#0", "cullface": "west"},
				"south": {"uv": [1.032, 3.032, 1.732, 5.032], "texture": "#0", "cullface": "west"},
				"west": {"uv": [1, 3, 7, 5], "texture": "#0", "cullface": "west"},
				"up": {"uv": [1.032, 3.032, 7.032, 3.732], "rotation": 270, "texture": "#0", "cullface": "west"},
				"down": {"uv": [1.032, 3.032, 7.032, 3.732], "rotation": 90, "texture": "#0", "cullface": "west"}
			}
		},
		{
			"from": [-0.7, 10, 1],
			"to": [0, 11, 4],
			"rotation": {"angle": 0, "axis": "y", "origin": [7.75, 7.5, -0.225]},
			"faces": {
				"north": {"uv": [1.032, 5.032, 1.732, 6.032], "texture": "#0", "cullface": "west"},
				"south": {"uv": [1.032, 5.032, 1.732, 6.032], "texture": "#0", "cullface": "west"},
				"west": {"uv": [1, 5, 4, 6], "texture": "#0", "cullface": "west"},
				"down": {"uv": [1.032, 5.032, 4.032, 5.732], "rotation": 90, "texture": "#0", "cullface": "west"}
			}
		},
		{
			"from": [-0.5, 9, 10],
			"to": [0, 12, 11],
			"rotation": {"angle": 0, "axis": "y", "origin": [7.75, 7.5, -0.225]},
			"faces": {
				"north": {"uv": [10.032, 4.032, 10.532, 7.032], "texture": "#0", "cullface": "west"},
				"west": {"uv": [10, 4, 11, 7], "texture": "#0", "cullface": "west"},
				"up": {"uv": [10.032, 4.032, 11.032, 4.532], "rotation": 270, "texture": "#0", "cullface": "west"},
				"down": {"uv": [10.032, 4.032, 11.032, 4.532], "rotation": 90, "texture": "#0", "cullface": "west"}
			}
		},
		{
			"from": [9, 1, 16],
			"to": [14, 8, 16.2],
			"rotation": {"angle": 0, "axis": "y", "origin": [-0.225, 7.5, 8.25]},
			"faces": {
				"south": {"uv": [9, 8, 14, 15], "texture": "#0", "cullface": "south"},
				"west": {"uv": [9.032, 8.032, 9.232, 15.032], "texture": "#0", "cullface": "south"},
				"up": {"uv": [9.032, 8.032, 14.032, 8.232], "rotation": 180, "texture": "#0", "cullface": "south"}
			}
		},
		{
			"from": [14, 4, 16],
			"to": [16, 8, 16.2],
			"rotation": {"angle": 0, "axis": "y", "origin": [-0.225, 7.5, 8.25]},
			"faces": {
				"east": {"uv": [14.032, 8.032, 14.232, 12.032], "texture": "#0", "cullface": "south"},
				"south": {"uv": [14, 8, 16, 12], "texture": "#0", "cullface": "south"}
			}
		},
		{
			"from": [14, 0, 16],
			"to": [16, 4, 16.5],
			"rotation": {"angle": 0, "axis": "y", "origin": [-0.225, 7.5, 8.25]},
			"faces": {
				"east": {"uv": [14.032, 12.032, 14.532, 16.032], "texture": "#0", "cullface": "south"},
				"south": {"uv": [14, 12, 16, 16], "texture": "#0", "cullface": "south"},
				"west": {"uv": [14.032, 12.032, 14.532, 16.032], "texture": "#0", "cullface": "south"},
				"up": {"uv": [14.032, 12.032, 16.032, 12.532], "rotation": 180, "texture": "#0", "cullface": "south"},
				"down": {"uv": [14.032, 12.032, 16.032, 12.532], "rotation": 180, "texture": "#0", "cullface": "south"}
			}
		},
		{
			"from": [0, 0, 16],
			"to": [3, 3, 16.7],
			"rotation": {"angle": 0, "axis": "y", "origin": [-0.225, 7.5, 8.25]},
			"faces": {
				"east": {"uv": [0.032, 13.032, 0.732, 16.032], "texture": "#0", "cullface": "south"},
				"south": {"uv": [0, 13, 3, 16], "texture": "#0", "cullface": "south"},
				"west": {"uv": [0.032, 13.032, 0.732, 16.032], "texture": "#0", "cullface": "south"},
				"up": {"uv": [0.032, 13.032, 3.032, 13.732], "rotation": 180, "texture": "#0", "cullface": "south"},
				"down": {"uv": [0.032, 13.032, 3.032, 13.732], "rotation": 180, "texture": "#0", "cullface": "south"}
			}
		},
		{
			"from": [3, 0, 16],
			"to": [4, 2, 16.7],
			"rotation": {"angle": 0, "axis": "y", "origin": [-0.225, 7.5, 8.25]},
			"faces": {
				"east": {"uv": [3.032, 14.032, 3.732, 16.032], "texture": "#0", "cullface": "south"},
				"south": {"uv": [3, 14, 4, 16], "texture": "#0", "cullface": "south"},
				"up": {"uv": [3.032, 14.032, 4.032, 14.732], "rotation": 180, "texture": "#0", "cullface": "south"},
				"down": {"uv": [3.032, 14.032, 4.032, 14.732], "rotation": 180, "texture": "#0", "cullface": "south"}
			}
		},
		{
			"from": [13, 0, 16],
			"to": [14, 1, 16.5],
			"rotation": {"angle": 0, "axis": "y", "origin": [-0.225, 7.5, 8.25]},
			"faces": {
				"south": {"uv": [13, 15, 14, 16], "texture": "#0", "cullface": "south"},
				"west": {"uv": [13.032, 15.032, 13.532, 16.032], "texture": "#0", "cullface": "south"},
				"up": {"uv": [13.032, 15.032, 14.032, 15.532], "rotation": 180, "texture": "#0", "cullface": "south"},
				"down": {"uv": [13.032, 15.032, 14.032, 15.532], "rotation": 180, "texture": "#0", "cullface": "south"}
			}
		},
		{
			"from": [8, 0, 16],
			"to": [13, 1, 16.3],
			"rotation": {"angle": 0, "axis": "y", "origin": [-0.225, 7.5, 8.25]},
			"faces": {
				"south": {"uv": [8, 15, 13, 16], "texture": "#0", "cullface": "south"},
				"west": {"uv": [8.032, 15.032, 8.332, 16.032], "texture": "#0", "cullface": "south"},
				"up": {"uv": [8.032, 15.032, 13.032, 15.332], "rotation": 180, "texture": "#0", "cullface": "south"},
				"down": {"uv": [8.032, 15.032, 13.032, 15.332], "rotation": 180, "texture": "#0", "cullface": "south"}
			}
		},
		{
			"from": [4, 0, 16],
			"to": [7, 5, 16.4],
			"rotation": {"angle": 0, "axis": "y", "origin": [-0.225, 7.5, 8.25]},
			"faces": {
				"east": {"uv": [4.032, 11.032, 4.432, 16.032], "texture": "#0", "cullface": "south"},
				"south": {"uv": [4, 11, 7, 16], "texture": "#0", "cullface": "south"},
				"down": {"uv": [4.032, 11.032, 7.032, 11.432], "rotation": 180, "texture": "#0", "cullface": "south"}
			}
		},
		{
			"from": [3, 2, 16],
			"to": [5, 6, 16.4],
			"rotation": {"angle": 0, "axis": "y", "origin": [-0.225, 7.5, 8.25]},
			"faces": {
				"south": {"uv": [3, 10, 5, 14], "texture": "#0", "cullface": "south"},
				"west": {"uv": [3.032, 10.032, 3.432, 14.032], "texture": "#0", "cullface": "south"}
			}
		},
		{
			"from": [2, 4, 16],
			"to": [3, 6, 16.4],
			"rotation": {"angle": 0, "axis": "y", "origin": [-0.225, 7.5, 8.25]},
			"faces": {
				"south": {"uv": [2, 10, 3, 12], "texture": "#0", "cullface": "south"},
				"west": {"uv": [2.032, 10.032, 2.432, 12.032], "texture": "#0", "cullface": "south"},
				"up": {"uv": [2.032, 10.032, 3.032, 10.432], "rotation": 180, "texture": "#0", "cullface": "south"},
				"down": {"uv": [2.032, 10.032, 3.032, 10.432], "rotation": 180, "texture": "#0", "cullface": "south"}
			}
		},
		{
			"from": [7, 1, 16],
			"to": [8, 5, 16.4],
			"rotation": {"angle": 0, "axis": "y", "origin": [-0.225, 7.5, 8.25]},
			"faces": {
				"east": {"uv": [7.032, 11.032, 7.432, 15.032], "texture": "#0", "cullface": "south"},
				"south": {"uv": [7, 11, 8, 15], "texture": "#0", "cullface": "south"},
				"down": {"uv": [7.032, 11.032, 8.032, 11.432], "rotation": 180, "texture": "#0", "cullface": "south"}
			}
		},
		{
			"from": [5, 5, 16],
			"to": [8, 11, 16.5],
			"rotation": {"angle": 0, "axis": "y", "origin": [-0.225, 7.5, 8.25]},
			"faces": {
				"east": {"uv": [5.032, 5.032, 5.532, 11.032], "texture": "#0", "cullface": "south"},
				"south": {"uv": [5, 5, 8, 11], "texture": "#0", "cullface": "south"},
				"west": {"uv": [5.032, 5.032, 5.532, 11.032], "texture": "#0", "cullface": "south"},
				"up": {"uv": [5.032, 5.032, 8.032, 5.532], "rotation": 180, "texture": "#0", "cullface": "south"},
				"down": {"uv": [5.032, 5.032, 8.032, 5.532], "rotation": 180, "texture": "#0", "cullface": "south"}
			}
		},
		{
			"from": [3, 6, 16],
			"to": [5, 10, 16.5],
			"rotation": {"angle": 0, "axis": "y", "origin": [-0.225, 7.5, 8.25]},
			"faces": {
				"south": {"uv": [3, 6, 5, 10], "texture": "#0", "cullface": "south"},
				"west": {"uv": [3.032, 6.032, 3.532, 10.032], "texture": "#0", "cullface": "south"},
				"down": {"uv": [3.032, 6.032, 5.032, 6.532], "rotation": 180, "texture": "#0", "cullface": "south"}
			}
		},
		{
			"from": [8, 6, 16],
			"to": [10, 10, 16.5],
			"rotation": {"angle": 0, "axis": "y", "origin": [-0.225, 7.5, 8.25]},
			"faces": {
				"east": {"uv": [8.032, 6.032, 8.532, 10.032], "texture": "#0", "cullface": "south"},
				"south": {"uv": [8, 6, 10, 10], "texture": "#0", "cullface": "south"},
				"up": {"uv": [8.032, 6.032, 10.032, 6.532], "rotation": 180, "texture": "#0", "cullface": "south"},
				"down": {"uv": [8.032, 6.032, 10.032, 6.532], "rotation": 180, "texture": "#0", "cullface": "south"}
			}
		},
		{
			"from": [11, 8, 16],
			"to": [16, 13, 16.5],
			"rotation": {"angle": 0, "axis": "y", "origin": [-0.225, 7.5, 8.25]},
			"faces": {
				"east": {"uv": [11.032, 3.032, 11.532, 8.032], "texture": "#0", "cullface": "south"},
				"south": {"uv": [11, 3, 16, 8], "texture": "#0", "cullface": "south"},
				"west": {"uv": [11.032, 3.032, 11.532, 8.032], "texture": "#0", "cullface": "south"},
				"up": {"uv": [11.032, 3.032, 16.032, 3.532], "rotation": 180, "texture": "#0", "cullface": "south"},
				"down": {"uv": [11.032, 3.032, 16.032, 3.532], "rotation": 180, "texture": "#0", "cullface": "south"}
			}
		},
		{
			"from": [7, 12, 16],
			"to": [9, 14, 16.7],
			"rotation": {"angle": 0, "axis": "y", "origin": [-0.225, 7.5, 8.25]},
			"faces": {
				"east": {"uv": [3.032, 2.032, 3.732, 4.032], "texture": "#0", "cullface": "south"},
				"south": {"uv": [7, 2, 9, 4], "texture": "#0", "cullface": "south"},
				"west": {"uv": [3.032, 2.032, 3.732, 4.032], "texture": "#0", "cullface": "south"},
				"up": {"uv": [3.032, 2.032, 5.032, 2.732], "rotation": 180, "texture": "#0", "cullface": "south"},
				"down": {"uv": [3.032, 2.032, 5.032, 2.732], "rotation": 180, "texture": "#0", "cullface": "south"}
			}
		},
		{
			"from": [8, 13, 16],
			"to": [13, 16, 16.3],
			"rotation": {"angle": 0, "axis": "y", "origin": [-0.225, 7.5, 8.25]},
			"faces": {
				"east": {"uv": [8.032, 0.032, 8.332, 3.032], "texture": "#0", "cullface": "south"},
				"south": {"uv": [8, 0, 13, 3], "texture": "#0", "cullface": "south"},
				"west": {"uv": [8.032, 0.032, 8.332, 3.032], "texture": "#0", "cullface": "south"},
				"up": {"uv": [8.032, 0.032, 13.032, 0.332], "rotation": 180, "texture": "#0", "cullface": "south"},
				"down": {"uv": [8.032, 0.032, 13.032, 0.332], "rotation": 180, "texture": "#0", "cullface": "south"}
			}
		},
		{
			"from": [0, 13, 16],
			"to": [3, 16, 16.3],
			"rotation": {"angle": 0, "axis": "y", "origin": [-0.225, 7.5, 8.25]},
			"faces": {
				"east": {"uv": [0.032, 0.032, 0.332, 3.032], "texture": "#0", "cullface": "south"},
				"south": {"uv": [0, 0, 3, 3], "texture": "#0", "cullface": "south"},
				"west": {"uv": [0.032, 0.032, 0.332, 3.032], "texture": "#0", "cullface": "south"},
				"up": {"uv": [0.032, 0.032, 3.032, 0.332], "rotation": 180, "texture": "#0", "cullface": "south"},
				"down": {"uv": [0.032, 0.032, 3.032, 0.332], "rotation": 180, "texture": "#0", "cullface": "south"}
			}
		},
		{
			"from": [14, 13, 16],
			"to": [16, 16, 16.3],
			"rotation": {"angle": 0, "axis": "y", "origin": [-0.225, 7.5, 8.25]},
			"faces": {
				"east": {"uv": [14.032, 0.032, 14.332, 3.032], "texture": "#0", "cullface": "south"},
				"south": {"uv": [14, 0, 16, 3], "texture": "#0", "cullface": "south"},
				"west": {"uv": [14.032, 0.032, 14.332, 3.032], "texture": "#0", "cullface": "south"},
				"up": {"uv": [14.032, 0.032, 16.032, 0.332], "rotation": 180, "texture": "#0", "cullface": "south"}
			}
		},
		{
			"from": [13, 13, 16],
			"to": [14, 15, 16.3],
			"rotation": {"angle": 0, "axis": "y", "origin": [-0.225, 7.5, 8.25]},
			"faces": {
				"south": {"uv": [13, 1, 14, 3], "texture": "#0", "cullface": "south"},
				"up": {"uv": [13.032, 1.032, 14.032, 1.332], "rotation": 180, "texture": "#0", "cullface": "south"}
			}
		},
		{
			"from": [3, 13, 16],
			"to": [7, 15, 16.7],
			"rotation": {"angle": 0, "axis": "y", "origin": [-0.225, 7.5, 8.25]},
			"faces": {
				"east": {"uv": [3.032, 1.032, 3.732, 3.032], "texture": "#0", "cullface": "south"},
				"south": {"uv": [3, 1, 7, 3], "texture": "#0", "cullface": "south"},
				"west": {"uv": [3.032, 1.032, 3.732, 3.032], "texture": "#0", "cullface": "south"},
				"up": {"uv": [3.032, 1.032, 7.032, 1.732], "rotation": 180, "texture": "#0", "cullface": "south"}
			}
		},
		{
			"from": [1, 11, 16],
			"to": [7, 13, 16.7],
			"rotation": {"angle": 0, "axis": "y", "origin": [-0.225, 7.5, 8.25]},
			"faces": {
				"east": {"uv": [1.032, 3.032, 1.732, 5.032], "texture": "#0", "cullface": "south"},
				"south": {"uv": [1, 3, 7, 5], "texture": "#0", "cullface": "south"},
				"west": {"uv": [1.032, 3.032, 1.732, 5.032], "texture": "#0", "cullface": "south"},
				"up": {"uv": [1.032, 3.032, 7.032, 3.732], "rotation": 180, "texture": "#0", "cullface": "south"},
				"down": {"uv": [1.032, 3.032, 7.032, 3.732], "rotation": 180, "texture": "#0", "cullface": "south"}
			}
		},
		{
			"from": [1, 10, 16],
			"to": [4, 11, 16.7],
			"rotation": {"angle": 0, "axis": "y", "origin": [-0.225, 7.5, 8.25]},
			"faces": {
				"east": {"uv": [1.032, 5.032, 1.732, 6.032], "texture": "#0", "cullface": "south"},
				"south": {"uv": [1, 5, 4, 6], "texture": "#0", "cullface": "south"},
				"west": {"uv": [1.032, 5.032, 1.732, 6.032], "texture": "#0", "cullface": "south"},
				"down": {"uv": [1.032, 5.032, 4.032, 5.732], "rotation": 180, "texture": "#0", "cullface": "south"}
			}
		},
		{
			"from": [10, 9, 16],
			"to": [11, 12, 16.5],
			"rotation": {"angle": 0, "axis": "y", "origin": [-0.225, 7.5, 8.25]},
			"faces": {
				"south": {"uv": [10, 4, 11, 7], "texture": "#0", "cullface": "south"},
				"west": {"uv": [10.032, 4.032, 10.532, 7.032], "texture": "#0", "cullface": "south"},
				"up": {"uv": [10.032, 4.032, 11.032, 4.532], "rotation": 180, "texture": "#0", "cullface": "south"},
				"down": {"uv": [10.032, 4.032, 11.032, 4.532], "rotation": 180, "texture": "#0", "cullface": "south"}
			}
		},
		{
			"from": [16, 1, 2],
			"to": [16.2, 8, 7],
			"rotation": {"angle": 0, "axis": "y", "origin": [8.25, 7.5, 16.225]},
			"faces": {
				"east": {"uv": [9, 8, 14, 15], "texture": "#0", "cullface": "east"},
				"south": {"uv": [9.032, 8.032, 9.232, 15.032], "texture": "#0", "cullface": "east"},
				"up": {"uv": [9.032, 8.032, 14.032, 8.232], "rotation": 90, "texture": "#0", "cullface": "east"}
			}
		},
		{
			"from": [16, 4, 0],
			"to": [16.2, 8, 2],
			"rotation": {"angle": 0, "axis": "y", "origin": [8.25, 7.5, 16.225]},
			"faces": {
				"north": {"uv": [14.032, 8.032, 14.232, 12.032], "texture": "#0", "cullface": "east"},
				"east": {"uv": [14, 8, 16, 12], "texture": "#0", "cullface": "east"}
			}
		},
		{
			"from": [16, 0, 0],
			"to": [16.5, 4, 2],
			"rotation": {"angle": 0, "axis": "y", "origin": [8.25, 7.5, 16.225]},
			"faces": {
				"north": {"uv": [14.032, 12.032, 14.532, 16.032], "texture": "#0", "cullface": "east"},
				"east": {"uv": [14, 12, 16, 16], "texture": "#0", "cullface": "east"},
				"south": {"uv": [14.032, 12.032, 14.532, 16.032], "texture": "#0", "cullface": "east"},
				"up": {"uv": [14.032, 12.032, 16.032, 12.532], "rotation": 90, "texture": "#0", "cullface": "east"},
				"down": {"uv": [14.032, 12.032, 16.032, 12.532], "rotation": 270, "texture": "#0", "cullface": "east"}
			}
		},
		{
			"from": [16, 0, 13],
			"to": [16.7, 3, 16],
			"rotation": {"angle": 0, "axis": "y", "origin": [8.25, 7.5, 16.225]},
			"faces": {
				"north": {"uv": [0.032, 13.032, 0.732, 16.032], "texture": "#0", "cullface": "east"},
				"east": {"uv": [0, 13, 3, 16], "texture": "#0", "cullface": "east"},
				"south": {"uv": [0.032, 13.032, 0.732, 16.032], "texture": "#0", "cullface": "east"},
				"up": {"uv": [0.032, 13.032, 3.032, 13.732], "rotation": 90, "texture": "#0", "cullface": "east"},
				"down": {"uv": [0.032, 13.032, 3.032, 13.732], "rotation": 270, "texture": "#0", "cullface": "east"}
			}
		},
		{
			"from": [16, 0, 12],
			"to": [16.7, 2, 13],
			"rotation": {"angle": 0, "axis": "y", "origin": [8.25, 7.5, 16.225]},
			"faces": {
				"north": {"uv": [3.032, 14.032, 3.732, 16.032], "texture": "#0", "cullface": "east"},
				"east": {"uv": [3, 14, 4, 16], "texture": "#0", "cullface": "east"},
				"up": {"uv": [3.032, 14.032, 4.032, 14.732], "rotation": 90, "texture": "#0", "cullface": "east"},
				"down": {"uv": [3.032, 14.032, 4.032, 14.732], "rotation": 270, "texture": "#0", "cullface": "east"}
			}
		},
		{
			"from": [16, 0, 2],
			"to": [16.5, 1, 3],
			"rotation": {"angle": 0, "axis": "y", "origin": [8.25, 7.5, 16.225]},
			"faces": {
				"east": {"uv": [13, 15, 14, 16], "texture": "#0", "cullface": "east"},
				"south": {"uv": [13.032, 15.032, 13.532, 16.032], "texture": "#0", "cullface": "east"},
				"up": {"uv": [13.032, 15.032, 14.032, 15.532], "rotation": 90, "texture": "#0", "cullface": "east"},
				"down": {"uv": [13.032, 15.032, 14.032, 15.532], "rotation": 270, "texture": "#0", "cullface": "east"}
			}
		},
		{
			"from": [16, 0, 3],
			"to": [16.3, 1, 8],
			"rotation": {"angle": 0, "axis": "y", "origin": [8.25, 7.5, 16.225]},
			"faces": {
				"east": {"uv": [8, 15, 13, 16], "texture": "#0", "cullface": "east"},
				"south": {"uv": [8.032, 15.032, 8.332, 16.032], "texture": "#0", "cullface": "east"},
				"up": {"uv": [8.032, 15.032, 13.032, 15.332], "rotation": 90, "texture": "#0", "cullface": "east"},
				"down": {"uv": [8.032, 15.032, 13.032, 15.332], "rotation": 270, "texture": "#0", "cullface": "east"}
			}
		},
		{
			"from": [16, 0, 9],
			"to": [16.4, 5, 12],
			"rotation": {"angle": 0, "axis": "y", "origin": [8.25, 7.5, 16.225]},
			"faces": {
				"north": {"uv": [4.032, 11.032, 4.432, 16.032], "texture": "#0", "cullface": "east"},
				"east": {"uv": [4, 11, 7, 16], "texture": "#0", "cullface": "east"},
				"down": {"uv": [4.032, 11.032, 7.032, 11.432], "rotation": 270, "texture": "#0", "cullface": "east"}
			}
		},
		{
			"from": [16, 2, 11],
			"to": [16.4, 6, 13],
			"rotation": {"angle": 0, "axis": "y", "origin": [8.25, 7.5, 16.225]},
			"faces": {
				"east": {"uv": [3, 10, 5, 14], "texture": "#0", "cullface": "east"},
				"south": {"uv": [3.032, 10.032, 3.432, 14.032], "texture": "#0", "cullface": "east"}
			}
		},
		{
			"from": [16, 4, 13],
			"to": [16.4, 6, 14],
			"rotation": {"angle": 0, "axis": "y", "origin": [8.25, 7.5, 16.225]},
			"faces": {
				"east": {"uv": [2, 10, 3, 12], "texture": "#0", "cullface": "east"},
				"south": {"uv": [2.032, 10.032, 2.432, 12.032], "texture": "#0", "cullface": "east"},
				"up": {"uv": [2.032, 10.032, 3.032, 10.432], "rotation": 90, "texture": "#0", "cullface": "east"},
				"down": {"uv": [2.032, 10.032, 3.032, 10.432], "rotation": 270, "texture": "#0", "cullface": "east"}
			}
		},
		{
			"from": [16, 1, 8],
			"to": [16.4, 5, 9],
			"rotation": {"angle": 0, "axis": "y", "origin": [8.25, 7.5, 16.225]},
			"faces": {
				"north": {"uv": [7.032, 11.032, 7.432, 15.032], "texture": "#0", "cullface": "east"},
				"east": {"uv": [7, 11, 8, 15], "texture": "#0", "cullface": "east"},
				"down": {"uv": [7.032, 11.032, 8.032, 11.432], "rotation": 270, "texture": "#0", "cullface": "east"}
			}
		},
		{
			"from": [16, 5, 8],
			"to": [16.5, 11, 11],
			"rotation": {"angle": 0, "axis": "y", "origin": [8.25, 7.5, 16.225]},
			"faces": {
				"north": {"uv": [5.032, 5.032, 5.532, 11.032], "texture": "#0", "cullface": "east"},
				"east": {"uv": [5, 5, 8, 11], "texture": "#0", "cullface": "east"},
				"south": {"uv": [5.032, 5.032, 5.532, 11.032], "texture": "#0", "cullface": "east"},
				"up": {"uv": [5.032, 5.032, 8.032, 5.532], "rotation": 90, "texture": "#0", "cullface": "east"},
				"down": {"uv": [5.032, 5.032, 8.032, 5.532], "rotation": 270, "texture": "#0", "cullface": "east"}
			}
		},
		{
			"from": [16, 6, 11],
			"to": [16.5, 10, 13],
			"rotation": {"angle": 0, "axis": "y", "origin": [8.25, 7.5, 16.225]},
			"faces": {
				"east": {"uv": [3, 6, 5, 10], "texture": "#0", "cullface": "east"},
				"south": {"uv": [3.032, 6.032, 3.532, 10.032], "texture": "#0", "cullface": "east"},
				"down": {"uv": [3.032, 6.032, 5.032, 6.532], "rotation": 270, "texture": "#0", "cullface": "east"}
			}
		},
		{
			"from": [16, 6, 6],
			"to": [16.5, 10, 8],
			"rotation": {"angle": 0, "axis": "y", "origin": [8.25, 7.5, 16.225]},
			"faces": {
				"north": {"uv": [8.032, 6.032, 8.532, 10.032], "texture": "#0", "cullface": "east"},
				"east": {"uv": [8, 6, 10, 10], "texture": "#0", "cullface": "east"},
				"up": {"uv": [8.032, 6.032, 10.032, 6.532], "rotation": 90, "texture": "#0", "cullface": "east"},
				"down": {"uv": [8.032, 6.032, 10.032, 6.532], "rotation": 270, "texture": "#0", "cullface": "east"}
			}
		},
		{
			"from": [16, 8, 0],
			"to": [16.5, 13, 5],
			"rotation": {"angle": 0, "axis": "y", "origin": [8.25, 7.5, 16.225]},
			"faces": {
				"north": {"uv": [11.032, 3.032, 11.532, 8.032], "texture": "#0", "cullface": "east"},
				"east": {"uv": [11, 3, 16, 8], "texture": "#0", "cullface": "east"},
				"south": {"uv": [11.032, 3.032, 11.532, 8.032], "texture": "#0", "cullface": "east"},
				"up": {"uv": [11.032, 3.032, 16.032, 3.532], "rotation": 90, "texture": "#0", "cullface": "east"},
				"down": {"uv": [11.032, 3.032, 16.032, 3.532], "rotation": 270, "texture": "#0", "cullface": "east"}
			}
		},
		{
			"from": [16, 12, 7],
			"to": [16.7, 14, 9],
			"rotation": {"angle": 0, "axis": "y", "origin": [8.25, 7.5, 16.225]},
			"faces": {
				"north": {"uv": [3.032, 2.032, 3.732, 4.032], "texture": "#0", "cullface": "east"},
				"east": {"uv": [7, 2, 9, 4], "texture": "#0", "cullface": "east"},
				"south": {"uv": [3.032, 2.032, 3.732, 4.032], "texture": "#0", "cullface": "east"},
				"up": {"uv": [3.032, 2.032, 5.032, 2.732], "rotation": 90, "texture": "#0", "cullface": "east"},
				"down": {"uv": [3.032, 2.032, 5.032, 2.732], "rotation": 270, "texture": "#0", "cullface": "east"}
			}
		},
		{
			"from": [16, 13, 3],
			"to": [16.3, 16, 8],
			"rotation": {"angle": 0, "axis": "y", "origin": [8.25, 7.5, 16.225]},
			"faces": {
				"north": {"uv": [8.032, 0.032, 8.332, 3.032], "texture": "#0", "cullface": "east"},
				"east": {"uv": [8, 0, 13, 3], "texture": "#0", "cullface": "east"},
				"south": {"uv": [8.032, 0.032, 8.332, 3.032], "texture": "#0", "cullface": "east"},
				"up": {"uv": [8.032, 0.032, 13.032, 0.332], "rotation": 90, "texture": "#0", "cullface": "east"},
				"down": {"uv": [8.032, 0.032, 13.032, 0.332], "rotation": 270, "texture": "#0", "cullface": "east"}
			}
		},
		{
			"from": [16, 13, 13],
			"to": [16.3, 16, 16],
			"rotation": {"angle": 0, "axis": "y", "origin": [8.25, 7.5, 16.225]},
			"faces": {
				"north": {"uv": [0.032, 0.032, 0.332, 3.032], "texture": "#0", "cullface": "east"},
				"east": {"uv": [0, 0, 3, 3], "texture": "#0", "cullface": "east"},
				"south": {"uv": [0.032, 0.032, 0.332, 3.032], "texture": "#0", "cullface": "east"},
				"up": {"uv": [0.032, 0.032, 3.032, 0.332], "rotation": 90, "texture": "#0", "cullface": "east"},
				"down": {"uv": [0.032, 0.032, 3.032, 0.332], "rotation": 270, "texture": "#0", "cullface": "east"}
			}
		},
		{
			"from": [16, 13, 0],
			"to": [16.3, 16, 2],
			"rotation": {"angle": 0, "axis": "y", "origin": [8.25, 7.5, 16.225]},
			"faces": {
				"north": {"uv": [14.032, 0.032, 14.332, 3.032], "texture": "#0", "cullface": "east"},
				"east": {"uv": [14, 0, 16, 3], "texture": "#0", "cullface": "east"},
				"south": {"uv": [14.032, 0.032, 14.332, 3.032], "texture": "#0", "cullface": "east"},
				"up": {"uv": [14.032, 0.032, 16.032, 0.332], "rotation": 90, "texture": "#0", "cullface": "east"}
			}
		},
		{
			"from": [16, 13, 2],
			"to": [16.3, 15, 3],
			"rotation": {"angle": 0, "axis": "y", "origin": [8.25, 7.5, 16.225]},
			"faces": {
				"east": {"uv": [13, 1, 14, 3], "texture": "#0", "cullface": "east"},
				"up": {"uv": [13.032, 1.032, 14.032, 1.332], "rotation": 90, "texture": "#0", "cullface": "east"}
			}
		},
		{
			"from": [16, 13, 9],
			"to": [16.7, 15, 13],
			"rotation": {"angle": 0, "axis": "y", "origin": [8.25, 7.5, 16.225]},
			"faces": {
				"north": {"uv": [3.032, 1.032, 3.732, 3.032], "texture": "#0", "cullface": "east"},
				"east": {"uv": [3, 1, 7, 3], "texture": "#0", "cullface": "east"},
				"south": {"uv": [3.032, 1.032, 3.732, 3.032], "texture": "#0", "cullface": "east"},
				"up": {"uv": [3.032, 1.032, 7.032, 1.732], "rotation": 90, "texture": "#0", "cullface": "east"}
			}
		},
		{
			"from": [16, 11, 9],
			"to": [16.7, 13, 15],
			"rotation": {"angle": 0, "axis": "y", "origin": [8.25, 7.5, 16.225]},
			"faces": {
				"north": {"uv": [1.032, 3.032, 1.732, 5.032], "texture": "#0", "cullface": "east"},
				"east": {"uv": [1, 3, 7, 5], "texture": "#0", "cullface": "east"},
				"south": {"uv": [1.032, 3.032, 1.732, 5.032], "texture": "#0", "cullface": "east"},
				"up": {"uv": [1.032, 3.032, 7.032, 3.732], "rotation": 90, "texture": "#0", "cullface": "east"},
				"down": {"uv": [1.032, 3.032, 7.032, 3.732], "rotation": 270, "texture": "#0", "cullface": "east"}
			}
		},
		{
			"from": [16, 10, 12],
			"to": [16.7, 11, 15],
			"rotation": {"angle": 0, "axis": "y", "origin": [8.25, 7.5, 16.225]},
			"faces": {
				"north": {"uv": [1.032, 5.032, 1.732, 6.032], "texture": "#0", "cullface": "east"},
				"east": {"uv": [1, 5, 4, 6], "texture": "#0", "cullface": "east"},
				"south": {"uv": [1.032, 5.032, 1.732, 6.032], "texture": "#0", "cullface": "east"},
				"down": {"uv": [1.032, 5.032, 4.032, 5.732], "rotation": 270, "texture": "#0", "cullface": "east"}
			}
		},
		{
			"from": [16, 9, 5],
			"to": [16.5, 12, 6],
			"rotation": {"angle": 0, "axis": "y", "origin": [8.25, 7.5, 16.225]},
			"faces": {
				"east": {"uv": [10, 4, 11, 7], "texture": "#0", "cullface": "east"},
				"south": {"uv": [10.032, 4.032, 10.532, 7.032], "texture": "#0", "cullface": "east"},
				"up": {"uv": [10.032, 4.032, 11.032, 4.532], "rotation": 90, "texture": "#0", "cullface": "east"},
				"down": {"uv": [10.032, 4.032, 11.032, 4.532], "rotation": 270, "texture": "#0", "cullface": "east"}
			}
		},
		{
			"from": [2, 16, 6],
			"to": [3, 16.5, 13],
			"rotation": {"angle": 0, "axis": "y", "origin": [10, 24, 14]},
			"faces": {
				"north": {"uv": [2.032, 6.032, 3.032, 6.532], "texture": "#1", "cullface": "up"},
				"east": {"uv": [2.032, 6.032, 9.032, 6.532], "texture": "#1", "cullface": "up"},
				"west": {"uv": [2.032, 6.032, 9.032, 6.532], "texture": "#1", "cullface": "up"},
				"up": {"uv": [2, 6, 3, 13], "texture": "#1", "cullface": "up"}
			}
		},
		{
			"from": [13, 16, 4],
			"to": [14, 16.5, 12],
			"rotation": {"angle": 0, "axis": "y", "origin": [21, 24, 13]},
			"faces": {
				"north": {"uv": [13.032, 4.032, 14.032, 4.532], "texture": "#1", "cullface": "up"},
				"east": {"uv": [13.032, 4.032, 13.532, 12.032], "rotation": 90, "texture": "#1", "cullface": "up"},
				"west": {"uv": [13.032, 4.032, 13.532, 12.032], "rotation": 90, "texture": "#1", "cullface": "up"},
				"up": {"uv": [13, 4, 14, 12], "texture": "#1", "cullface": "up"}
			}
		},
		{
			"from": [11, 16, 3],
			"to": [12, 16.5, 10],
			"rotation": {"angle": 0, "axis": "y", "origin": [19, 24, 12]},
			"faces": {
				"north": {"uv": [11.032, 3.032, 12.032, 3.532], "texture": "#1", "cullface": "up"},
				"east": {"uv": [11.032, 3.032, 11.532, 10.032], "rotation": 90, "texture": "#1", "cullface": "up"},
				"south": {"uv": [11.032, 3.032, 12.032, 3.532], "texture": "#1", "cullface": "up"},
				"west": {"uv": [11.032, 3.032, 11.532, 10.032], "rotation": 90, "texture": "#1", "cullface": "up"},
				"up": {"uv": [11, 3, 12, 10], "texture": "#1", "cullface": "up"}
			}
		},
		{
			"from": [4, 16, 5],
			"to": [5, 16.5, 10],
			"rotation": {"angle": 0, "axis": "y", "origin": [12, 24, 12]},
			"faces": {
				"north": {"uv": [4.032, 5.032, 5.032, 5.532], "texture": "#1", "cullface": "up"},
				"east": {"uv": [4.032, 5.032, 9.032, 5.532], "texture": "#1", "cullface": "up"},
				"south": {"uv": [4.032, 5.032, 5.032, 5.532], "texture": "#1", "cullface": "up"},
				"west": {"uv": [4.032, 5.032, 9.032, 5.532], "texture": "#1", "cullface": "up"},
				"up": {"uv": [4, 5, 5, 10], "texture": "#1", "cullface": "up"}
			}
		},
		{
			"from": [5, 16, 10],
			"to": [11, 16.5, 11],
			"rotation": {"angle": 0, "axis": "y", "origin": [13, 24, 13]},
			"faces": {
				"north": {"uv": [5.032, 10.032, 11.032, 10.532], "texture": "#1", "cullface": "up"},
				"east": {"uv": [5.032, 10.032, 6.032, 10.532], "texture": "#1", "cullface": "up"},
				"south": {"uv": [5.032, 10.032, 11.032, 10.532], "texture": "#1", "cullface": "up"},
				"west": {"uv": [5.032, 10.032, 6.032, 10.532], "texture": "#1", "cullface": "up"},
				"up": {"uv": [5, 10, 11, 11], "texture": "#1", "cullface": "up"}
			}
		},
		{
			"from": [6, 16, 3],
			"to": [10, 16.5, 4],
			"rotation": {"angle": 0, "axis": "y", "origin": [13, 24, 6]},
			"faces": {
				"north": {"uv": [6.032, 3.032, 10.032, 3.532], "texture": "#1", "cullface": "up"},
				"east": {"uv": [6.032, 3.032, 7.032, 3.532], "texture": "#1", "cullface": "up"},
				"south": {"uv": [6.032, 3.032, 10.032, 3.532], "texture": "#1", "cullface": "up"},
				"west": {"uv": [6.032, 3.032, 7.032, 3.532], "texture": "#1", "cullface": "up"},
				"up": {"uv": [6, 3, 10, 4], "texture": "#1", "cullface": "up"}
			}
		},
		{
			"from": [10, 16, 4],
			"to": [11, 16.5, 5],
			"rotation": {"angle": 0, "axis": "y", "origin": [13, 24, 7]},
			"faces": {
				"north": {"uv": [10.032, 4.032, 11.032, 4.532], "texture": "#1", "cullface": "up"},
				"south": {"uv": [10.032, 4.032, 11.032, 4.532], "texture": "#1", "cullface": "up"},
				"west": {"uv": [10.032, 4.032, 11.032, 4.532], "texture": "#1", "cullface": "up"},
				"up": {"uv": [10, 4, 11, 5], "texture": "#1", "cullface": "up"}
			}
		},
		{
			"from": [9, 16, 5],
			"to": [10, 16.5, 9],
			"rotation": {"angle": 0, "axis": "y", "origin": [12, 24, 8]},
			"faces": {
				"north": {"uv": [9.032, 5.032, 10.032, 5.532], "texture": "#1", "cullface": "up"},
				"east": {"uv": [9.032, 5.032, 13.032, 5.532], "texture": "#1", "cullface": "up"},
				"south": {"uv": [9.032, 5.032, 10.032, 5.532], "texture": "#1", "cullface": "up"},
				"west": {"uv": [9.032, 5.032, 13.032, 5.532], "texture": "#1", "cullface": "up"},
				"up": {"uv": [9, 5, 10, 9], "texture": "#1", "cullface": "up"}
			}
		},
		{
			"from": [6, 16, 5],
			"to": [7, 16.5, 9],
			"rotation": {"angle": 0, "axis": "y", "origin": [9, 24, 8]},
			"faces": {
				"north": {"uv": [6.032, 5.032, 7.032, 5.532], "texture": "#1", "cullface": "up"},
				"east": {"uv": [6.032, 5.032, 10.032, 5.532], "texture": "#1", "cullface": "up"},
				"south": {"uv": [6.032, 5.032, 7.032, 5.532], "texture": "#1", "cullface": "up"},
				"west": {"uv": [6.032, 5.032, 10.032, 5.532], "texture": "#1", "cullface": "up"},
				"up": {"uv": [6, 5, 7, 9], "texture": "#1", "cullface": "up"}
			}
		},
		{
			"from": [7, 16, 8],
			"to": [9, 16.5, 9],
			"rotation": {"angle": 0, "axis": "y", "origin": [10, 24, 8]},
			"faces": {
				"north": {"uv": [7.032, 8.032, 9.032, 8.532], "texture": "#1", "cullface": "up"},
				"south": {"uv": [7.032, 8.032, 9.032, 8.532], "texture": "#1", "cullface": "up"},
				"up": {"uv": [7, 8, 9, 9], "texture": "#1", "cullface": "up"}
			}
		},
		{
			"from": [7, 16, 5],
			"to": [9, 16.5, 6],
			"rotation": {"angle": 0, "axis": "y", "origin": [10, 24, 5]},
			"faces": {
				"north": {"uv": [7.032, 5.032, 9.032, 5.532], "texture": "#1", "cullface": "up"},
				"south": {"uv": [7.032, 5.032, 9.032, 5.532], "texture": "#1", "cullface": "up"},
				"up": {"uv": [7, 5, 9, 6], "texture": "#1", "cullface": "up"}
			}
		},
		{
			"from": [0, 16, 2],
			"to": [6, 16.5, 3],
			"rotation": {"angle": 0, "axis": "y", "origin": [7, 24, 2]},
			"faces": {
				"north": {"uv": [0.032, 2.032, 6.032, 2.532], "texture": "#1", "cullface": "up"},
				"east": {"uv": [0.032, 2.032, 1.032, 2.532], "texture": "#1", "cullface": "up"},
				"south": {"uv": [0.032, 2.032, 6.032, 2.532], "texture": "#1", "cullface": "up"},
				"west": {"uv": [0.032, 2.032, 1.032, 2.532], "texture": "#1", "cullface": "up"},
				"up": {"uv": [0, 2, 6, 3], "texture": "#1", "cullface": "up"}
			}
		},
		{
			"from": [2, 16, 0],
			"to": [8, 16.5, 1],
			"rotation": {"angle": 0, "axis": "y", "origin": [9, 24, 0]},
			"faces": {
				"north": {"uv": [2.032, 0.032, 8.032, 0.532], "texture": "#1", "cullface": "up"},
				"east": {"uv": [2.032, 0.032, 3.032, 0.532], "texture": "#1", "cullface": "up"},
				"south": {"uv": [2.032, 0.032, 8.032, 0.532], "texture": "#1", "cullface": "up"},
				"west": {"uv": [2.032, 0.032, 3.032, 0.532], "texture": "#1", "cullface": "up"},
				"up": {"uv": [2, 0, 8, 1], "texture": "#1", "cullface": "up"}
			}
		},
		{
			"from": [8, 16, 1],
			"to": [14, 16.5, 2],
			"rotation": {"angle": 0, "axis": "y", "origin": [15, 24, 1]},
			"faces": {
				"north": {"uv": [8.032, 1.032, 14.032, 1.532], "texture": "#1", "cullface": "up"},
				"east": {"uv": [8.032, 1.032, 9.032, 1.532], "texture": "#1", "cullface": "up"},
				"south": {"uv": [8.032, 1.032, 14.032, 1.532], "texture": "#1", "cullface": "up"},
				"west": {"uv": [8.032, 1.032, 9.032, 1.532], "texture": "#1", "cullface": "up"},
				"up": {"uv": [8, 1, 14, 2], "texture": "#1", "cullface": "up"}
			}
		},
		{
			"from": [13, 16, 2],
			"to": [15, 16.5, 3],
			"rotation": {"angle": 0, "axis": "y", "origin": [16, 24, 2]},
			"faces": {
				"north": {"uv": [13.032, 2.032, 15.032, 2.532], "texture": "#1", "cullface": "up"},
				"south": {"uv": [13.032, 2.032, 15.032, 2.532], "texture": "#1", "cullface": "up"},
				"west": {"uv": [13.032, 2.032, 14.032, 2.532], "texture": "#1", "cullface": "up"},
				"up": {"uv": [13, 2, 15, 3], "texture": "#1", "cullface": "up"}
			}
		},
		{
			"from": [13, 16, 13],
			"to": [15, 16.5, 14],
			"rotation": {"angle": 0, "axis": "y", "origin": [16, 24, 13]},
			"faces": {
				"east": {"uv": [13.032, 13.032, 14.032, 13.532], "texture": "#1", "cullface": "up"},
				"south": {"uv": [13.032, 13.032, 15.032, 13.532], "texture": "#1", "cullface": "up"},
				"west": {"uv": [13.032, 13.032, 14.032, 13.532], "texture": "#1", "cullface": "up"},
				"up": {"uv": [13, 13, 15, 14], "texture": "#1", "cullface": "up"}
			}
		},
		{
			"from": [14, 16, 12],
			"to": [16, 16.5, 13],
			"rotation": {"angle": 0, "axis": "y", "origin": [17, 24, 12]},
			"faces": {
				"north": {"uv": [14.032, 12.032, 16.032, 12.532], "texture": "#1", "cullface": "up"},
				"east": {"uv": [14.032, 12.032, 15.032, 12.532], "texture": "#1", "cullface": "up"},
				"south": {"uv": [14.032, 12.032, 16.032, 12.532], "texture": "#1", "cullface": "up"},
				"up": {"uv": [14, 12, 16, 13], "texture": "#1", "cullface": "up"}
			}
		},
		{
			"from": [1, 16, 15],
			"to": [14, 16.5, 16],
			"rotation": {"angle": 0, "axis": "y", "origin": [15, 24, 15]},
			"faces": {
				"north": {"uv": [1.032, 15.032, 14.032, 15.532], "texture": "#1", "cullface": "up"},
				"east": {"uv": [1.032, 15.032, 2.032, 15.532], "texture": "#1", "cullface": "up"},
				"south": {"uv": [1.032, 15.032, 14.032, 15.532], "texture": "#1", "cullface": "up"},
				"west": {"uv": [1.032, 15.032, 2.032, 15.532], "texture": "#1", "cullface": "up"},
				"up": {"uv": [1, 15, 14, 16], "texture": "#1", "cullface": "up"}
			}
		},
		{
			"from": [2, 16, 14],
			"to": [10, 16.5, 15],
			"rotation": {"angle": 0, "axis": "y", "origin": [11, 24, 14]},
			"faces": {
				"north": {"uv": [2.032, 14.032, 10.032, 14.532], "texture": "#1", "cullface": "up"},
				"east": {"uv": [2.032, 14.032, 3.032, 14.532], "texture": "#1", "cullface": "up"},
				"west": {"uv": [2.032, 14.032, 3.032, 14.532], "texture": "#1", "cullface": "up"},
				"up": {"uv": [2, 14, 10, 15], "texture": "#1", "cullface": "up"}
			}
		},
		{
			"from": [0, 16, 13],
			"to": [3, 16.5, 14],
			"rotation": {"angle": 0, "axis": "y", "origin": [9, 24, 13]},
			"faces": {
				"north": {"uv": [0.032, 13.032, 3.032, 13.532], "texture": "#1", "cullface": "up"},
				"east": {"uv": [0.032, 13.032, 1.032, 13.532], "texture": "#1", "cullface": "up"},
				"south": {"uv": [0.032, 13.032, 3.032, 13.532], "texture": "#1", "cullface": "up"},
				"west": {"uv": [0.032, 13.032, 1.032, 13.532], "texture": "#1", "cullface": "up"},
				"up": {"uv": [0, 13, 3, 14], "texture": "#1", "cullface": "up"}
			}
		},
		{
			"from": [0, 16, 8],
			"to": [1, 16.5, 13],
			"rotation": {"angle": 0, "axis": "y", "origin": [9, 24, 12]},
			"faces": {
				"north": {"uv": [0.032, 8.032, 1.032, 8.532], "texture": "#1", "cullface": "up"},
				"east": {"uv": [0.032, 8.032, 5.032, 8.532], "texture": "#1", "cullface": "up"},
				"west": {"uv": [0.032, 8.032, 5.032, 8.532], "texture": "#1", "cullface": "up"},
				"up": {"uv": [0, 8, 1, 13], "texture": "#1", "cullface": "up"}
			}
		},
		{
			"from": [3, 16, 4],
			"to": [4, 16.5, 6],
			"rotation": {"angle": 0, "axis": "y", "origin": [12, 24, 8]},
			"faces": {
				"north": {"uv": [3.032, 4.032, 4.032, 4.532], "texture": "#1", "cullface": "up"},
				"east": {"uv": [3.032, 4.032, 5.032, 4.532], "texture": "#1", "cullface": "up"},
				"south": {"uv": [3.032, 4.032, 4.032, 4.532], "texture": "#1", "cullface": "up"},
				"west": {"uv": [3.032, 4.032, 5.032, 4.532], "texture": "#1", "cullface": "up"},
				"up": {"uv": [3, 4, 4, 6], "texture": "#1", "cullface": "up"}
			}
		},
		{
			"from": [1, 16, 3],
			"to": [2, 16.5, 4],
			"rotation": {"angle": 0, "axis": "y", "origin": [10, 24, 7]},
			"faces": {
				"east": {"uv": [1.032, 3.032, 2.032, 3.532], "texture": "#1", "cullface": "up"},
				"south": {"uv": [1.032, 3.032, 2.032, 3.532], "texture": "#1", "cullface": "up"},
				"west": {"uv": [1.032, 3.032, 2.032, 3.532], "texture": "#1", "cullface": "up"},
				"up": {"uv": [1, 3, 2, 4], "texture": "#1", "cullface": "up"}
			}
		},
		{
			"from": [1, 16, 1],
			"to": [3, 16.5, 2],
			"rotation": {"angle": 0, "axis": "y", "origin": [10, 24, 5]},
			"faces": {
				"north": {"uv": [1.032, 1.032, 3.032, 1.532], "texture": "#1", "cullface": "up"},
				"east": {"uv": [1.032, 1.032, 2.032, 1.532], "texture": "#1", "cullface": "up"},
				"west": {"uv": [1.032, 1.032, 2.032, 1.532], "texture": "#1", "cullface": "up"},
				"up": {"uv": [1, 1, 3, 2], "texture": "#1", "cullface": "up"}
			}
		},
		{
			"from": [13, 16, 14],
			"to": [14, 16.5, 15],
			"rotation": {"angle": 0, "axis": "y", "origin": [15, 24, 14]},
			"faces": {
				"east": {"uv": [13.032, 14.032, 14.032, 14.532], "texture": "#1", "cullface": "up"},
				"west": {"uv": [13.032, 14.032, 14.032, 14.532], "texture": "#1", "cullface": "up"},
				"up": {"uv": [13, 14, 14, 15], "texture": "#1", "cullface": "up"}
			}
		},
		{
			"from": [15, 16, 14],
			"to": [16, 16.5, 16],
			"rotation": {"angle": 0, "axis": "y", "origin": [17, 24, 14]},
			"faces": {
				"north": {"uv": [15.032, 14.032, 16.032, 14.532], "texture": "#1", "cullface": "up"},
				"east": {"uv": [15.032, 14.032, 15.532, 16.032], "rotation": 90, "texture": "#1", "cullface": "up"},
				"south": {"uv": [15.032, 14.032, 16.032, 14.532], "texture": "#1", "cullface": "up"},
				"west": {"uv": [15.032, 14.032, 15.532, 16.032], "rotation": 90, "texture": "#1", "cullface": "up"},
				"up": {"uv": [15, 14, 16, 16], "texture": "#1", "cullface": "up"}
			}
		},
		{
			"from": [15, 16, 0],
			"to": [16, 16.5, 8],
			"rotation": {"angle": 0, "axis": "y", "origin": [17, 24, 7]},
			"faces": {
				"north": {"uv": [15.032, 0.032, 16.032, 0.532], "texture": "#1", "cullface": "up"},
				"east": {"uv": [15.032, 0.032, 15.532, 8.032], "rotation": 90, "texture": "#1", "cullface": "up"},
				"south": {"uv": [15.032, 0.032, 16.032, 0.532], "texture": "#1", "cullface": "up"},
				"west": {"uv": [15.032, 0.032, 15.532, 8.032], "rotation": 90, "texture": "#1", "cullface": "up"},
				"up": {"uv": [15, 0, 16, 8], "texture": "#1", "cullface": "up"}
			}
		},
		{
			"from": [3, 16, 12],
			"to": [14, 16.5, 13],
			"rotation": {"angle": 0, "axis": "y", "origin": [11, 24, 14]},
			"faces": {
				"north": {"uv": [3.032, 12.032, 14.032, 12.532], "texture": "#1", "cullface": "up"},
				"south": {"uv": [3.032, 12.032, 14.032, 12.532], "texture": "#1", "cullface": "up"},
				"up": {"uv": [3, 12, 14, 13], "texture": "#1", "cullface": "up"}
			}
		},
		{
			"from": [2, -0.5, 3],
			"to": [3, 0, 10],
			"rotation": {"angle": 0, "axis": "y", "origin": [8, -0.25, 8]},
			"faces": {
				"east": {"uv": [2.032, 6.032, 9.032, 6.532], "rotation": 180, "texture": "#1", "cullface": "down"},
				"south": {"uv": [2.032, 6.032, 3.032, 6.532], "rotation": 180, "texture": "#1", "cullface": "down"},
				"west": {"uv": [2.032, 6.032, 9.032, 6.532], "rotation": 180, "texture": "#1", "cullface": "down"},
				"down": {"uv": [2, 6, 3, 13], "texture": "#1", "cullface": "down"}
			}
		},
		{
			"from": [13, -0.5, 4],
			"to": [14, 0, 12],
			"rotation": {"angle": 0, "axis": "y", "origin": [8, -0.25, 8]},
			"faces": {
				"east": {"uv": [13.032, 4.032, 13.532, 12.032], "rotation": 270, "texture": "#1", "cullface": "down"},
				"south": {"uv": [13.032, 4.032, 14.032, 4.532], "rotation": 180, "texture": "#1", "cullface": "down"},
				"west": {"uv": [13.032, 4.032, 13.532, 12.032], "rotation": 270, "texture": "#1", "cullface": "down"},
				"down": {"uv": [13, 4, 14, 12], "texture": "#1", "cullface": "down"}
			}
		},
		{
			"from": [11, -0.5, 6],
			"to": [12, 0, 13],
			"rotation": {"angle": 0, "axis": "y", "origin": [8, -0.25, 8]},
			"faces": {
				"north": {"uv": [11.032, 3.032, 12.032, 3.532], "rotation": 180, "texture": "#1", "cullface": "down"},
				"east": {"uv": [11.032, 3.032, 11.532, 10.032], "rotation": 270, "texture": "#1", "cullface": "down"},
				"south": {"uv": [11.032, 3.032, 12.032, 3.532], "rotation": 180, "texture": "#1", "cullface": "down"},
				"west": {"uv": [11.032, 3.032, 11.532, 10.032], "rotation": 270, "texture": "#1", "cullface": "down"},
				"down": {"uv": [11, 3, 12, 10], "texture": "#1", "cullface": "down"}
			}
		},
		{
			"from": [4, -0.5, 6],
			"to": [5, 0, 11],
			"rotation": {"angle": 0, "axis": "y", "origin": [8, -0.25, 8]},
			"faces": {
				"north": {"uv": [4.032, 5.032, 5.032, 5.532], "rotation": 180, "texture": "#1", "cullface": "down"},
				"east": {"uv": [4.032, 5.032, 9.032, 5.532], "rotation": 180, "texture": "#1", "cullface": "down"},
				"south": {"uv": [4.032, 5.032, 5.032, 5.532], "rotation": 180, "texture": "#1", "cullface": "down"},
				"west": {"uv": [4.032, 5.032, 9.032, 5.532], "rotation": 180, "texture": "#1", "cullface": "down"},
				"down": {"uv": [4, 5, 5, 10], "texture": "#1", "cullface": "down"}
			}
		},
		{
			"from": [5, -0.5, 5],
			"to": [11, 0, 6],
			"rotation": {"angle": 0, "axis": "y", "origin": [8, -0.25, 8]},
			"faces": {
				"north": {"uv": [5.032, 10.032, 11.032, 10.532], "rotation": 180, "texture": "#1", "cullface": "down"},
				"east": {"uv": [5.032, 10.032, 6.032, 10.532], "rotation": 180, "texture": "#1", "cullface": "down"},
				"south": {"uv": [5.032, 10.032, 11.032, 10.532], "rotation": 180, "texture": "#1", "cullface": "down"},
				"west": {"uv": [5.032, 10.032, 6.032, 10.532], "rotation": 180, "texture": "#1", "cullface": "down"},
				"down": {"uv": [5, 10, 11, 11], "texture": "#1", "cullface": "down"}
			}
		},
		{
			"from": [6, -0.5, 12],
			"to": [10, 0, 13],
			"rotation": {"angle": 0, "axis": "y", "origin": [8, -0.25, 8]},
			"faces": {
				"north": {"uv": [6.032, 3.032, 10.032, 3.532], "rotation": 180, "texture": "#1", "cullface": "down"},
				"east": {"uv": [6.032, 3.032, 7.032, 3.532], "rotation": 180, "texture": "#1", "cullface": "down"},
				"south": {"uv": [6.032, 3.032, 10.032, 3.532], "rotation": 180, "texture": "#1", "cullface": "down"},
				"west": {"uv": [6.032, 3.032, 7.032, 3.532], "rotation": 180, "texture": "#1", "cullface": "down"},
				"down": {"uv": [6, 3, 10, 4], "texture": "#1", "cullface": "down"}
			}
		},
		{
			"from": [10, -0.5, 11],
			"to": [11, 0, 12],
			"rotation": {"angle": 0, "axis": "y", "origin": [8, -0.25, 8]},
			"faces": {
				"north": {"uv": [10.032, 4.032, 11.032, 4.532], "rotation": 180, "texture": "#1", "cullface": "down"},
				"south": {"uv": [10.032, 4.032, 11.032, 4.532], "rotation": 180, "texture": "#1", "cullface": "down"},
				"west": {"uv": [10.032, 4.032, 11.032, 4.532], "rotation": 180, "texture": "#1", "cullface": "down"},
				"down": {"uv": [10, 4, 11, 5], "texture": "#1", "cullface": "down"}
			}
		},
		{
			"from": [9, -0.5, 7],
			"to": [10, 0, 11],
			"rotation": {"angle": 0, "axis": "y", "origin": [8, -0.25, 8]},
			"faces": {
				"north": {"uv": [9.032, 5.032, 10.032, 5.532], "rotation": 180, "texture": "#1", "cullface": "down"},
				"east": {"uv": [9.032, 5.032, 13.032, 5.532], "rotation": 180, "texture": "#1", "cullface": "down"},
				"south": {"uv": [9.032, 5.032, 10.032, 5.532], "rotation": 180, "texture": "#1", "cullface": "down"},
				"west": {"uv": [9.032, 5.032, 13.032, 5.532], "rotation": 180, "texture": "#1", "cullface": "down"},
				"down": {"uv": [9, 5, 10, 9], "texture": "#1", "cullface": "down"}
			}
		},
		{
			"from": [6, -0.5, 7],
			"to": [7, 0, 11],
			"rotation": {"angle": 0, "axis": "y", "origin": [8, -0.25, 8]},
			"faces": {
				"north": {"uv": [6.032, 5.032, 7.032, 5.532], "rotation": 180, "texture": "#1", "cullface": "down"},
				"east": {"uv": [6.032, 5.032, 10.032, 5.532], "rotation": 180, "texture": "#1", "cullface": "down"},
				"south": {"uv": [6.032, 5.032, 7.032, 5.532], "rotation": 180, "texture": "#1", "cullface": "down"},
				"west": {"uv": [6.032, 5.032, 10.032, 5.532], "rotation": 180, "texture": "#1", "cullface": "down"},
				"down": {"uv": [6, 5, 7, 9], "texture": "#1", "cullface": "down"}
			}
		},
		{
			"from": [7, -0.5, 7],
			"to": [9, 0, 8],
			"rotation": {"angle": 0, "axis": "y", "origin": [8, -0.25, 8]},
			"faces": {
				"north": {"uv": [7.032, 8.032, 9.032, 8.532], "rotation": 180, "texture": "#1", "cullface": "down"},
				"south": {"uv": [7.032, 8.032, 9.032, 8.532], "rotation": 180, "texture": "#1", "cullface": "down"},
				"down": {"uv": [7, 8, 9, 9], "texture": "#1", "cullface": "down"}
			}
		},
		{
			"from": [7, -0.5, 10],
			"to": [9, 0, 11],
			"rotation": {"angle": 0, "axis": "y", "origin": [8, -0.25, 8]},
			"faces": {
				"north": {"uv": [7.032, 5.032, 9.032, 5.532], "rotation": 180, "texture": "#1", "cullface": "down"},
				"south": {"uv": [7.032, 5.032, 9.032, 5.532], "rotation": 180, "texture": "#1", "cullface": "down"},
				"down": {"uv": [7, 5, 9, 6], "texture": "#1", "cullface": "down"}
			}
		},
		{
			"from": [0, -0.5, 13],
			"to": [6, 0, 14],
			"rotation": {"angle": 0, "axis": "y", "origin": [8, -0.25, 8]},
			"faces": {
				"north": {"uv": [0.032, 2.032, 6.032, 2.532], "rotation": 180, "texture": "#1", "cullface": "down"},
				"east": {"uv": [0.032, 2.032, 1.032, 2.532], "rotation": 180, "texture": "#1", "cullface": "down"},
				"south": {"uv": [0.032, 2.032, 6.032, 2.532], "rotation": 180, "texture": "#1", "cullface": "down"},
				"west": {"uv": [0.032, 2.032, 1.032, 2.532], "rotation": 180, "texture": "#1", "cullface": "down"},
				"down": {"uv": [0, 2, 6, 3], "texture": "#1", "cullface": "down"}
			}
		},
		{
			"from": [2, -0.5, 15],
			"to": [8, 0, 16],
			"rotation": {"angle": 0, "axis": "y", "origin": [8, -0.25, 8]},
			"faces": {
				"north": {"uv": [2.032, 0.032, 8.032, 0.532], "rotation": 180, "texture": "#1", "cullface": "down"},
				"east": {"uv": [2.032, 0.032, 3.032, 0.532], "rotation": 180, "texture": "#1", "cullface": "down"},
				"south": {"uv": [2.032, 0.032, 8.032, 0.532], "rotation": 180, "texture": "#1", "cullface": "down"},
				"west": {"uv": [2.032, 0.032, 3.032, 0.532], "rotation": 180, "texture": "#1", "cullface": "down"},
				"down": {"uv": [2, 0, 8, 1], "texture": "#1", "cullface": "down"}
			}
		},
		{
			"from": [8, -0.5, 14],
			"to": [14, 0, 15],
			"rotation": {"angle": 0, "axis": "y", "origin": [8, -0.25, 8]},
			"faces": {
				"north": {"uv": [8.032, 1.032, 14.032, 1.532], "rotation": 180, "texture": "#1", "cullface": "down"},
				"east": {"uv": [8.032, 1.032, 9.032, 1.532], "rotation": 180, "texture": "#1", "cullface": "down"},
				"south": {"uv": [8.032, 1.032, 14.032, 1.532], "rotation": 180, "texture": "#1", "cullface": "down"},
				"west": {"uv": [8.032, 1.032, 9.032, 1.532], "rotation": 180, "texture": "#1", "cullface": "down"},
				"down": {"uv": [8, 1, 14, 2], "texture": "#1", "cullface": "down"}
			}
		},
		{
			"from": [13, -0.5, 13],
			"to": [15, 0, 14],
			"rotation": {"angle": 0, "axis": "y", "origin": [8, -0.25, 8]},
			"faces": {
				"north": {"uv": [13.032, 2.032, 15.032, 2.532], "rotation": 180, "texture": "#1", "cullface": "down"},
				"south": {"uv": [13.032, 2.032, 15.032, 2.532], "rotation": 180, "texture": "#1", "cullface": "down"},
				"west": {"uv": [13.032, 2.032, 14.032, 2.532], "rotation": 180, "texture": "#1", "cullface": "down"},
				"down": {"uv": [13, 2, 15, 3], "texture": "#1", "cullface": "down"}
			}
		},
		{
			"from": [13, -0.5, 2],
			"to": [15, 0, 3],
			"rotation": {"angle": 0, "axis": "y", "origin": [8, -0.25, 8]},
			"faces": {
				"north": {"uv": [13.032, 13.032, 15.032, 13.532], "rotation": 180, "texture": "#1", "cullface": "down"},
				"east": {"uv": [13.032, 13.032, 14.032, 13.532], "rotation": 180, "texture": "#1", "cullface": "down"},
				"west": {"uv": [13.032, 13.032, 14.032, 13.532], "rotation": 180, "texture": "#1", "cullface": "down"},
				"down": {"uv": [13, 13, 15, 14], "texture": "#1", "cullface": "down"}
			}
		},
		{
			"from": [14, -0.5, 3],
			"to": [16, 0, 4],
			"rotation": {"angle": 0, "axis": "y", "origin": [8, -0.25, 8]},
			"faces": {
				"north": {"uv": [14.032, 12.032, 16.032, 12.532], "rotation": 180, "texture": "#1", "cullface": "down"},
				"east": {"uv": [14.032, 12.032, 15.032, 12.532], "rotation": 180, "texture": "#1", "cullface": "down"},
				"south": {"uv": [14.032, 12.032, 16.032, 12.532], "rotation": 180, "texture": "#1", "cullface": "down"},
				"down": {"uv": [14, 12, 16, 13], "texture": "#1", "cullface": "down"}
			}
		},
		{
			"from": [1, -0.5, 0],
			"to": [14, 0, 1],
			"rotation": {"angle": 0, "axis": "y", "origin": [8, -0.25, 8]},
			"faces": {
				"north": {"uv": [1.032, 15.032, 14.032, 15.532], "rotation": 180, "texture": "#1", "cullface": "down"},
				"east": {"uv": [1.032, 15.032, 2.032, 15.532], "rotation": 180, "texture": "#1", "cullface": "down"},
				"south": {"uv": [1.032, 15.032, 14.032, 15.532], "rotation": 180, "texture": "#1", "cullface": "down"},
				"west": {"uv": [1.032, 15.032, 2.032, 15.532], "rotation": 180, "texture": "#1", "cullface": "down"},
				"down": {"uv": [1, 15, 14, 16], "texture": "#1", "cullface": "down"}
			}
		},
		{
			"from": [2, -0.5, 1],
			"to": [10, 0, 2],
			"rotation": {"angle": 0, "axis": "y", "origin": [8, -0.25, 8]},
			"faces": {
				"east": {"uv": [2.032, 14.032, 3.032, 14.532], "rotation": 180, "texture": "#1", "cullface": "down"},
				"south": {"uv": [2.032, 14.032, 10.032, 14.532], "rotation": 180, "texture": "#1", "cullface": "down"},
				"west": {"uv": [2.032, 14.032, 3.032, 14.532], "rotation": 180, "texture": "#1", "cullface": "down"},
				"down": {"uv": [2, 14, 10, 15], "texture": "#1", "cullface": "down"}
			}
		},
		{
			"from": [0, -0.5, 2],
			"to": [3, 0, 3],
			"rotation": {"angle": 0, "axis": "y", "origin": [8, -0.25, 8]},
			"faces": {
				"north": {"uv": [0.032, 13.032, 3.032, 13.532], "rotation": 180, "texture": "#1", "cullface": "down"},
				"east": {"uv": [0.032, 13.032, 1.032, 13.532], "rotation": 180, "texture": "#1", "cullface": "down"},
				"south": {"uv": [0.032, 13.032, 3.032, 13.532], "rotation": 180, "texture": "#1", "cullface": "down"},
				"west": {"uv": [0.032, 13.032, 1.032, 13.532], "rotation": 180, "texture": "#1", "cullface": "down"},
				"down": {"uv": [0, 13, 3, 14], "texture": "#1", "cullface": "down"}
			}
		},
		{
			"from": [0, -0.5, 3],
			"to": [1, 0, 8],
			"rotation": {"angle": 0, "axis": "y", "origin": [8, -0.25, 8]},
			"faces": {
				"east": {"uv": [0.032, 8.032, 5.032, 8.532], "rotation": 180, "texture": "#1", "cullface": "down"},
				"south": {"uv": [0.032, 8.032, 1.032, 8.532], "rotation": 180, "texture": "#1", "cullface": "down"},
				"west": {"uv": [0.032, 8.032, 5.032, 8.532], "rotation": 180, "texture": "#1", "cullface": "down"},
				"down": {"uv": [0, 8, 1, 13], "texture": "#1", "cullface": "down"}
			}
		},
		{
			"from": [3, -0.5, 10],
			"to": [4, 0, 12],
			"rotation": {"angle": 0, "axis": "y", "origin": [8, -0.25, 8]},
			"faces": {
				"north": {"uv": [3.032, 4.032, 4.032, 4.532], "rotation": 180, "texture": "#1", "cullface": "down"},
				"east": {"uv": [3.032, 4.032, 5.032, 4.532], "rotation": 180, "texture": "#1", "cullface": "down"},
				"south": {"uv": [3.032, 4.032, 4.032, 4.532], "rotation": 180, "texture": "#1", "cullface": "down"},
				"west": {"uv": [3.032, 4.032, 5.032, 4.532], "rotation": 180, "texture": "#1", "cullface": "down"},
				"down": {"uv": [3, 4, 4, 6], "texture": "#1", "cullface": "down"}
			}
		},
		{
			"from": [1, -0.5, 12],
			"to": [2, 0, 13],
			"rotation": {"angle": 0, "axis": "y", "origin": [8, -0.25, 8]},
			"faces": {
				"north": {"uv": [1.032, 3.032, 2.032, 3.532], "rotation": 180, "texture": "#1", "cullface": "down"},
				"east": {"uv": [1.032, 3.032, 2.032, 3.532], "rotation": 180, "texture": "#1", "cullface": "down"},
				"west": {"uv": [1.032, 3.032, 2.032, 3.532], "rotation": 180, "texture": "#1", "cullface": "down"},
				"down": {"uv": [1, 3, 2, 4], "texture": "#1", "cullface": "down"}
			}
		},
		{
			"from": [1, -0.5, 14],
			"to": [3, 0, 15],
			"rotation": {"angle": 0, "axis": "y", "origin": [8, -0.25, 8]},
			"faces": {
				"east": {"uv": [1.032, 1.032, 2.032, 1.532], "rotation": 180, "texture": "#1", "cullface": "down"},
				"south": {"uv": [1.032, 1.032, 3.032, 1.532], "rotation": 180, "texture": "#1", "cullface": "down"},
				"west": {"uv": [1.032, 1.032, 2.032, 1.532], "rotation": 180, "texture": "#1", "cullface": "down"},
				"down": {"uv": [1, 1, 3, 2], "texture": "#1", "cullface": "down"}
			}
		},
		{
			"from": [13, -0.5, 1],
			"to": [14, 0, 2],
			"rotation": {"angle": 0, "axis": "y", "origin": [8, -0.25, 8]},
			"faces": {
				"east": {"uv": [13.032, 14.032, 14.032, 14.532], "rotation": 180, "texture": "#1", "cullface": "down"},
				"west": {"uv": [13.032, 14.032, 14.032, 14.532], "rotation": 180, "texture": "#1", "cullface": "down"},
				"down": {"uv": [13, 14, 14, 15], "texture": "#1", "cullface": "down"}
			}
		},
		{
			"from": [15, -0.5, 0],
			"to": [16, 0, 2],
			"rotation": {"angle": 0, "axis": "y", "origin": [8, -0.25, 8]},
			"faces": {
				"north": {"uv": [15.032, 14.032, 16.032, 14.532], "rotation": 180, "texture": "#1", "cullface": "down"},
				"east": {"uv": [15.032, 14.032, 15.532, 16.032], "rotation": 270, "texture": "#1", "cullface": "down"},
				"south": {"uv": [15.032, 14.032, 16.032, 14.532], "rotation": 180, "texture": "#1", "cullface": "down"},
				"west": {"uv": [15.032, 14.032, 15.532, 16.032], "rotation": 270, "texture": "#1", "cullface": "down"},
				"down": {"uv": [15, 14, 16, 16], "texture": "#1", "cullface": "down"}
			}
		},
		{
			"from": [15, -0.5, 8],
			"to": [16, 0, 16],
			"rotation": {"angle": 0, "axis": "y", "origin": [8, -0.25, 8]},
			"faces": {
				"north": {"uv": [15.032, 0.032, 16.032, 0.532], "rotation": 180, "texture": "#1", "cullface": "down"},
				"east": {"uv": [15.032, 0.032, 15.532, 8.032], "rotation": 270, "texture": "#1", "cullface": "down"},
				"south": {"uv": [15.032, 0.032, 16.032, 0.532], "rotation": 180, "texture": "#1", "cullface": "down"},
				"west": {"uv": [15.032, 0.032, 15.532, 8.032], "rotation": 270, "texture": "#1", "cullface": "down"},
				"down": {"uv": [15, 0, 16, 8], "texture": "#1", "cullface": "down"}
			}
		},
		{
			"from": [3, -0.5, 3],
			"to": [14, 0, 4],
			"rotation": {"angle": 0, "axis": "y", "origin": [8, -0.25, 8]},
			"faces": {
				"north": {"uv": [3.032, 12.032, 14.032, 12.532], "rotation": 180, "texture": "#1", "cullface": "down"},
				"south": {"uv": [3.032, 12.032, 14.032, 12.532], "rotation": 180, "texture": "#1", "cullface": "down"},
				"down": {"uv": [3, 12, 14, 13], "texture": "#1", "cullface": "down"}
			}
		}
	],
	"display": {
		"thirdperson_righthand": {
			"rotation": [75, 45, 0],
			"translation": [0, 2.5, 0],
			"scale": [0.375, 0.375, 0.375]
		},
		"thirdperson_lefthand": {
			"rotation": [75, 45, 0],
			"translation": [0, 2.5, 0],
			"scale": [0.375, 0.375, 0.375]
		},
		"firstperson_righthand": {
			"rotation": [0, 45, 0],
			"scale": [0.4, 0.4, 0.4]
		},
		"firstperson_lefthand": {
			"rotation": [0, 225, 0],
			"scale": [0.4, 0.4, 0.4]
		},
		"ground": {
			"translation": [0, 3, 0],
			"scale": [0.25, 0.25, 0.25]
		},
		"gui": {
			"rotation": [30, 225, 0],
			"scale": [0.625, 0.625, 0.625]
		},
		"fixed": {
			"scale": [0.5, 0.5, 0.5]
		}
	},
	"groups": [
		0,
		{
			"name": "1",
			"origin": [8, 8, 8],
			"color": 0,
			"children": [
				{
					"name": "group",
					"origin": [8.16, 7.74, -0.234],
					"color": 0,
					"children": [1, 2, 3, 4, 5, 6, 7, 8, 9, 10, 11, 12, 13, 14, 15, 16, 17, 18, 19, 20, 21, 22, 23, 24]
				},
				{
					"name": "group",
					"origin": [8.16, 7.74, -0.234],
					"color": 0,
					"children": [25, 26, 27, 28, 29, 30, 31, 32, 33, 34, 35, 36, 37, 38, 39, 40, 41, 42, 43, 44, 45, 46, 47, 48]
				},
				{
					"name": "group",
					"origin": [8.16, 7.74, -0.234],
					"color": 0,
					"children": [49, 50, 51, 52, 53, 54, 55, 56, 57, 58, 59, 60, 61, 62, 63, 64, 65, 66, 67, 68, 69, 70, 71, 72]
				},
				{
					"name": "group",
					"origin": [8.16, 7.74, -0.234],
					"color": 0,
					"children": [73, 74, 75, 76, 77, 78, 79, 80, 81, 82, 83, 84, 85, 86, 87, 88, 89, 90, 91, 92, 93, 94, 95, 96]
				}
			]
		},
		{
			"name": "2",
			"origin": [8, 8, 8],
			"color": 0,
			"children": [97, 98, 99, 100, 101, 102, 103, 104, 105, 106, 107, 108, 109, 110, 111, 112, 113, 114, 115, 116, 117, 118, 119, 120, 121, 122, 123, 124]
		},
		{
			"name": "3",
			"origin": [8, 8, 8],
			"color": 0,
			"children": [125, 126, 127, 128, 129, 130, 131, 132, 133, 134, 135, 136, 137, 138, 139, 140, 141, 142, 143, 144, 145, 146, 147, 148, 149, 150, 151, 152]
		}
	]
}