{
	"credit": "Made by The_Wild_Thomas (Discord : thomas0535)",
	"parent": "block/display_block",
	"ambientocclusion": false,
	"textures": {
		"3": "block/barrel_side_iron",
		"particle": "block/barrel_side",
		"side": "block/barrel_side",
		"bottom": "block/barrel_bottom",
		"top": "block/barrel_top_open"
	},
	"elements": [
		{
			"from": [0, 0, 0],
			"to": [16, 0, 16],
			"faces": {
				"down": {"uv": [0, 0, 16, 16], "texture": "#bottom", "cullface": "down"}
			}
		},
		{
			"from": [0, 0, 0],
			"to": [1, 16, 16],
			"faces": {
				"north": {"uv": [15, 0, 16, 16], "texture": "#side", "cullface": "north"},
				"east": {"uv": [0, 0, 16, 16], "texture": "#side"},
				"south": {"uv": [0, 0, 1, 16], "texture": "#side", "cullface": "south"},
				"west": {"uv": [0, 0, 16, 16], "texture": "#side", "cullface": "west"},
				"up": {"uv": [0, 0, 1, 16], "texture": "#top", "cullface": "up"}
			}
		},
		{
			"from": [15, 0, 0],
			"to": [16, 16, 16],
			"faces": {
				"north": {"uv": [0, 0, 1, 16], "texture": "#side", "cullface": "north"},
				"east": {"uv": [0, 0, 16, 16], "texture": "#side", "cullface": "east"},
				"south": {"uv": [15, 0, 16, 16], "texture": "#side", "cullface": "south"},
				"west": {"uv": [0, 0, 16, 16], "texture": "#side"},
				"up": {"uv": [15, 0, 16, 16], "texture": "#top", "cullface": "up"}
			}
		},
		{
			"from": [1, 0, 0],
			"to": [15, 16, 1],
			"faces": {
				"north": {"uv": [1, 0, 15, 16], "texture": "#side", "cullface": "north"},
				"south": {"uv": [1, 0, 15, 16], "texture": "#side"},
				"up": {"uv": [1, 0, 15, 1], "texture": "#top", "cullface": "up"}
			}
		},
		{
			"from": [1, 0, 15],
			"to": [15, 16, 16],
			"faces": {
				"north": {"uv": [1, 0, 15, 16], "texture": "#side"},
				"south": {"uv": [1, 0, 15, 16], "texture": "#side", "cullface": "south"},
				"up": {"uv": [1, 15, 15, 16], "texture": "#top", "cullface": "up"}
			}
		},
		{
			"from": [3, 13.5, 3],
			"to": [13, 13.5, 13],
			"faces": {
				"up": {"uv": [5, 4, 6, 5], "texture": "#top"}
			}
		},
		{
			"from": [3, 13.5, 6],
			"to": [4, 14.5, 7],
			"faces": {
				"east": {"uv": [4, 4, 5, 5], "texture": "#top"},
				"south": {"uv": [4, 4, 5, 5], "texture": "#top"},
				"up": {"uv": [4, 4, 5, 5], "texture": "#top"}
			}
		},
		{
			"from": [3, 13.5, 9],
			"to": [4, 14.5, 10],
			"faces": {
				"north": {"uv": [4, 4, 5, 5], "texture": "#top"},
				"east": {"uv": [4, 4, 5, 5], "texture": "#top"},
				"up": {"uv": [4, 4, 5, 5], "texture": "#top"}
			}
		},
		{
			"from": [4, 13.5, 11],
			"to": [5, 14.5, 12],
			"faces": {
				"north": {"uv": [4, 4, 5, 5], "texture": "#top"},
				"east": {"uv": [4, 4, 5, 5], "texture": "#top"},
				"up": {"uv": [4, 4, 5, 5], "texture": "#top"}
			}
		},
		{
			"from": [6, 13.5, 12],
			"to": [7, 14.5, 13],
			"faces": {
				"north": {"uv": [4, 4, 5, 5], "texture": "#top"},
				"east": {"uv": [4, 4, 5, 5], "texture": "#top"},
				"up": {"uv": [4, 4, 5, 5], "texture": "#top"}
			}
		},
		{
			"from": [9, 13.5, 12],
			"to": [10, 14.5, 13],
			"faces": {
				"north": {"uv": [4, 4, 5, 5], "texture": "#top"},
				"west": {"uv": [4, 4, 5, 5], "texture": "#top"},
				"up": {"uv": [4, 4, 5, 5], "texture": "#top"}
			}
		},
		{
			"from": [11, 13.5, 11],
			"to": [12, 14.5, 12],
			"faces": {
				"north": {"uv": [4, 4, 5, 5], "texture": "#top"},
				"west": {"uv": [4, 4, 5, 5], "texture": "#top"},
				"up": {"uv": [4, 4, 5, 5], "texture": "#top"}
			}
		},
		{
			"from": [12, 13.5, 9],
			"to": [13, 14.5, 10],
			"faces": {
				"north": {"uv": [4, 4, 5, 5], "texture": "#top"},
				"west": {"uv": [4, 4, 5, 5], "texture": "#top"},
				"up": {"uv": [4, 4, 5, 5], "texture": "#top"}
			}
		},
		{
			"from": [12, 13.5, 6],
			"to": [13, 14.5, 7],
			"faces": {
				"south": {"uv": [4, 4, 5, 5], "texture": "#top"},
				"west": {"uv": [4, 4, 5, 5], "texture": "#top"},
				"up": {"uv": [4, 4, 5, 5], "texture": "#top"}
			}
		},
		{
			"from": [11, 13.5, 4],
			"to": [12, 14.5, 5],
			"faces": {
				"south": {"uv": [4, 4, 5, 5], "texture": "#top"},
				"west": {"uv": [4, 4, 5, 5], "texture": "#top"},
				"up": {"uv": [4, 4, 5, 5], "texture": "#top"}
			}
		},
		{
			"from": [9, 13.5, 3],
			"to": [10, 14.5, 4],
			"faces": {
				"south": {"uv": [4, 4, 5, 5], "texture": "#top"},
				"west": {"uv": [4, 4, 5, 5], "texture": "#top"},
				"up": {"uv": [4, 4, 5, 5], "texture": "#top"}
			}
		},
		{
			"from": [6, 13.5, 3],
			"to": [7, 14.5, 4],
			"faces": {
				"east": {"uv": [4, 4, 5, 5], "texture": "#top"},
				"south": {"uv": [4, 4, 5, 5], "texture": "#top"},
				"up": {"uv": [4, 4, 5, 5], "texture": "#top"}
			}
		},
		{
			"from": [4, 13.5, 4],
			"to": [5, 14.5, 5],
			"faces": {
				"east": {"uv": [4, 4, 5, 5], "texture": "#top"},
				"south": {"uv": [4, 4, 5, 5], "texture": "#top"},
				"up": {"uv": [4, 4, 5, 5], "texture": "#top"}
			}
		},
		{
			"from": [1, 13.5, 4],
			"to": [3, 15.5, 12],
			"faces": {
				"east": {"uv": [5, 2, 6, 3], "texture": "#top"},
				"up": {"uv": [1, 4, 3, 12], "texture": "#top"}
			}
		},
		{
			"from": [3, 13.5, 10],
			"to": [4, 15.5, 12],
			"faces": {
				"north": {"uv": [5, 2, 6, 3], "texture": "#top"},
				"east": {"uv": [5, 2, 6, 3], "texture": "#top"},
				"up": {"uv": [5, 2, 6, 4], "texture": "#top"}
			}
		},
		{
			"from": [4, 13.5, 12],
			"to": [6, 15.5, 13],
			"faces": {
				"north": {"uv": [5, 2, 6, 3], "texture": "#top"},
				"east": {"uv": [5, 2, 6, 3], "texture": "#top"},
				"up": {"uv": [5, 2, 7, 3], "texture": "#top"}
			}
		},
		{
			"from": [4, 13.5, 13],
			"to": [12, 15.5, 15],
			"faces": {
				"north": {"uv": [5, 2, 6, 3], "texture": "#top"},
				"up": {"uv": [4, 13, 12, 15], "texture": "#top"}
			}
		},
		{
			"from": [10, 13.5, 12],
			"to": [12, 15.5, 13],
			"faces": {
				"north": {"uv": [5, 2, 7, 3], "texture": "#top"},
				"west": {"uv": [10, 4, 11, 4.5], "texture": "#top"},
				"up": {"uv": [5, 2, 7, 3], "texture": "#top"}
			}
		},
		{
			"from": [12, 13.5, 10],
			"to": [13, 15.5, 12],
			"faces": {
				"north": {"uv": [5, 2, 6, 3], "texture": "#top"},
				"west": {"uv": [10, 4, 12, 4.5], "texture": "#top"},
				"up": {"uv": [5, 2, 6, 4], "texture": "#top"}
			}
		},
		{
			"from": [13, 13.5, 4],
			"to": [15, 15.5, 12],
			"faces": {
				"west": {"uv": [5, 2, 11, 2.5], "texture": "#top"},
				"up": {"uv": [13, 4, 15, 12], "texture": "#top"}
			}
		},
		{
			"from": [12, 13.5, 4],
			"to": [13, 15.5, 6],
			"faces": {
				"south": {"uv": [5, 2, 6, 3], "texture": "#top"},
				"west": {"uv": [10, 4, 12, 4.5], "texture": "#top"},
				"up": {"uv": [5, 2, 6, 4], "texture": "#top"}
			}
		},
		{
			"from": [10, 13.5, 3],
			"to": [12, 15.5, 4],
			"faces": {
				"south": {"uv": [5, 2, 6, 3], "texture": "#top"},
				"west": {"uv": [10, 4, 11, 4.5], "texture": "#top"},
				"up": {"uv": [5, 2, 7, 3], "texture": "#top"}
			}
		},
		{
			"from": [4, 13.5, 1],
			"to": [12, 15.5, 3],
			"faces": {
				"south": {"uv": [5, 2, 11, 3], "texture": "#top"},
				"up": {"uv": [4, 1, 12, 3], "texture": "#top"}
			}
		},
		{
			"from": [4, 13.5, 3],
			"to": [6, 15.5, 4],
			"faces": {
				"east": {"uv": [5, 2, 6, 3], "texture": "#top"},
				"south": {"uv": [5, 2, 6, 3], "texture": "#top"},
				"up": {"uv": [5, 2, 7, 3], "texture": "#top"}
			}
		},
		{
			"from": [3, 13.5, 4],
			"to": [4, 15.5, 6],
			"faces": {
				"east": {"uv": [5, 2, 6, 3], "texture": "#top"},
				"south": {"uv": [5, 2, 6, 3], "texture": "#top"},
				"up": {"uv": [5, 2, 6, 4], "texture": "#top"}
			}
		},
		{
			"from": [1, 14, 12],
			"to": [4, 15.5, 15],
			"faces": {
				"up": {"uv": [1, 12, 4, 15], "texture": "#top"}
			}
		},
		{
			"from": [12, 14, 12],
			"to": [15, 15.5, 15],
			"faces": {
				"up": {"uv": [12, 12, 15, 15], "texture": "#top"}
			}
		},
		{
			"from": [12, 14, 1],
			"to": [15, 15.5, 4],
			"faces": {
				"up": {"uv": [12, 1, 15, 4], "texture": "#top"}
			}
		},
		{
			"from": [1, 14, 1],
			"to": [4, 15.5, 4],
			"faces": {
				"up": {"uv": [1, 1, 4, 4], "texture": "#top"}
			}
		},
		{
			"from": [-0.5, 3, -0.75],
			"to": [16.5, 5, 16.5],
			"faces": {
				"north": {"uv": [0, 8, 16, 10], "texture": "#3"},
				"east": {"uv": [0, 7, 16, 9], "texture": "#3"},
				"south": {"uv": [0, 13, 16, 15], "texture": "#3"},
				"west": {"uv": [0, 5, 16, 7], "texture": "#3"},
				"up": {"uv": [0, 0, 16, 16], "texture": "#3"},
				"down": {"uv": [0, 0, 16, 16], "texture": "#3"}
			}
		},
		{
			"from": [-0.5, 11, -0.75],
			"to": [16.5, 13, 16.5],
			"faces": {
				"north": {"uv": [0, 7, 16, 9], "texture": "#3"},
				"east": {"uv": [0, 3, 16, 5], "texture": "#3"},
				"south": {"uv": [0, 1, 16, 3], "texture": "#3"},
				"west": {"uv": [0, 14, 16, 16], "texture": "#3"},
				"up": {"uv": [0, 12, 16, 13], "texture": "#3"},
				"down": {"uv": [0, 0, 16, 16], "texture": "#3"}
			}
		}
	],
	"groups": [
		0,
		1,
		2,
		3,
		4,
		{
			"name": "hole",
			"origin": [0, 0, 0],
			"color": 0,
			"children": [
				{
					"name": "deeper",
					"origin": [0, 0, 0],
					"color": 0,
					"children": [5]
				},
				{
					"name": "2nd",
					"origin": [0, 0, 0],
					"color": 0,
					"children": [6, 7, 8, 9, 10, 11, 12, 13, 14, 15, 16, 17]
				},
				{
					"name": "3rd",
					"origin": [0, 0, 0],
					"color": 0,
					"children": [18, 19, 20, 21, 22, 23, 24, 25, 26, 27, 28, 29]
				}
			]
		},
		30,
		31,
		32,
		33,
		34,
		35
	]
}