{
	"credit": "Made by The_Wild_Thomas (Discord : thomas0535)",
	"parent": "block/display_block",
	"ambientocclusion": false,
	"textures": {
		"3": "block/barrel_side_iron",
		"top": "block/barrel_top",
		"particle": "block/barrel_side",
		"side": "block/barrel_side",
		"bottom": "block/barrel_bottom"
	},
	"elements": [
		{
			"from": [3.01, 14.75, 8.01],
			"to": [4.99, 15.65, 9.99],
			"faces": {
				"north": {"uv": [5, 9, 3, 8], "texture": "#top", "cullface": "up"},
				"east": {"uv": [3, 8, 5, 9], "texture": "#top", "cullface": "up"},
				"south": {"uv": [3, 9, 5, 10], "texture": "#top", "cullface": "up"},
				"west": {"uv": [3, 8, 4, 10], "texture": "#top", "cullface": "up"},
				"up": {"uv": [3, 8, 5, 10], "texture": "#top", "cullface": "up"}
			}
		},
		{
			"from": [0, 0, 0],
			"to": [16, 0, 16],
			"faces": {
				"down": {"uv": [0, 0, 16, 16], "texture": "#bottom", "cullface": "down"}
			}
		},
		{
			"from": [0, 0, 0],
			"to": [1, 16, 16],
			"faces": {
				"north": {"uv": [15, 0, 16, 16], "texture": "#side", "cullface": "north"},
				"east": {"uv": [0, 0, 16, 16], "texture": "#side"},
				"south": {"uv": [0, 0, 1, 16], "texture": "#side", "cullface": "south"},
				"west": {"uv": [0, 0, 16, 16], "texture": "#side", "cullface": "west"},
				"up": {"uv": [0, 0, 1, 16], "texture": "#top", "cullface": "up"}
			}
		},
		{
			"from": [15, 0, 0],
			"to": [16, 16, 16],
			"faces": {
				"north": {"uv": [0, 0, 1, 16], "texture": "#side", "cullface": "north"},
				"east": {"uv": [0, 0, 16, 16], "texture": "#side", "cullface": "east"},
				"south": {"uv": [15, 0, 16, 16], "texture": "#side", "cullface": "south"},
				"west": {"uv": [0, 0, 16, 16], "texture": "#side"},
				"up": {"uv": [15, 0, 16, 16], "texture": "#top", "cullface": "up"}
			}
		},
		{
			"from": [1, 0, 0],
			"to": [15, 16, 1],
			"faces": {
				"north": {"uv": [1, 0, 15, 16], "texture": "#side", "cullface": "north"},
				"south": {"uv": [1, 0, 15, 16], "texture": "#side"},
				"up": {"uv": [1, 0, 15, 1], "texture": "#top", "cullface": "up"}
			}
		},
		{
			"from": [1, 0, 15],
			"to": [15, 16, 16],
			"faces": {
				"north": {"uv": [1, 0, 15, 16], "texture": "#side"},
				"south": {"uv": [1, 0, 15, 16], "texture": "#side", "cullface": "south"},
				"up": {"uv": [1, 15, 15, 16], "texture": "#top", "cullface": "up"}
			}
		},
		{
			"from": [1, 14, 1],
			"to": [2, 15.5, 14],
			"faces": {
				"east": {"uv": [1, 1, 2.5, 14], "rotation": 90, "texture": "#top"},
				"up": {"uv": [1, 1, 2, 14], "texture": "#top"}
			}
		},
		{
			"from": [1, 14, 14],
			"to": [14, 15.5, 15],
			"faces": {
				"north": {"uv": [2, 1, 15, 2.5], "texture": "#top"},
				"up": {"uv": [1, 14, 14, 15], "texture": "#top"}
			}
		},
		{
			"from": [14, 14, 2],
			"to": [15, 15.5, 15],
			"faces": {
				"west": {"uv": [13.5, 1, 15, 14], "rotation": 90, "texture": "#top"},
				"up": {"uv": [14, 2, 15, 15], "texture": "#top"}
			}
		},
		{
			"from": [2, 14.5, 1],
			"to": [15, 15.5, 2],
			"faces": {
				"south": {"uv": [2, 0, 15, 1.5], "texture": "#top"},
				"up": {"uv": [2, 1, 15, 2], "texture": "#top"}
			}
		},
		{
			"from": [1, 13.5, 1],
			"to": [15, 15, 15],
			"faces": {
				"up": {"uv": [1, 1, 15, 15], "texture": "#top"}
			}
		},
		{
			"from": [-0.5, 3, -0.75],
			"to": [16.5, 5, 16.5],
			"faces": {
				"north": {"uv": [0, 8, 16, 10], "texture": "#3"},
				"east": {"uv": [0, 7, 16, 9], "texture": "#3"},
				"south": {"uv": [0, 13, 16, 15], "texture": "#3"},
				"west": {"uv": [0, 5, 16, 7], "texture": "#3"},
				"up": {"uv": [0, 0, 16, 16], "texture": "#3"},
				"down": {"uv": [0, 0, 16, 16], "texture": "#3"}
			}
		},
		{
			"from": [-0.5, 11, -0.75],
			"to": [16.5, 13, 16.5],
			"faces": {
				"north": {"uv": [0, 7, 16, 9], "texture": "#3"},
				"east": {"uv": [0, 3, 16, 5], "texture": "#3"},
				"south": {"uv": [0, 1, 16, 3], "texture": "#3"},
				"west": {"uv": [0, 14, 16, 16], "texture": "#3"},
				"up": {"uv": [0, 12, 16, 13], "texture": "#3"},
				"down": {"uv": [0, 0, 16, 16], "texture": "#3"}
			}
		},
		{
			"from": [2, 13.5, 2],
			"to": [3, 15.5, 4],
			"faces": {
				"east": {"uv": [0, 0, 2, 2], "texture": "#top"},
				"south": {"uv": [0, 0, 1, 2], "texture": "#top"},
				"up": {"uv": [0, 0, 1, 2], "texture": "#top"}
			}
		},
		{
			"from": [2, 13.5, 12],
			"to": [3, 15.5, 14],
			"faces": {
				"north": {"uv": [0, 0, 1, 2], "texture": "#top"},
				"east": {"uv": [0, 0, 2, 2], "texture": "#top"},
				"up": {"uv": [0, 0, 1, 2], "texture": "#top"}
			}
		},
		{
			"from": [13, 13.5, 2],
			"to": [14, 15.5, 4],
			"faces": {
				"south": {"uv": [0, 0, 1, 2], "texture": "#top"},
				"west": {"uv": [0, 0, 2, 2], "texture": "#top"},
				"up": {"uv": [0, 0, 1, 2], "texture": "#top"}
			}
		},
		{
			"from": [13, 13.5, 12],
			"to": [14, 15.5, 14],
			"faces": {
				"north": {"uv": [0, 0, 1, 2], "texture": "#top"},
				"west": {"uv": [0, 0, 2, 2], "texture": "#top"},
				"up": {"uv": [0, 0, 1, 2], "texture": "#top"}
			}
		},
		{
			"from": [12, 13.5, 13],
			"to": [13, 15.5, 14],
			"faces": {
				"north": {"uv": [0, 0, 1, 2], "texture": "#top"},
				"west": {"uv": [0, 0, 1, 2], "texture": "#top"},
				"up": {"uv": [0, 0, 1, 1], "texture": "#top"}
			}
		},
		{
			"from": [3, 13.5, 13],
			"to": [4, 15.5, 14],
			"faces": {
				"north": {"uv": [0, 0, 1, 2], "texture": "#top"},
				"east": {"uv": [0, 0, 1, 2], "texture": "#top"},
				"up": {"uv": [0, 0, 1, 1], "texture": "#top"}
			}
		},
		{
			"from": [12, 13.5, 2],
			"to": [13, 15.5, 3],
			"faces": {
				"south": {"uv": [0, 0, 1, 2], "texture": "#top"},
				"west": {"uv": [0, 0, 1, 2], "texture": "#top"},
				"up": {"uv": [0, 0, 1, 1], "texture": "#top"}
			}
		},
		{
			"from": [3, 13.5, 2],
			"to": [4, 15.5, 3],
			"faces": {
				"east": {"uv": [0, 0, 1, 2], "texture": "#top"},
				"south": {"uv": [0, 0, 1, 2], "texture": "#top"},
				"up": {"uv": [0, 0, 1, 1], "texture": "#top"}
			}
		}
	]
}