{
	"credit": "Made by The_Wild_Thomas (Discord : thomas0535)",
	"ambientocclusion": false,
	"parent": "block/display_block",
	"textures": {
		"0": "block/bee_nest/bee_nest_bottom",
		"1": "block/bee_nest/bee_nest_front_honey",
		"2": "block/bee_nest/bee_nest_side",
		"3": "block/bee_nest/bee_nest_top",
		"particle": "block/bee_nest/bee_nest_bottom"
	},
	"elements": [
		{
			"from": [0, 0, 0],
			"to": [16, 16, 16],
			"faces": {
				"north": {"uv": [0, 0, 16, 16], "texture": "#1", "cullface": "north"},
				"east": {"uv": [0, 0, 16, 16], "texture": "#2", "cullface": "east"},
				"south": {"uv": [0, 0, 16, 16], "texture": "#2", "cullface": "south"},
				"west": {"uv": [0, 0, 16, 16], "texture": "#2", "cullface": "west"},
				"up": {"uv": [0, 0, 16, 16], "texture": "#3", "cullface": "up"},
				"down": {"uv": [0, 0, 16, 16], "texture": "#0", "cullface": "down"}
			}
		},
		{
			"from": [2.01, 8.01, -0.7],
			"to": [4.99, 11.99, 0],
			"faces": {
				"north": {"uv": [11, 4, 14, 8], "texture": "#1", "cullface": "north"},
				"east": {"uv": [11, 4, 12, 8], "texture": "#1", "cullface": "north"},
				"south": {"uv": [0, 0, 0, 0], "texture": "#1"},
				"west": {"uv": [13, 4, 14, 8], "texture": "#1", "cullface": "north"},
				"up": {"uv": [14, 4, 11, 5], "texture": "#1", "cullface": "north"},
				"down": {"uv": [14, 7, 11, 8], "texture": "#1", "cullface": "north"}
			}
		},
		{
			"from": [3.01, 7.01, -0.7],
			"to": [3.99, 8.01, 0],
			"faces": {
				"north": {"uv": [12, 8, 13, 9], "texture": "#1", "cullface": "north"},
				"east": {"uv": [12, 8, 13, 9], "texture": "#1", "cullface": "north"},
				"west": {"uv": [12, 8, 13, 9], "texture": "#1", "cullface": "north"},
				"down": {"uv": [12, 8, 13, 9], "texture": "#1", "cullface": "north"}
			}
		},
		{
			"from": [11.01, 1.01, -0.7],
			"to": [13.99, 3.99, 0],
			"faces": {
				"north": {"uv": [2, 12, 5, 15], "texture": "#1", "cullface": "north"},
				"east": {"uv": [2, 12, 3, 15], "texture": "#1", "cullface": "north"},
				"south": {"uv": [0, 0, 0, 0], "texture": "#1"},
				"west": {"uv": [4, 12, 5, 15], "texture": "#1", "cullface": "north"},
				"up": {"uv": [5, 12, 2, 13], "texture": "#1", "cullface": "north"},
				"down": {"uv": [5, 14, 2, 15], "texture": "#1", "cullface": "north"}
			}
		},
		{
			"from": [11.01, 0.01, -0.7],
			"to": [12.99, 1.01, 0],
			"faces": {
				"north": {"uv": [3, 15, 5, 16], "texture": "#1", "cullface": "north"},
				"east": {"uv": [3, 15, 5, 16], "texture": "#1", "cullface": "north"},
				"west": {"uv": [3, 15, 5, 16], "texture": "#1", "cullface": "north"},
				"down": {"uv": [3, 15, 5, 16], "texture": "#1", "cullface": "north"}
			}
		}
	]
}