{
	"credit": "Made by The_Wild_Thomas (Discord : thomas0535)",
	"parent": "block/display_block",
	"textures": {
		"0": "block/bee_nest/bee_nest_bottom",
		"1": "block/bee_nest/bee_nest_front",
		"3": "block/bee_nest/bee_nest_side",
		"4": "block/bee_nest/bee_nest_top",
		"particle": "block/bee_nest/bee_nest_bottom"
	},
	"elements": [
		{
			"from": [11, 1, 0.5],
			"to": [14, 4, 1.5],
			"faces": {
				"north": {"uv": [2, 12, 5, 15], "texture": "#1"},
				"east": {"uv": [0, 0, 2, 3], "texture": "#missing"},
				"south": {"uv": [0, 0, 3, 3], "texture": "#missing"},
				"west": {"uv": [0, 0, 2, 3], "texture": "#missing"},
				"up": {"uv": [0, 0, 3, 2], "texture": "#missing"},
				"down": {"uv": [0, 0, 3, 2], "texture": "#missing"}
			}
		},
		{
			"from": [2, 9, 0.5],
			"to": [5, 12, 1.5],
			"faces": {
				"north": {"uv": [11, 4, 14, 7], "texture": "#1"},
				"east": {"uv": [0, 0, 2, 3], "texture": "#missing"},
				"south": {"uv": [0, 0, 3, 3], "texture": "#missing"},
				"west": {"uv": [0, 0, 2, 3], "texture": "#missing"},
				"up": {"uv": [0, 0, 3, 2], "texture": "#missing"},
				"down": {"uv": [0, 0, 3, 2], "texture": "#missing"}
			}
		},
		{
			"from": [0, 0, 0],
			"to": [11, 9, 1],
			"faces": {
				"north": {"uv": [5, 7, 16, 16], "texture": "#1"},
				"east": {"uv": [6, 6, 7, 15], "texture": "#1"},
				"south": {"uv": [0, 0, 11, 9], "texture": "#missing"},
				"west": {"uv": [0, 7, 1, 16], "texture": "#3"},
				"up": {"uv": [5, 7, 16, 8], "texture": "#1"},
				"down": {"uv": [5, 0, 16, 1], "texture": "#0"}
			}
		},
		{
			"from": [5, 9, 0],
			"to": [16, 16, 1],
			"faces": {
				"north": {"uv": [0, 0, 11, 7], "texture": "#1"},
				"east": {"uv": [2, 0, 3, 7], "texture": "#1"},
				"south": {"uv": [0, 0, 11, 9], "texture": "#missing"},
				"west": {"uv": [6, 4, 7, 11], "texture": "#1"},
				"up": {"uv": [0, 0, 11, 1], "texture": "#4"},
				"down": {"uv": [0, 0, 11, 1], "texture": "#missing"}
			}
		},
		{
			"from": [0, 12, 0],
			"to": [5, 16, 1],
			"faces": {
				"north": {"uv": [11, 0, 16, 4], "texture": "#1"},
				"east": {"uv": [6, 3, 7, 10], "texture": "#1"},
				"south": {"uv": [0, 0, 11, 9], "texture": "#missing"},
				"west": {"uv": [0, 0, 1, 4], "texture": "#3"},
				"up": {"uv": [0, 0, 5, 1], "texture": "#4"},
				"down": {"uv": [5, 3, 10, 4], "texture": "#1"}
			}
		},
		{
			"from": [0, 9, 0],
			"to": [2, 12, 1],
			"faces": {
				"north": {"uv": [14, 4, 16, 7], "texture": "#1"},
				"east": {"uv": [6, 3, 7, 6], "texture": "#1"},
				"south": {"uv": [0, 0, 11, 9], "texture": "#missing"},
				"west": {"uv": [0, 4, 1, 7], "texture": "#3"},
				"up": {"uv": [0, 0, 11, 1], "texture": "#missing"},
				"down": {"uv": [0, 0, 11, 1], "texture": "#missing"}
			}
		},
		{
			"from": [11, 4, 0],
			"to": [16, 9, 1],
			"faces": {
				"north": {"uv": [0, 7, 5, 12], "texture": "#1"},
				"east": {"uv": [15, 7, 16, 12], "texture": "#3"},
				"south": {"uv": [0, 0, 5, 5], "texture": "#missing"},
				"west": {"uv": [0, 0, 1, 5], "texture": "#missing"},
				"up": {"uv": [0, 0, 5, 1], "texture": "#missing"},
				"down": {"uv": [4, 11, 9, 12], "texture": "#1"}
			}
		},
		{
			"from": [11, 0, 0],
			"to": [14, 1, 1],
			"faces": {
				"north": {"uv": [2, 15, 5, 16], "texture": "#1"},
				"east": {"uv": [0, 0, 1, 1], "texture": "#missing"},
				"south": {"uv": [0, 15, 5, 16], "texture": "#1"},
				"west": {"uv": [0, 0, 1, 1], "texture": "#missing"},
				"up": {"uv": [2, 15, 5, 16], "texture": "#1"},
				"down": {"uv": [3, 0, 8, 1], "texture": "#0"}
			}
		},
		{
			"from": [14, 0, 0],
			"to": [16, 4, 1],
			"faces": {
				"north": {"uv": [0, 12, 2, 16], "texture": "#1"},
				"east": {"uv": [0, 12, 1, 16], "texture": "#3"},
				"south": {"uv": [0, 0, 2, 4], "texture": "#missing"},
				"west": {"uv": [5, 11, 7, 15], "texture": "#1"},
				"up": {"uv": [0, 0, 2, 2], "texture": "#missing"},
				"down": {"uv": [0, 0, 2, 1], "texture": "#0"}
			}
		},
		{
			"from": [0, 0, 1],
			"to": [16, 16, 16],
			"faces": {
				"north": {"uv": [0, 0, 16, 16], "texture": "#missing"},
				"east": {"uv": [0, 0, 15, 16], "texture": "#3"},
				"south": {"uv": [0, 0, 16, 16], "texture": "#3"},
				"west": {"uv": [1, 0, 16, 16], "texture": "#3"},
				"up": {"uv": [0, 1, 16, 16], "texture": "#4"},
				"down": {"uv": [0, 0, 16, 15], "texture": "#0"}
			}
		}
	]
}