{
	"credit": "Made by The_Wild_Thomas (Discord : thomas0535)",
	"ambientocclusion": false,
	"parent": "block/display_block",
	"textures": {
		"bottom": "block/bee_hive/beehive_end",
		"front": "block/bee_hive/beehive_front_honey",
		"particle": "block/bee_hive/beehive_side",
		"side": "block/bee_hive/beehive_side"
	},
	"elements": [
		{
			"from": [0, 0, 0],
			"to": [16, 16, 16],
			"faces": {
				"north": {"uv": [0, 0, 16, 16], "texture": "#front", "cullface": "north"},
				"east": {"uv": [0, 0, 16, 16], "texture": "#side", "cullface": "east"},
				"south": {"uv": [0, 0, 16, 16], "texture": "#side", "cullface": "south"},
				"west": {"uv": [0, 0, 16, 16], "texture": "#side", "cullface": "west"},
				"up": {"uv": [0, 0, 16, 16], "texture": "#bottom", "cullface": "up"},
				"down": {"uv": [0, 0, 16, 16], "texture": "#bottom", "cullface": "down"}
			}
		},
		{
			"from": [1.01, 11.01, -0.6],
			"to": [14.99, 11.99, 0],
			"faces": {
				"north": {"uv": [1, 4, 15, 5], "texture": "#front", "cullface": "north"},
				"east": {"uv": [1, 4, 2, 5], "texture": "#front", "cullface": "north"},
				"west": {"uv": [14, 4, 15, 5], "texture": "#front", "cullface": "north"},
				"up": {"uv": [15, 4, 1, 5], "texture": "#front", "cullface": "north"},
				"down": {"uv": [15, 4, 1, 5], "texture": "#front", "cullface": "north"}
			}
		},
		{
			"from": [2.01, 10.01, -0.6],
			"to": [2.99, 11.01, 0],
			"faces": {
				"north": {"uv": [13, 5, 14, 6], "texture": "#front", "cullface": "north"},
				"east": {"uv": [13, 5, 14, 6], "texture": "#front", "cullface": "north"},
				"west": {"uv": [13, 5, 14, 6], "texture": "#front", "cullface": "north"},
				"down": {"uv": [13, 5, 14, 6], "texture": "#front", "cullface": "north"}
			}
		},
		{
			"from": [6.01, 5.01, -0.7],
			"to": [9.99, 5.99, 0],
			"faces": {
				"north": {"uv": [6, 10, 10, 11], "texture": "#front", "cullface": "north"},
				"east": {"uv": [6, 10, 7, 11], "texture": "#front", "cullface": "north"},
				"west": {"uv": [9, 10, 10, 11], "texture": "#front", "cullface": "north"},
				"up": {"uv": [10, 10, 6, 11], "texture": "#front", "cullface": "north"},
				"down": {"uv": [10, 10, 6, 11], "texture": "#front", "cullface": "north"}
			}
		},
		{
			"from": [6.01, 3.01, -0.7],
			"to": [7.99, 5.01, 0],
			"faces": {
				"north": {"uv": [8, 11, 10, 13], "texture": "#front", "cullface": "north"},
				"east": {"uv": [8, 11, 9, 13], "texture": "#front", "cullface": "north"},
				"west": {"uv": [9, 11, 10, 13], "texture": "#front", "cullface": "north"},
				"down": {"uv": [10, 12, 8, 13], "texture": "#front", "cullface": "north"}
			}
		},
		{
			"from": [6.01, 2.01, -0.7],
			"to": [6.99, 3.01, 0],
			"faces": {
				"north": {"uv": [9, 13, 10, 14], "texture": "#front", "cullface": "north"},
				"east": {"uv": [9, 13, 10, 14], "texture": "#front", "cullface": "north"},
				"west": {"uv": [9, 13, 10, 14], "texture": "#front", "cullface": "north"},
				"down": {"uv": [9, 13, 10, 14], "texture": "#front", "cullface": "north"}
			}
		}
	],
	"display": {
		"thirdperson_righthand": {
			"rotation": [75, 45, 0],
			"translation": [0, 2.5, 0],
			"scale": [0.375, 0.375, 0.375]
		},
		"firstperson_righthand": {
			"rotation": [0, 45, 0],
			"scale": [0.4, 0.4, 0.4]
		},
		"firstperson_lefthand": {
			"rotation": [0, 225, 0],
			"scale": [0.4, 0.4, 0.4]
		},
		"ground": {
			"translation": [0, 3, 0],
			"scale": [0.25, 0.25, 0.25]
		},
		"gui": {
			"rotation": [30, 225, 0],
			"scale": [0.625, 0.625, 0.625]
		},
		"fixed": {
			"scale": [0.5, 0.5, 0.5]
		}
	}
}