{
	"credit": "Made by awildthomas",
	"ambientocclusion": false,
	"textures": {
		"inside": "block/furnace_in",
		"top": "block/blast_furnace_top",
		"front": "block/blast_furnace_front",
		"particle": "block/blast_furnace_side",
		"side": "block/blast_furnace_side"
	},
	"elements": [
		{
			"from": [0, 0, 0],
			"to": [16, 4, 1],
			"faces": {
				"north": {"uv": [0, 12, 16, 16], "texture": "#front", "cullface": "north"},
				"south": {"uv": [0, 12, 16, 16], "texture": "#inside", "cullface": "north"},
				"up": {"uv": [16, 12, 0, 13], "texture": "#front", "cullface": "north"}
			}
		},
		{
			"from": [0, 4, 0],
			"to": [4, 16, 1],
			"faces": {
				"north": {"uv": [12, 0, 16, 12], "texture": "#front", "cullface": "north"},
				"east": {"uv": [12, 0, 13, 12], "texture": "#front", "cullface": "north"},
				"south": {"uv": [0, 0, 4, 12], "texture": "#inside", "cullface": "north"}
			}
		},
		{
			"from": [11, 4, 0],
			"to": [16, 16, 1],
			"faces": {
				"north": {"uv": [0, 0, 5, 12], "texture": "#front", "cullface": "north"},
				"south": {"uv": [11, 0, 16, 12], "texture": "#inside", "cullface": "north"},
				"west": {"uv": [4, 0, 5, 12], "texture": "#front", "cullface": "north"}
			}
		},
		{
			"from": [4, 9, 0],
			"to": [11, 16, 1],
			"faces": {
				"north": {"uv": [5, 0, 12, 7], "texture": "#front", "cullface": "north"},
				"south": {"uv": [4, 0, 11, 7], "texture": "#inside", "cullface": "north"},
				"down": {"uv": [12, 6, 5, 7], "texture": "#front", "cullface": "north"}
			}
		},
		{
			"from": [5.01, 2.01, -0.9],
			"to": [9.99, 4.99, 0],
			"faces": {
				"north": {"uv": [6, 11, 11, 14], "texture": "#front", "cullface": "north"},
				"south": {"uv": [11, 11, 6, 14], "texture": "#front", "cullface": "north"},
				"up": {"uv": [11, 12, 6, 11], "texture": "#front", "cullface": "north"},
				"down": {"uv": [11, 14, 6, 13], "texture": "#front", "cullface": "north"}
			}
		},
		{
			"from": [5.01, 8.01, -0.9],
			"to": [9.99, 9.99, 0],
			"faces": {
				"north": {"uv": [6, 6, 11, 8], "texture": "#front", "cullface": "north"},
				"south": {"uv": [11, 6, 6, 8], "texture": "#front", "cullface": "north"},
				"up": {"uv": [11, 7, 6, 6], "texture": "#front", "cullface": "north"},
				"down": {"uv": [11, 8, 6, 7], "texture": "#front", "cullface": "north"}
			}
		},
		{
			"from": [9.99, 2.01, -0.9],
			"to": [12.99, 9.99, 0],
			"faces": {
				"north": {"uv": [3, 6, 6, 14], "texture": "#front", "cullface": "north"},
				"east": {"uv": [3, 6, 4, 14], "texture": "#front", "cullface": "north"},
				"south": {"uv": [6, 6, 3, 14], "texture": "#front", "cullface": "north"},
				"west": {"uv": [5, 8, 6, 11], "texture": "#front", "cullface": "north"},
				"up": {"uv": [6, 7, 3, 6], "texture": "#front", "cullface": "north"},
				"down": {"uv": [6, 14, 3, 13], "texture": "#front", "cullface": "north"}
			}
		},
		{
			"from": [3.01, 2.01, -0.9],
			"to": [5.01, 9.99, 0],
			"faces": {
				"north": {"uv": [11, 6, 13, 14], "texture": "#front", "cullface": "north"},
				"east": {"uv": [11, 8, 12, 11], "texture": "#front", "cullface": "north"},
				"south": {"uv": [13, 6, 11, 14], "texture": "#front", "cullface": "north"},
				"west": {"uv": [12, 6, 13, 14], "texture": "#front", "cullface": "north"},
				"up": {"uv": [13, 7, 11, 6], "texture": "#front", "cullface": "north"},
				"down": {"uv": [13, 14, 11, 13], "texture": "#front", "cullface": "north"}
			}
		},
		{
			"from": [5.99, 4.99, -0.9],
			"to": [7.025, 8.01, 0],
			"faces": {
				"north": {"uv": [9, 8, 10, 11], "texture": "#front", "cullface": "north"},
				"east": {"uv": [11, 8, 12, 11], "texture": "#front", "cullface": "north"},
				"south": {"uv": [9, 8, 10, 11], "texture": "#front", "cullface": "north"},
				"west": {"uv": [9, 8, 10, 11], "texture": "#front", "cullface": "north"}
			}
		},
		{
			"from": [7.975, 4.99, -0.9],
			"to": [9.025, 8.01, 0],
			"faces": {
				"north": {"uv": [9, 8, 10, 11], "texture": "#front", "cullface": "north"},
				"east": {"uv": [11, 8, 12, 11], "texture": "#front", "cullface": "north"},
				"south": {"uv": [9, 8, 10, 11], "texture": "#front", "cullface": "north"},
				"west": {"uv": [9, 8, 10, 11], "texture": "#front", "cullface": "north"}
			}
		},
		{
			"from": [0, 0, 0],
			"to": [16, 16, 16],
			"faces": {
				"east": {"uv": [0, 0, 16, 16], "texture": "#side", "cullface": "east"},
				"south": {"uv": [0, 0, 16, 16], "texture": "#side", "cullface": "south"},
				"west": {"uv": [0, 0, 16, 16], "texture": "#side", "cullface": "west"},
				"up": {"uv": [0, 0, 16, 16], "texture": "#top", "cullface": "up"},
				"down": {"uv": [0, 0, 16, 16], "texture": "#top", "cullface": "down"}
			}
		},
		{
			"from": [1, 15, 1],
			"to": [15, 1, 15],
			"faces": {
				"east": {"uv": [1, 15, 15, 1], "texture": "#inside", "cullface": "north"},
				"south": {"uv": [1, 15, 15, 1], "texture": "#inside", "cullface": "north"},
				"west": {"uv": [1, 15, 15, 1], "texture": "#inside", "cullface": "north"},
				"up": {"uv": [1, 1, 15, 15], "texture": "#inside", "cullface": "north"},
				"down": {"uv": [1, 15, 15, 1], "texture": "#inside", "cullface": "north"}
			}
		}
	],
	"display": {
		"thirdperson_righthand": {
			"rotation": [75, 45, 0],
			"translation": [0, 2.5, 0],
			"scale": [0.375, 0.375, 0.375]
		},
		"firstperson_righthand": {
			"rotation": [0, 45, 0],
			"scale": [0.4, 0.4, 0.4]
		},
		"firstperson_lefthand": {
			"rotation": [0, 225, 0],
			"scale": [0.4, 0.4, 0.4]
		},
		"ground": {
			"translation": [0, 3, 0],
			"scale": [0.25, 0.25, 0.25]
		},
		"gui": {
			"rotation": [30, 225, 0],
			"scale": [0.625, 0.625, 0.625]
		},
		"fixed": {
			"scale": [0.5, 0.5, 0.5]
		}
	}
}