{
	"credit": "Made by The_Wild_Thomas (Discord : thomas0535)",
	"parent": "block/display_block",
	"textures": {
		"particle": "block/bookshelf",
		"side": "block/bookshelf",
		"top": "block/oak_planks"
	},
	"elements": [
		{
			"from": [0, 0, 0],
			"to": [16, 1, 16],
			"faces": {
				"north": {"uv": [0, 15, 16, 16], "texture": "#side", "cullface": "north"},
				"east": {"uv": [0, 15, 16, 16], "texture": "#side", "cullface": "east"},
				"south": {"uv": [0, 15, 16, 16], "texture": "#side", "cullface": "south"},
				"west": {"uv": [0, 15, 16, 16], "texture": "#side", "cullface": "west"},
				"up": {"uv": [0, 0, 16, 16], "texture": "#top"},
				"down": {"uv": [0, 0, 16, 16], "texture": "#top", "cullface": "down"}
			}
		},
		{
			"from": [0, 15, 0],
			"to": [16, 16, 16],
			"faces": {
				"north": {"uv": [0, 0, 16, 1], "texture": "#side", "cullface": "north"},
				"east": {"uv": [0, 0, 16, 1], "texture": "#side", "cullface": "east"},
				"south": {"uv": [0, 0, 16, 1], "texture": "#side", "cullface": "south"},
				"west": {"uv": [0, 0, 16, 1], "texture": "#side", "cullface": "west"},
				"up": {"uv": [0, 0, 16, 16], "texture": "#top", "cullface": "up"},
				"down": {"uv": [0, 0, 16, 16], "texture": "#top"}
			}
		},
		{
			"from": [0.01, 7, 0.01],
			"to": [15.99, 9, 15.99],
			"faces": {
				"north": {"uv": [0, 7, 16, 9], "texture": "#side", "cullface": "north"},
				"east": {"uv": [0, 7, 16, 9], "texture": "#side", "cullface": "east"},
				"south": {"uv": [0, 7, 16, 9], "texture": "#side", "cullface": "south"},
				"west": {"uv": [0, 7, 16, 9], "texture": "#side", "cullface": "west"},
				"up": {"uv": [0, 0, 16, 16], "texture": "#top"},
				"down": {"uv": [0, 0, 16, 16], "texture": "#top"}
			}
		},
		{
			"from": [0, 1, 0],
			"to": [1, 15, 1],
			"faces": {
				"north": {"uv": [15, 1, 16, 15], "texture": "#side", "cullface": "north"},
				"east": {"uv": [0, 0, 1, 14], "texture": "#side"},
				"south": {"uv": [0, 0, 1, 14], "texture": "#side"},
				"west": {"uv": [0, 1, 1, 15], "texture": "#side", "cullface": "west"},
				"up": {"uv": [0, 0, 1, 1], "texture": "#side"},
				"down": {"uv": [0, 0, 1, 1], "texture": "#side"}
			}
		},
		{
			"from": [0, 1, 15],
			"to": [1, 15, 16],
			"faces": {
				"north": {"uv": [0, 0, 1, 14], "texture": "#side"},
				"east": {"uv": [0, 0, 1, 14], "texture": "#side"},
				"south": {"uv": [0, 1, 1, 15], "texture": "#side", "cullface": "south"},
				"west": {"uv": [15, 1, 16, 15], "texture": "#side", "cullface": "west"},
				"up": {"uv": [0, 0, 1, 1], "texture": "#side"},
				"down": {"uv": [0, 0, 1, 1], "texture": "#side"}
			}
		},
		{
			"from": [15, 1, 15],
			"to": [16, 15, 16],
			"faces": {
				"north": {"uv": [0, 0, 1, 14], "texture": "#side"},
				"east": {"uv": [0, 1, 1, 15], "texture": "#side", "cullface": "east"},
				"south": {"uv": [15, 1, 16, 15], "texture": "#side", "cullface": "south"},
				"west": {"uv": [0, 0, 1, 14], "texture": "#side"},
				"up": {"uv": [0, 0, 1, 1], "texture": "#side"},
				"down": {"uv": [0, 0, 1, 1], "texture": "#side"}
			}
		},
		{
			"from": [15, 1, 0],
			"to": [16, 15, 1],
			"faces": {
				"north": {"uv": [0, 1, 1, 15], "texture": "#side", "cullface": "north"},
				"east": {"uv": [15, 1, 16, 15], "texture": "#side", "cullface": "east"},
				"south": {"uv": [0, 0, 1, 14], "texture": "#side"},
				"west": {"uv": [0, 0, 1, 14], "texture": "#side"},
				"up": {"uv": [0, 0, 1, 1], "texture": "#side"},
				"down": {"uv": [0, 0, 1, 1], "texture": "#side"}
			}
		},
		{
			"from": [3, 1, 3],
			"to": [13, 15, 13],
			"faces": {
				"north": {"uv": [3, 1, 13, 15], "texture": "#top", "cullface": "north"},
				"east": {"uv": [3, 1, 13, 15], "texture": "#top", "cullface": "east"},
				"south": {"uv": [3, 1, 13, 15], "texture": "#top", "cullface": "south"},
				"west": {"uv": [3, 1, 13, 15], "texture": "#top", "cullface": "west"}
			}
		},
		{
			"from": [13, 1, 0.1],
			"to": [15, 6, 2.1],
			"faces": {
				"north": {"uv": [1, 10, 3, 15], "texture": "#side", "cullface": "north"},
				"east": {"uv": [4, 2, 6, 7], "texture": "#side"},
				"south": {"uv": [1, 2, 3, 7], "texture": "#side"},
				"west": {"uv": [9, 10, 11, 15], "texture": "#side", "cullface": "north"},
				"up": {"uv": [3, 9, 1, 11], "rotation": 180, "texture": "#side", "cullface": "north"},
				"down": {"uv": [2, 2, 4, 4], "texture": "#side"}
			}
		},
		{
			"from": [2, 1, 0.1],
			"to": [3, 5, 3.1],
			"rotation": {"angle": 0, "axis": "y", "origin": [-3, 0, 1.5]},
			"faces": {
				"north": {"uv": [13, 11, 14, 15], "texture": "#side", "cullface": "east"},
				"east": {"uv": [12, 11, 15, 15], "texture": "#side", "cullface": "east"},
				"south": {"uv": [14, 11, 15, 15], "texture": "#side"},
				"west": {"uv": [3, 11, 6, 15], "texture": "#side", "cullface": "north"},
				"up": {"uv": [14, 11, 13, 14], "texture": "#side"},
				"down": {"uv": [0, 0, 3, 1], "rotation": 90, "texture": "#side"}
			}
		},
		{
			"from": [1, 1, 14],
			"to": [3, 6, 16],
			"rotation": {"angle": 0, "axis": "y", "origin": [1.5, 0, 18.5]},
			"faces": {
				"north": {"uv": [1, 2, 3, 7], "texture": "#side"},
				"east": {"uv": [9, 10, 11, 15], "texture": "#side", "cullface": "north"},
				"south": {"uv": [1, 10, 3, 15], "texture": "#side", "cullface": "north"},
				"west": {"uv": [4, 2, 6, 7], "texture": "#side"},
				"up": {"uv": [3, 9, 1, 11], "texture": "#side", "cullface": "north"},
				"down": {"uv": [2, 2, 4, 4], "rotation": 180, "texture": "#side"}
			}
		},
		{
			"from": [13, 1, 13],
			"to": [14, 5, 16],
			"rotation": {"angle": 0, "axis": "y", "origin": [18.5, 0, 14.5]},
			"faces": {
				"north": {"uv": [14, 11, 15, 15], "texture": "#side"},
				"east": {"uv": [3, 11, 6, 15], "texture": "#side", "cullface": "north"},
				"south": {"uv": [13, 11, 14, 15], "texture": "#side", "cullface": "east"},
				"west": {"uv": [12, 11, 15, 15], "texture": "#side", "cullface": "east"},
				"up": {"uv": [14, 11, 13, 14], "rotation": 180, "texture": "#side"},
				"down": {"uv": [0, 0, 3, 1], "rotation": 270, "texture": "#side"}
			}
		},
		{
			"from": [14, 1, 13],
			"to": [16, 6, 15],
			"rotation": {"angle": 0, "axis": "y", "origin": [18.5, 0, 14.5]},
			"faces": {
				"north": {"uv": [9, 10, 11, 15], "texture": "#side", "cullface": "north"},
				"east": {"uv": [1, 10, 3, 15], "texture": "#side", "cullface": "north"},
				"south": {"uv": [4, 2, 6, 7], "texture": "#side"},
				"west": {"uv": [1, 2, 3, 7], "texture": "#side"},
				"up": {"uv": [3, 9, 1, 11], "rotation": 270, "texture": "#side", "cullface": "north"},
				"down": {"uv": [2, 2, 4, 4], "rotation": 270, "texture": "#side"}
			}
		},
		{
			"from": [0, 1, 13],
			"to": [3, 5, 14],
			"rotation": {"angle": 0, "axis": "y", "origin": [1.5, 0, 18.5]},
			"faces": {
				"north": {"uv": [12, 11, 15, 15], "texture": "#side", "cullface": "east"},
				"east": {"uv": [14, 11, 15, 15], "texture": "#side"},
				"south": {"uv": [3, 11, 6, 15], "texture": "#side", "cullface": "north"},
				"west": {"uv": [13, 11, 14, 15], "texture": "#side", "cullface": "east"},
				"up": {"uv": [14, 11, 13, 14], "rotation": 270, "texture": "#side"},
				"down": {"uv": [0, 0, 3, 1], "rotation": 180, "texture": "#side"}
			}
		},
		{
			"from": [0, 1, 1],
			"to": [2, 6, 3],
			"rotation": {"angle": 0, "axis": "y", "origin": [-3, 0, 1.5]},
			"faces": {
				"north": {"uv": [4, 2, 6, 7], "texture": "#side"},
				"east": {"uv": [1, 2, 3, 7], "texture": "#side"},
				"south": {"uv": [9, 10, 11, 15], "texture": "#side", "cullface": "north"},
				"west": {"uv": [1, 10, 3, 15], "texture": "#side", "cullface": "north"},
				"up": {"uv": [3, 9, 1, 11], "rotation": 90, "texture": "#side", "cullface": "north"},
				"down": {"uv": [2, 2, 4, 4], "rotation": 90, "texture": "#side"}
			}
		},
		{
			"from": [10, 1, 0.5],
			"to": [12, 6, 3],
			"faces": {
				"north": {"uv": [4, 10, 6, 15], "texture": "#side", "cullface": "north"},
				"east": {"uv": [4, 10, 5, 15], "texture": "#side", "cullface": "north"},
				"up": {"uv": [6, 10, 4, 11], "texture": "#side", "cullface": "north"}
			}
		},
		{
			"from": [8, 1, 0.1],
			"to": [10, 7, 3.1],
			"faces": {
				"north": {"uv": [6, 9, 8, 15], "texture": "#side", "cullface": "north"},
				"east": {"uv": [6, 9, 7, 15], "texture": "#side", "cullface": "north"},
				"west": {"uv": [7, 9, 8, 15], "texture": "#side", "cullface": "north"}
			}
		},
		{
			"from": [5, 1, 0.5],
			"to": [6, 6, 3],
			"rotation": {"angle": -22.5, "axis": "z", "origin": [6, 1, 2]},
			"faces": {
				"north": {"uv": [4, 2, 5, 7], "texture": "#side", "cullface": "north"},
				"east": {"uv": [4, 2, 5, 7], "texture": "#side", "cullface": "north"},
				"west": {"uv": [4, 2, 5, 7], "texture": "#side", "cullface": "north"},
				"up": {"uv": [4, 2, 5, 3], "texture": "#side", "cullface": "north"},
				"down": {"uv": [4, 6, 5, 7], "texture": "#side", "cullface": "north"}
			}
		},
		{
			"from": [3, 1, 0.25],
			"to": [5, 6, 3],
			"faces": {
				"north": {"uv": [11, 10, 13, 15], "texture": "#side", "cullface": "north"},
				"east": {"uv": [11, 10, 12, 15], "texture": "#side", "cullface": "north"},
				"west": {"uv": [12, 10, 13, 15], "texture": "#side", "cullface": "north"},
				"up": {"uv": [13, 10, 11, 11], "texture": "#side", "cullface": "north"}
			}
		},
		{
			"from": [12, 9, 0],
			"to": [13, 13, 3.5],
			"rotation": {"angle": -22.5, "axis": "y", "origin": [13, 9, 3]},
			"faces": {
				"north": {"uv": [1, 3, 2, 7], "texture": "#side", "cullface": "north"},
				"east": {"uv": [1, 3, 2, 7], "texture": "#side", "cullface": "north"},
				"west": {"uv": [1, 3, 2, 7], "texture": "#side", "cullface": "north"},
				"up": {"uv": [1, 3, 2, 4], "texture": "#side", "cullface": "north"},
				"down": {"uv": [1, 6, 2, 7], "texture": "#side", "cullface": "north"}
			}
		},
		{
			"from": [10, 9, 0.5],
			"to": [12, 14, 3],
			"faces": {
				"north": {"uv": [4, 2, 6, 7], "texture": "#side", "cullface": "north"},
				"east": {"uv": [4, 2, 5, 7], "texture": "#side", "cullface": "north"},
				"west": {"uv": [5, 2, 6, 7], "texture": "#side", "cullface": "north"},
				"up": {"uv": [4, 2, 6, 3], "texture": "#side", "cullface": "north"}
			}
		},
		{
			"from": [9, 9, 1],
			"to": [10, 12, 3],
			"faces": {
				"north": {"uv": [6, 4, 7, 7], "texture": "#side", "cullface": "north"},
				"west": {"uv": [6, 4, 7, 7], "texture": "#side", "cullface": "north"},
				"up": {"uv": [6, 4, 7, 5], "texture": "#side", "cullface": "north"}
			}
		},
		{
			"from": [8.1, 9, 0.5],
			"to": [9.1, 13, 3],
			"rotation": {"angle": 22.5, "axis": "z", "origin": [8.1, 9, 1]},
			"faces": {
				"north": {"uv": [7, 11, 8, 15], "texture": "#side", "cullface": "north"},
				"east": {"uv": [7, 11, 8, 15], "texture": "#side", "cullface": "north"},
				"west": {"uv": [7, 11, 8, 15], "texture": "#side", "cullface": "north"},
				"up": {"uv": [7, 11, 8, 12], "texture": "#side", "cullface": "north"},
				"down": {"uv": [8, 15, 7, 14], "texture": "#side", "cullface": "north"}
			}
		},
		{
			"from": [5, 9, 0.25],
			"to": [7, 14, 3],
			"faces": {
				"north": {"uv": [9, 2, 11, 7], "texture": "#side", "cullface": "north"},
				"east": {"uv": [9, 2, 10, 7], "texture": "#side", "cullface": "north"},
				"west": {"uv": [10, 2, 11, 7], "texture": "#side", "cullface": "north"},
				"up": {"uv": [11, 2, 9, 3], "texture": "#side", "cullface": "north"}
			}
		},
		{
			"from": [4, 9, 0.75],
			"to": [5, 13, 3],
			"faces": {
				"north": {"uv": [11, 3, 12, 7], "texture": "#side", "cullface": "north"},
				"up": {"uv": [11, 3, 12, 4], "texture": "#side", "cullface": "north"}
			}
		},
		{
			"from": [2, 9, 0],
			"to": [4, 15, 3],
			"faces": {
				"north": {"uv": [12, 1, 14, 7], "texture": "#side", "cullface": "north"},
				"east": {"uv": [12, 1, 13, 7], "texture": "#side", "cullface": "north"},
				"west": {"uv": [13, 1, 14, 7], "texture": "#side", "cullface": "north"}
			}
		},
		{
			"from": [1, 9, 0],
			"to": [2, 13, 2],
			"faces": {
				"north": {"uv": [14, 3, 15, 7], "texture": "#side", "cullface": "north"},
				"east": {"uv": [13, 11, 15, 15], "texture": "#side"},
				"south": {"uv": [13, 11, 14, 15], "texture": "#side"},
				"west": {"uv": [13, 3, 15, 7], "texture": "#side"},
				"up": {"uv": [14, 3, 15, 5], "texture": "#side", "cullface": "north"},
				"down": {"uv": [13, 11, 14, 13], "texture": "#side"}
			}
		},
		{
			"from": [0, 9, 14],
			"to": [2, 13, 15],
			"faces": {
				"north": {"uv": [0, 0, 2, 4], "texture": "#side"},
				"east": {"uv": [13, 11, 14, 15], "texture": "#side"},
				"south": {"uv": [13, 3, 15, 7], "texture": "#side"},
				"west": {"uv": [14, 3, 15, 7], "texture": "#side", "cullface": "west"},
				"up": {"uv": [13, 11, 15, 12], "texture": "#side", "cullface": "west"},
				"down": {"uv": [0, 0, 2, 1], "texture": "#side"}
			}
		},
		{
			"from": [0.5, 1, 10],
			"to": [3, 6, 11],
			"rotation": {"angle": -22.5, "axis": "x", "origin": [1, 1, 10]},
			"faces": {
				"north": {"uv": [4, 2, 5, 7], "texture": "#side", "cullface": "west"},
				"south": {"uv": [4, 2, 5, 7], "texture": "#side", "cullface": "west"},
				"west": {"uv": [4, 2, 5, 7], "texture": "#side", "cullface": "west"},
				"up": {"uv": [4, 2, 5, 3], "texture": "#side", "cullface": "west"},
				"down": {"uv": [4, 6, 5, 7], "texture": "#side", "cullface": "west"}
			}
		},
		{
			"from": [0.25, 1, 11],
			"to": [3, 6, 13],
			"faces": {
				"north": {"uv": [11, 10, 12, 15], "texture": "#side", "cullface": "west"},
				"south": {"uv": [12, 10, 13, 15], "texture": "#side", "cullface": "west"},
				"west": {"uv": [11, 10, 13, 15], "texture": "#side", "cullface": "west"},
				"up": {"uv": [13, 10, 11, 11], "rotation": 270, "texture": "#side", "cullface": "west"}
			}
		},
		{
			"from": [0, 9, 3],
			"to": [3.5, 13, 4],
			"rotation": {"angle": -22.5, "axis": "y", "origin": [3, 9, 3]},
			"faces": {
				"north": {"uv": [1, 3, 2, 7], "texture": "#side", "cullface": "west"},
				"south": {"uv": [1, 3, 2, 7], "texture": "#side", "cullface": "west"},
				"west": {"uv": [1, 3, 2, 7], "texture": "#side", "cullface": "west"},
				"up": {"uv": [1, 3, 2, 4], "texture": "#side", "cullface": "west"},
				"down": {"uv": [1, 6, 2, 7], "texture": "#side", "cullface": "west"}
			}
		},
		{
			"from": [0.5, 9, 4],
			"to": [3, 14, 6],
			"faces": {
				"north": {"uv": [4, 2, 5, 7], "texture": "#side", "cullface": "west"},
				"south": {"uv": [5, 2, 6, 7], "texture": "#side", "cullface": "west"},
				"west": {"uv": [4, 2, 6, 7], "texture": "#side", "cullface": "west"},
				"up": {"uv": [4, 2, 6, 3], "texture": "#side", "cullface": "west"}
			}
		},
		{
			"from": [1, 9, 6],
			"to": [3, 12, 7],
			"faces": {
				"south": {"uv": [6, 4, 7, 7], "texture": "#side", "cullface": "west"},
				"west": {"uv": [6, 4, 7, 7], "texture": "#side", "cullface": "west"},
				"up": {"uv": [6, 4, 7, 5], "texture": "#side", "cullface": "west"}
			}
		},
		{
			"from": [0.5, 9, 6.9],
			"to": [3, 13, 7.9],
			"rotation": {"angle": 22.5, "axis": "x", "origin": [0, 9, 8]},
			"faces": {
				"north": {"uv": [7, 11, 8, 15], "texture": "#side", "cullface": "west"},
				"south": {"uv": [7, 11, 8, 15], "texture": "#side", "cullface": "west"},
				"west": {"uv": [7, 11, 8, 15], "texture": "#side", "cullface": "west"},
				"up": {"uv": [7, 11, 8, 12], "texture": "#side", "cullface": "west"},
				"down": {"uv": [8, 15, 7, 14], "texture": "#side", "cullface": "west"}
			}
		},
		{
			"from": [0.25, 9, 9],
			"to": [3, 14, 11],
			"faces": {
				"north": {"uv": [9, 2, 10, 7], "texture": "#side", "cullface": "west"},
				"south": {"uv": [10, 2, 11, 7], "texture": "#side", "cullface": "west"},
				"west": {"uv": [9, 2, 11, 7], "texture": "#side", "cullface": "west"},
				"up": {"uv": [11, 2, 9, 3], "rotation": 270, "texture": "#side", "cullface": "west"}
			}
		},
		{
			"from": [0.75, 9, 11],
			"to": [3, 13, 12],
			"faces": {
				"west": {"uv": [11, 3, 12, 7], "texture": "#side", "cullface": "west"},
				"up": {"uv": [11, 3, 12, 4], "texture": "#side", "cullface": "west"}
			}
		},
		{
			"from": [0, 9, 12],
			"to": [3, 15, 14],
			"faces": {
				"north": {"uv": [12, 1, 13, 7], "texture": "#side", "cullface": "west"},
				"south": {"uv": [13, 1, 14, 7], "texture": "#side", "cullface": "west"},
				"west": {"uv": [12, 1, 14, 7], "texture": "#side", "cullface": "west"}
			}
		},
		{
			"from": [0, 1, 6],
			"to": [3, 7, 8],
			"faces": {
				"north": {"uv": [6, 9, 7, 15], "texture": "#side", "cullface": "west"},
				"south": {"uv": [7, 9, 8, 15], "texture": "#side", "cullface": "west"},
				"west": {"uv": [6, 9, 8, 15], "texture": "#side", "cullface": "west"}
			}
		},
		{
			"from": [0.5, 1, 4],
			"to": [3, 6, 6],
			"faces": {
				"north": {"uv": [4, 10, 5, 15], "texture": "#side", "cullface": "west"},
				"west": {"uv": [4, 10, 6, 15], "texture": "#side", "cullface": "west"},
				"up": {"uv": [6, 10, 4, 11], "rotation": 270, "texture": "#side", "cullface": "west"}
			}
		},
		{
			"from": [10, 1, 13],
			"to": [11, 6, 15.5],
			"rotation": {"angle": 22.5, "axis": "z", "origin": [10, 1, 7]},
			"faces": {
				"east": {"uv": [4, 2, 5, 7], "texture": "#side", "cullface": "south"},
				"south": {"uv": [4, 2, 5, 7], "texture": "#side", "cullface": "south"},
				"west": {"uv": [4, 2, 5, 7], "texture": "#side", "cullface": "south"},
				"up": {"uv": [4, 2, 5, 3], "texture": "#side", "cullface": "south"},
				"down": {"uv": [4, 6, 5, 7], "texture": "#side", "cullface": "south"}
			}
		},
		{
			"from": [11, 1, 13],
			"to": [13, 6, 15.75],
			"faces": {
				"east": {"uv": [12, 10, 13, 15], "texture": "#side", "cullface": "south"},
				"south": {"uv": [11, 10, 13, 15], "texture": "#side", "cullface": "south"},
				"west": {"uv": [11, 10, 12, 15], "texture": "#side", "cullface": "south"},
				"up": {"uv": [11, 10, 13, 11], "texture": "#side", "cullface": "south"}
			}
		},
		{
			"from": [3, 9, 12.5],
			"to": [4, 13, 16],
			"rotation": {"angle": -22.5, "axis": "y", "origin": [3, 9, 13]},
			"faces": {
				"east": {"uv": [1, 3, 2, 7], "texture": "#side", "cullface": "south"},
				"south": {"uv": [1, 3, 2, 7], "texture": "#side", "cullface": "south"},
				"west": {"uv": [1, 3, 2, 7], "texture": "#side", "cullface": "south"},
				"up": {"uv": [1, 3, 2, 4], "texture": "#side", "cullface": "south"},
				"down": {"uv": [1, 6, 2, 7], "texture": "#side", "cullface": "south"}
			}
		},
		{
			"from": [4, 9, 13],
			"to": [6, 14, 15.5],
			"faces": {
				"east": {"uv": [5, 2, 6, 7], "texture": "#side", "cullface": "south"},
				"south": {"uv": [4, 2, 6, 7], "texture": "#side", "cullface": "south"},
				"west": {"uv": [4, 2, 5, 7], "texture": "#side", "cullface": "south"},
				"up": {"uv": [4, 2, 6, 3], "texture": "#side", "cullface": "south"}
			}
		},
		{
			"from": [6, 9, 13],
			"to": [7, 12, 15],
			"faces": {
				"east": {"uv": [6, 4, 7, 7], "texture": "#side", "cullface": "south"},
				"south": {"uv": [6, 4, 7, 7], "texture": "#side", "cullface": "south"},
				"up": {"uv": [6, 4, 7, 5], "texture": "#side", "cullface": "south"}
			}
		},
		{
			"from": [6.9, 9, 13],
			"to": [7.9, 13, 15.5],
			"rotation": {"angle": -22.5, "axis": "z", "origin": [8, 9, 14]},
			"faces": {
				"east": {"uv": [7, 11, 8, 15], "texture": "#side", "cullface": "south"},
				"south": {"uv": [7, 11, 8, 15], "texture": "#side", "cullface": "south"},
				"west": {"uv": [7, 11, 8, 15], "texture": "#side", "cullface": "south"},
				"up": {"uv": [7, 11, 8, 12], "texture": "#side", "cullface": "south"},
				"down": {"uv": [8, 15, 7, 14], "texture": "#side", "cullface": "south"}
			}
		},
		{
			"from": [9, 9, 13],
			"to": [11, 14, 15.75],
			"faces": {
				"east": {"uv": [10, 2, 11, 7], "texture": "#side", "cullface": "south"},
				"south": {"uv": [9, 2, 11, 7], "texture": "#side", "cullface": "south"},
				"west": {"uv": [9, 2, 10, 7], "texture": "#side", "cullface": "south"},
				"up": {"uv": [9, 2, 11, 3], "texture": "#side", "cullface": "south"}
			}
		},
		{
			"from": [11, 9, 13],
			"to": [12, 13, 15.25],
			"faces": {
				"south": {"uv": [11, 3, 12, 7], "texture": "#side", "cullface": "south"},
				"up": {"uv": [11, 3, 12, 4], "texture": "#side", "cullface": "south"}
			}
		},
		{
			"from": [12, 9, 13],
			"to": [14, 15, 16],
			"faces": {
				"east": {"uv": [13, 1, 14, 7], "texture": "#side", "cullface": "south"},
				"south": {"uv": [12, 1, 14, 7], "texture": "#side", "cullface": "south"},
				"west": {"uv": [12, 1, 13, 7], "texture": "#side", "cullface": "south"}
			}
		},
		{
			"from": [6, 1, 13],
			"to": [8, 7, 16],
			"faces": {
				"east": {"uv": [7, 9, 8, 15], "texture": "#side", "cullface": "south"},
				"south": {"uv": [6, 9, 8, 15], "texture": "#side", "cullface": "south"},
				"west": {"uv": [6, 9, 7, 15], "texture": "#side", "cullface": "south"}
			}
		},
		{
			"from": [4, 1, 13],
			"to": [6, 6, 15.5],
			"faces": {
				"south": {"uv": [4, 10, 6, 15], "texture": "#side", "cullface": "south"},
				"west": {"uv": [4, 10, 5, 15], "texture": "#side", "cullface": "south"},
				"up": {"uv": [4, 10, 6, 11], "texture": "#side", "cullface": "south"}
			}
		},
		{
			"from": [14, 9, 14],
			"to": [15, 13, 16],
			"faces": {
				"north": {"uv": [14, 3, 15, 7], "texture": "#side"},
				"east": {"uv": [13, 3, 15, 7], "texture": "#side"},
				"south": {"uv": [14, 3, 15, 7], "texture": "#side", "cullface": "south"},
				"west": {"uv": [0, 0, 2, 4], "texture": "#side"},
				"up": {"uv": [14, 3, 15, 5], "texture": "#side", "cullface": "south"},
				"down": {"uv": [0, 0, 1, 2], "texture": "#side"}
			}
		},
		{
			"from": [13, 1, 5],
			"to": [15.5, 6, 6],
			"rotation": {"angle": 22.5, "axis": "x", "origin": [8, 1, 6]},
			"faces": {
				"north": {"uv": [4, 2, 5, 7], "texture": "#side", "cullface": "east"},
				"east": {"uv": [4, 2, 5, 7], "texture": "#side", "cullface": "east"},
				"south": {"uv": [4, 2, 5, 7], "texture": "#side", "cullface": "east"},
				"up": {"uv": [4, 2, 5, 3], "texture": "#side", "cullface": "east"},
				"down": {"uv": [4, 6, 5, 7], "texture": "#side", "cullface": "east"}
			}
		},
		{
			"from": [13, 1, 3],
			"to": [15.75, 6, 5],
			"faces": {
				"north": {"uv": [12, 10, 13, 15], "texture": "#side", "cullface": "east"},
				"east": {"uv": [11, 10, 13, 15], "texture": "#side", "cullface": "east"},
				"south": {"uv": [11, 10, 12, 15], "texture": "#side", "cullface": "east"},
				"up": {"uv": [13, 10, 11, 11], "rotation": 90, "texture": "#side", "cullface": "east"}
			}
		},
		{
			"from": [13, 1, 2],
			"to": [16, 5, 3],
			"faces": {
				"north": {"uv": [3, 11, 6, 15], "texture": "#side", "cullface": "north"},
				"east": {"uv": [13, 11, 14, 15], "texture": "#side", "cullface": "east"},
				"south": {"uv": [12, 11, 15, 15], "texture": "#side", "cullface": "east"},
				"west": {"uv": [13, 11, 14, 15], "texture": "#side"},
				"up": {"uv": [14, 11, 13, 14], "rotation": 90, "texture": "#side"},
				"down": {"uv": [0, 0, 3, 1], "texture": "#side"}
			}
		},
		{
			"from": [12.5, 9, 12],
			"to": [16, 13, 13],
			"rotation": {"angle": -22.5, "axis": "y", "origin": [13, 9, 13]},
			"faces": {
				"north": {"uv": [1, 3, 2, 7], "texture": "#side", "cullface": "east"},
				"east": {"uv": [1, 3, 2, 7], "texture": "#side", "cullface": "east"},
				"south": {"uv": [1, 3, 2, 7], "texture": "#side", "cullface": "east"},
				"up": {"uv": [1, 3, 2, 4], "texture": "#side", "cullface": "east"},
				"down": {"uv": [1, 6, 2, 7], "texture": "#side", "cullface": "east"}
			}
		},
		{
			"from": [13, 9, 10],
			"to": [15.5, 14, 12],
			"faces": {
				"north": {"uv": [5, 2, 6, 7], "texture": "#side", "cullface": "east"},
				"east": {"uv": [4, 2, 6, 7], "texture": "#side", "cullface": "east"},
				"south": {"uv": [4, 2, 5, 7], "texture": "#side", "cullface": "east"},
				"up": {"uv": [4, 2, 6, 3], "texture": "#side", "cullface": "east"}
			}
		},
		{
			"from": [13, 9, 9],
			"to": [15, 12, 10],
			"faces": {
				"north": {"uv": [6, 4, 7, 7], "texture": "#side", "cullface": "east"},
				"east": {"uv": [6, 4, 7, 7], "texture": "#side", "cullface": "east"},
				"up": {"uv": [6, 4, 7, 5], "texture": "#side", "cullface": "east"}
			}
		},
		{
			"from": [13, 9, 8.1],
			"to": [15.5, 13, 9.1],
			"rotation": {"angle": -22.5, "axis": "x", "origin": [8, 9, 8]},
			"faces": {
				"north": {"uv": [7, 11, 8, 15], "texture": "#side", "cullface": "east"},
				"east": {"uv": [7, 11, 8, 15], "texture": "#side", "cullface": "east"},
				"south": {"uv": [7, 11, 8, 15], "texture": "#side", "cullface": "east"},
				"up": {"uv": [7, 11, 8, 12], "texture": "#side", "cullface": "east"},
				"down": {"uv": [8, 15, 7, 14], "texture": "#side", "cullface": "east"}
			}
		},
		{
			"from": [13, 9, 5],
			"to": [15.75, 14, 7],
			"faces": {
				"north": {"uv": [10, 2, 11, 7], "texture": "#side", "cullface": "east"},
				"east": {"uv": [9, 2, 11, 7], "texture": "#side", "cullface": "east"},
				"south": {"uv": [9, 2, 10, 7], "texture": "#side", "cullface": "east"},
				"up": {"uv": [11, 2, 9, 3], "rotation": 90, "texture": "#side", "cullface": "east"}
			}
		},
		{
			"from": [13, 9, 4],
			"to": [15.25, 13, 5],
			"faces": {
				"east": {"uv": [11, 3, 12, 7], "texture": "#side", "cullface": "east"},
				"up": {"uv": [11, 3, 12, 4], "texture": "#side", "cullface": "east"}
			}
		},
		{
			"from": [13, 9, 2],
			"to": [16, 15, 4],
			"faces": {
				"north": {"uv": [13, 1, 14, 7], "texture": "#side", "cullface": "east"},
				"east": {"uv": [12, 1, 14, 7], "texture": "#side", "cullface": "east"},
				"south": {"uv": [12, 1, 13, 7], "texture": "#side", "cullface": "east"}
			}
		},
		{
			"from": [13, 1, 8],
			"to": [16, 7, 10],
			"faces": {
				"north": {"uv": [7, 9, 8, 15], "texture": "#side", "cullface": "east"},
				"east": {"uv": [6, 9, 8, 15], "texture": "#side", "cullface": "east"},
				"south": {"uv": [6, 9, 7, 15], "texture": "#side", "cullface": "east"}
			}
		},
		{
			"from": [13, 1, 10],
			"to": [15.5, 6, 12],
			"faces": {
				"east": {"uv": [4, 10, 6, 15], "texture": "#side", "cullface": "east"},
				"south": {"uv": [4, 10, 5, 15], "texture": "#side", "cullface": "east"},
				"up": {"uv": [6, 10, 4, 11], "rotation": 90, "texture": "#side", "cullface": "east"}
			}
		},
		{
			"from": [14, 9, 1],
			"to": [16, 13, 2],
			"faces": {
				"north": {"uv": [13, 3, 15, 7], "texture": "#side"},
				"east": {"uv": [14, 3, 15, 7], "texture": "#side", "cullface": "east"},
				"south": {"uv": [0, 0, 2, 4], "texture": "#side"},
				"west": {"uv": [13, 11, 14, 15], "texture": "#side"},
				"up": {"uv": [13, 11, 15, 12], "texture": "#side", "cullface": "east"},
				"down": {"uv": [0, 0, 2, 1], "texture": "#side"}
			}
		},
		{
			"from": [0, 1, 0],
			"to": [22, 15, 0],
			"rotation": {"angle": -45, "axis": "y", "origin": [0, 0, 0]},
			"faces": {
				"north": {"uv": [0, 0, 16, 14], "texture": "#top"},
				"east": {"uv": [0, 0, 0, 14], "texture": "#missing"},
				"south": {"uv": [0, 0, 16, 14], "texture": "#top"},
				"west": {"uv": [0, 0, 0, 14], "texture": "#missing"},
				"up": {"uv": [0, 0, 16, 0], "texture": "#missing"},
				"down": {"uv": [0, 0, 16, 0], "texture": "#missing"}
			}
		},
		{
			"from": [8, 1, -3],
			"to": [8, 15, 19],
			"rotation": {"angle": -45, "axis": "y", "origin": [8, 0, 8]},
			"faces": {
				"north": {"uv": [0, 0, 0, 14], "texture": "#missing"},
				"east": {"uv": [0, 0, 16, 14], "texture": "#top"},
				"south": {"uv": [0, 0, 0, 14], "texture": "#missing"},
				"west": {"uv": [0, 0, 16, 14], "texture": "#top"},
				"up": {"uv": [0, 0, 16, 0], "rotation": 270, "texture": "#missing"},
				"down": {"uv": [0, 0, 16, 0], "rotation": 90, "texture": "#missing"}
			}
		}
	]
}