{
	"credit": "Made by awildthomas",
	"textures": {
		"base": "block/brewing_stand_base",
		"particle": "block/brewing_stand",
		"stand": "block/brewing_stand"
	},
	"elements": [
		{
			"from": [7, 1, 7],
			"to": [9, 14, 9],
			"faces": {
				"north": {"uv": [7, 2, 9, 15], "texture": "#stand"},
				"east": {"uv": [7, 2, 9, 15], "texture": "#stand"},
				"south": {"uv": [7, 2, 9, 15], "texture": "#stand"},
				"west": {"uv": [7, 2, 9, 15], "texture": "#stand"},
				"up": {"uv": [7, 7, 9, 9], "texture": "#stand"}
			}
		},
		{
			"from": [10, 0, 5],
			"to": [16, 2, 11],
			"faces": {
				"north": {"uv": [9, 14, 15, 16], "texture": "#base"},
				"east": {"uv": [5, 14, 11, 16], "texture": "#base", "cullface": "east"},
				"south": {"uv": [9, 14, 15, 16], "texture": "#base"},
				"west": {"uv": [5, 14, 11, 16], "texture": "#base"},
				"up": {"uv": [9, 5, 15, 11], "texture": "#base"},
				"down": {"uv": [9, 5, 15, 11], "texture": "#base", "cullface": "down"}
			}
		},
		{
			"from": [1, 0, 1],
			"to": [7, 2, 7],
			"faces": {
				"north": {"uv": [1, 14, 7, 16], "texture": "#base"},
				"east": {"uv": [1, 14, 7, 16], "texture": "#base"},
				"south": {"uv": [1, 14, 7, 16], "texture": "#base"},
				"west": {"uv": [1, 14, 7, 16], "texture": "#base"},
				"up": {"uv": [1, 1, 7, 7], "texture": "#base"},
				"down": {"uv": [1, 1, 7, 7], "texture": "#base", "cullface": "down"}
			}
		},
		{
			"from": [1, 0, 9],
			"to": [7, 2, 15],
			"faces": {
				"north": {"uv": [1, 14, 7, 16], "texture": "#base"},
				"east": {"uv": [9, 14, 15, 16], "texture": "#base"},
				"south": {"uv": [1, 14, 7, 16], "texture": "#base"},
				"west": {"uv": [9, 14, 15, 16], "texture": "#base"},
				"up": {"uv": [1, 9, 7, 15], "texture": "#base"},
				"down": {"uv": [1, 9, 7, 15], "texture": "#base", "cullface": "down"}
			}
		},
		{
			"from": [5, 0, 7],
			"to": [7, 1, 9],
			"faces": {
				"west": {"uv": [6, 8, 8, 9], "texture": "#base"},
				"up": {"uv": [5, 7, 7, 9], "texture": "#base"},
				"down": {"uv": [5, 7, 7, 9], "texture": "#base", "cullface": "down"}
			}
		},
		{
			"from": [9, 0, 6],
			"to": [10, 1, 10],
			"faces": {
				"north": {"uv": [8, 6, 9, 7], "texture": "#base"},
				"south": {"uv": [8, 9, 9, 10], "texture": "#base"},
				"up": {"uv": [8, 6, 9, 10], "texture": "#base"},
				"down": {"uv": [8, 10, 9, 6], "texture": "#base", "cullface": "down"}
			}
		},
		{
			"from": [7, 0, 5],
			"to": [9, 1, 11],
			"faces": {
				"north": {"uv": [10, 5, 8, 6], "texture": "#base"},
				"east": {"uv": [9, 5, 10, 11], "rotation": 90, "texture": "#base"},
				"south": {"uv": [8, 10, 10, 11], "texture": "#base"},
				"up": {"uv": [8, 5, 10, 11], "texture": "#base"},
				"down": {"uv": [8, 11, 10, 5], "texture": "#base", "cullface": "down"}
			}
		}
	]
}