{
	"credit": "Made with Blockbench",
	"parent": "minecraft:block/cube",
	"textures": {
		"particle": "block/cartography_table_side3",
		"north": "block/cartography_table_side3",
		"south": "block/cartography_table_side1",
		"west": "block/cartography_table_side2",
		"up": "block/cartography_table_top",
		"down": "block/dark_oak_planks"
	},
	"elements": [
		{
			"from": [0.5, 2, 4],
			"to": [1.5, 5, 7],
			"faces": {
				"north": {"uv": [4, 11, 5, 14], "texture": "#west"},
				"east": {"uv": [4, 11, 7, 14], "texture": "#west"},
				"south": {"uv": [6, 11, 7, 14], "texture": "#west"},
				"west": {"uv": [4, 11, 7, 14], "texture": "#west"},
				"up": {"uv": [4, 11, 7, 12], "rotation": 90, "texture": "#west"},
				"down": {"uv": [4, 11, 5, 14], "texture": "#west"}
			}
		},
		{
			"from": [0.25, 2, 8],
			"to": [2.25, 5, 11],
			"faces": {
				"north": {"uv": [8, 11, 9, 14], "texture": "#west"},
				"east": {"uv": [8, 11, 11, 14], "texture": "#west"},
				"south": {"uv": [10, 11, 11, 14], "texture": "#west"},
				"west": {"uv": [8, 11, 11, 14], "texture": "#west"},
				"up": {"uv": [8, 11, 11, 12], "rotation": 90, "texture": "#west"},
				"down": {"uv": [8, 11, 9, 14], "texture": "#west"}
			}
		},
		{
			"from": [0.75, 5, 4],
			"to": [1.75, 8, 11],
			"faces": {
				"north": {"uv": [10, 8, 11, 11], "texture": "#west"},
				"east": {"uv": [4, 8, 11, 11], "texture": "#west"},
				"south": {"uv": [4, 8, 5, 11], "texture": "#west"},
				"west": {"uv": [4, 8, 11, 11], "texture": "#west"},
				"up": {"uv": [4, 8, 11, 9], "rotation": 90, "texture": "#west"},
				"down": {"uv": [4, 10, 11, 11], "rotation": 90, "texture": "#west"}
			}
		},
		{
			"from": [1, 2, 7],
			"to": [2, 5, 8],
			"faces": {
				"north": {"uv": [7, 11, 8, 14], "texture": "#west"},
				"east": {"uv": [7, 11, 8, 14], "texture": "#west"},
				"south": {"uv": [7, 11, 8, 14], "texture": "#west"},
				"west": {"uv": [7, 11, 8, 14], "texture": "#west"},
				"up": {"uv": [7, 11, 8, 12], "texture": "#west"},
				"down": {"uv": [7, 13, 8, 14], "texture": "#west"}
			}
		},
		{
			"from": [5, 0, 0],
			"to": [16, 16, 16],
			"rotation": {"angle": 0, "axis": "y", "origin": [8, 8, 8]},
			"faces": {
				"north": {"uv": [0, 0, 11, 16], "texture": "#north"},
				"east": {"uv": [0, 0, 16, 16], "texture": "#north"},
				"south": {"uv": [5, 0, 16, 16], "texture": "#south"},
				"west": {"uv": [0, 15, 16, 16], "texture": "#west"},
				"up": {"uv": [5, 0, 16, 16], "texture": "#up"},
				"down": {"uv": [5, 0, 16, 16], "texture": "#down"}
			}
		},
		{
			"from": [0, 0, 0],
			"to": [5, 2, 16],
			"faces": {
				"north": {"uv": [11, 14, 16, 16], "texture": "#north"},
				"east": {"uv": [0, 0, 16, 2], "texture": "#missing"},
				"south": {"uv": [0, 14, 5, 16], "texture": "#north"},
				"west": {"uv": [0, 14, 16, 16], "texture": "#west"},
				"up": {"uv": [0, 10, 16, 15], "rotation": 90, "texture": "#west"},
				"down": {"uv": [0, 0, 5, 16], "texture": "#down"}
			}
		},
		{
			"from": [0, 2, 0],
			"to": [5, 16, 4],
			"faces": {
				"north": {"uv": [11, 0, 16, 14], "texture": "#north"},
				"east": {"uv": [0, 0, 4, 14], "texture": "#missing"},
				"south": {"uv": [4, 0, 0, 14], "texture": "#west"},
				"west": {"uv": [0, 0, 4, 14], "texture": "#west"},
				"up": {"uv": [0, 0, 5, 4], "texture": "#up"},
				"down": {"uv": [0, 12, 4, 16], "texture": "#west"}
			}
		},
		{
			"from": [0, 8, 4],
			"to": [5, 16, 11],
			"faces": {
				"north": {"uv": [0, 0, 5, 8], "texture": "#missing"},
				"east": {"uv": [0, 0, 7, 8], "texture": "#missing"},
				"south": {"uv": [11, 0, 10, 1], "texture": "#west"},
				"west": {"uv": [4, 0, 11, 8], "texture": "#west"},
				"up": {"uv": [0, 4, 5, 11], "texture": "#up"},
				"down": {"uv": [11, 3, 4, 8], "rotation": 90, "texture": "#west"}
			}
		},
		{
			"from": [0, 2, 11],
			"to": [5, 11, 16],
			"faces": {
				"north": {"uv": [16, 5, 11, 14], "texture": "#west"},
				"east": {"uv": [0, 5, 5, 14], "texture": "#south"},
				"south": {"uv": [0, 5, 5, 14], "texture": "#south"},
				"west": {"uv": [11, 5, 16, 14], "texture": "#west"},
				"up": {"uv": [0, 6, 1, 5], "texture": "#south"},
				"down": {"uv": [0, 6, 5, 11], "texture": "#south"}
			}
		},
		{
			"from": [8, 16, 4],
			"to": [15, 16.25, 10],
			"faces": {
				"north": {"uv": [15, 4, 8, 5], "texture": "#up"},
				"east": {"uv": [14, 6, 15, 8], "texture": "#up"},
				"south": {"uv": [8, 9, 15, 10], "texture": "#up"},
				"west": {"uv": [8, 6, 9, 7], "texture": "#up"},
				"up": {"uv": [8.0625, 4.025, 15.0625, 10.025], "texture": "#up"},
				"down": {"uv": [0, 0, 7, 6], "texture": "#up"}
			}
		},
		{
			"from": [9, 16, 3],
			"to": [15, 16.25, 4],
			"faces": {
				"north": {"uv": [15, 3, 9, 4], "texture": "#up"},
				"east": {"uv": [14, 3, 15, 4], "texture": "#up"},
				"south": {"uv": [0, 0, 6, 1], "texture": "#up"},
				"west": {"uv": [9, 3, 10, 4], "texture": "#up"},
				"up": {"uv": [9, 3, 15, 4], "texture": "#up"},
				"down": {"uv": [0, 0, 6, 1], "texture": "#up"}
			}
		},
		{
			"from": [11, 16, 2],
			"to": [15, 16.25, 3],
			"faces": {
				"north": {"uv": [15, 2, 11, 3], "texture": "#up"},
				"east": {"uv": [14, 4, 15, 5], "texture": "#up"},
				"south": {"uv": [0, 0, 4, 1], "texture": "#up"},
				"west": {"uv": [11, 2, 12, 3], "texture": "#up"},
				"up": {"uv": [11, 2, 15, 3], "texture": "#up"},
				"down": {"uv": [0, 0, 4, 1], "texture": "#up"}
			}
		},
		{
			"from": [9, 16, 11],
			"to": [12, 16.25, 12],
			"faces": {
				"north": {"uv": [0, 0, 3, 1], "texture": "#up"},
				"east": {"uv": [11, 11, 12, 12], "texture": "#up"},
				"south": {"uv": [9, 11, 12, 12], "texture": "#up"},
				"west": {"uv": [9, 11, 10, 12], "texture": "#up"},
				"up": {"uv": [9, 11, 12, 12], "texture": "#up"},
				"down": {"uv": [0, 0, 3, 1], "texture": "#up"}
			}
		},
		{
			"from": [8, 16, 10],
			"to": [14, 16.25, 11],
			"faces": {
				"north": {"uv": [0, 0, 6, 1], "texture": "#up"},
				"east": {"uv": [13, 10, 14, 11], "texture": "#up"},
				"south": {"uv": [8, 10, 14, 11], "texture": "#up"},
				"west": {"uv": [8, 10, 9, 11], "texture": "#up"},
				"up": {"uv": [8, 10, 14, 11], "texture": "#up"},
				"down": {"uv": [0, 0, 6, 1], "texture": "#up"}
			}
		},
		{
			"from": [2, 16, 2],
			"to": [6, 16.6, 6],
			"faces": {
				"north": {"uv": [6, 2, 2, 3], "texture": "#up"},
				"east": {"uv": [6, 6, 5, 2], "rotation": 270, "texture": "#up"},
				"south": {"uv": [2, 5, 6, 6], "texture": "#up"},
				"west": {"uv": [2, 2, 6, 3], "texture": "#up"},
				"up": {"uv": [2, 2, 6, 6], "texture": "#up"},
				"down": {"uv": [2, 2, 6, 6], "texture": "#up"}
			}
		},
		{
			"from": [0.25, 11, 11],
			"to": [5, 15.75, 15.75],
			"faces": {
				"north": {"uv": [11, 0, 16, 5], "texture": "#west"},
				"east": {"uv": [0, 0, 5, 5], "texture": "#south"},
				"south": {"uv": [0.25, 0.25, 5, 5], "texture": "#south"},
				"west": {"uv": [11, 0.25, 15.75, 5], "texture": "#west"},
				"up": {"uv": [0.25, 11, 5, 15.75], "texture": "#up"},
				"down": {"uv": [0, 11, 5, 16], "texture": "#up"}
			}
		},
		{
			"from": [-0.25, 10, 12],
			"to": [0.25, 11.25, 15],
			"faces": {
				"north": {"uv": [12, 5, 12.25, 6], "texture": "#west"},
				"east": {"uv": [12, 5, 15, 6], "texture": "#west"},
				"south": {"uv": [14, 5, 14.25, 6], "texture": "#west"},
				"west": {"uv": [12, 5, 15, 6], "texture": "#west"},
				"up": {"uv": [12, 5, 15, 5.75], "rotation": 90, "texture": "#west"},
				"down": {"uv": [15, 5, 12, 5.75], "rotation": 90, "texture": "#west"}
			}
		},
		{
			"from": [1, 10, 15.75],
			"to": [4, 11.25, 16.25],
			"faces": {
				"north": {"uv": [1, 5, 4, 6], "texture": "#south"},
				"east": {"uv": [3.75, 5, 4, 6], "texture": "#south"},
				"south": {"uv": [1, 5, 4, 6], "texture": "#south"},
				"west": {"uv": [1.5, 5, 1.75, 6], "texture": "#south"},
				"up": {"uv": [1, 5, 4, 5.25], "texture": "#south"},
				"down": {"uv": [1, 5, 4, 5.25], "texture": "#south"}
			}
		}
	],
	"groups": [
		{
			"name": "group",
			"origin": [8, 8, 8],
			"color": 0,
			"children": [
				{
					"name": "group",
					"origin": [8, 8, 8],
					"color": 0,
					"children": [0, 1, 2, 3]
				},
				{
					"name": "group",
					"origin": [8, 8, 8],
					"color": 0,
					"children": [4, 5, 6, 7, 8]
				},
				{
					"name": "group",
					"origin": [8, 8, 8],
					"color": 0,
					"children": [9, 10, 11, 12, 13]
				},
				{
					"name": "group",
					"origin": [8, 8, 8],
					"color": 0,
					"children": [14, 15, 16, 17]
				}
			]
		}
	]
}