{
	"credit": "Made with Blockbench",
	"parent": "block/block",
	"textures": {
		"top": "block/composter_top",
		"bottom": "block/composter_bottom",
		"particle": "block/composter_side",
		"side": "block/composter_side"
	},
	"elements": [
		{
			"from": [0, 0, 0],
			"to": [16, 2, 16],
			"faces": {
				"up": {"uv": [0, 0, 16, 16], "texture": "#bottom"},
				"down": {"uv": [0, 0, 16, 16], "texture": "#bottom", "cullface": "down"}
			}
		},
		{
			"from": [0, 0, 0],
			"to": [2, 3, 16],
			"faces": {
				"north": {"uv": [14, 13, 16, 16], "texture": "#side", "cullface": "north"},
				"east": {"uv": [0, 13, 16, 16], "texture": "#side"},
				"south": {"uv": [0, 13, 2, 16], "texture": "#side", "cullface": "south"},
				"west": {"uv": [0, 13, 16, 16], "texture": "#side", "cullface": "west"},
				"up": {"uv": [0, 15, 16, 13], "rotation": 90, "texture": "#side", "cullface": "up"}
			}
		},
		{
			"from": [2, 0, 0],
			"to": [14, 3, 2],
			"faces": {
				"north": {"uv": [2, 13, 14, 16], "texture": "#side", "cullface": "north"},
				"south": {"uv": [2, 13, 14, 16], "texture": "#side"},
				"up": {"uv": [14, 13, 2, 15], "texture": "#side", "cullface": "up"}
			}
		},
		{
			"from": [14, 0, 0],
			"to": [16, 3, 16],
			"faces": {
				"north": {"uv": [0, 13, 2, 16], "texture": "#side", "cullface": "north"},
				"east": {"uv": [0, 13, 16, 16], "texture": "#side", "cullface": "east"},
				"south": {"uv": [14, 13, 16, 16], "texture": "#side", "cullface": "south"},
				"west": {"uv": [0, 13, 16, 16], "texture": "#side"},
				"up": {"uv": [16, 13, 0, 15], "rotation": 90, "texture": "#side", "cullface": "up"}
			}
		},
		{
			"from": [2, 0, 14],
			"to": [14, 3, 16],
			"faces": {
				"north": {"uv": [2, 13, 14, 16], "texture": "#side"},
				"south": {"uv": [2, 13, 14, 16], "texture": "#side", "cullface": "south"},
				"up": {"uv": [2, 15, 14, 13], "texture": "#side", "cullface": "up"}
			}
		},
		{
			"from": [1.75, 3, 14.25],
			"to": [14.25, 5, 15.75],
			"faces": {
				"north": {"uv": [1.75, 11, 14.25, 13], "texture": "#side"},
				"south": {"uv": [1.75, 11, 14.25, 13], "texture": "#side", "cullface": "south"},
				"up": {"uv": [1.75, 14.25, 14.25, 15.75], "texture": "#top", "cullface": "up"}
			}
		},
		{
			"from": [0.25, 3, 0.25],
			"to": [1.75, 5, 15.75],
			"faces": {
				"north": {"uv": [14.25, 11, 15.75, 13], "texture": "#side", "cullface": "north"},
				"east": {"uv": [0.25, 11, 15.75, 13], "texture": "#side"},
				"south": {"uv": [0.25, 11, 1.75, 13], "texture": "#side", "cullface": "south"},
				"west": {"uv": [0.25, 11, 15.75, 13], "texture": "#side", "cullface": "west"},
				"up": {"uv": [0.25, 0.25, 1.75, 15.75], "texture": "#top", "cullface": "up"}
			}
		},
		{
			"from": [1.75, 3, 0.25],
			"to": [14.25, 5, 1.75],
			"faces": {
				"north": {"uv": [1.75, 11, 14.25, 13], "texture": "#side", "cullface": "north"},
				"south": {"uv": [1.75, 11, 14.25, 13], "texture": "#side"},
				"up": {"uv": [1.75, 0.25, 14.25, 1.75], "texture": "#top", "cullface": "up"}
			}
		},
		{
			"from": [14.25, 3, 0.25],
			"to": [15.75, 5, 15.75],
			"faces": {
				"north": {"uv": [0.25, 11, 1.75, 13], "texture": "#side", "cullface": "north"},
				"east": {"uv": [0.25, 11, 15.75, 13], "texture": "#side", "cullface": "east"},
				"south": {"uv": [14.25, 11, 15.75, 13], "texture": "#side", "cullface": "south"},
				"west": {"uv": [0.25, 11, 15.75, 13], "texture": "#side"},
				"up": {"uv": [14.25, 0.25, 15.75, 15.75], "texture": "#top", "cullface": "up"}
			}
		},
		{
			"from": [2, 5, 14],
			"to": [14, 7, 16],
			"faces": {
				"north": {"uv": [2, 9, 14, 11], "texture": "#side"},
				"south": {"uv": [2, 9, 14, 11], "texture": "#side", "cullface": "south"},
				"up": {"uv": [2, 11, 14, 9], "texture": "#side", "cullface": "up"},
				"down": {"uv": [2, 9, 14, 11], "texture": "#side"}
			}
		},
		{
			"from": [0, 5, 0],
			"to": [2, 7, 16],
			"faces": {
				"north": {"uv": [14, 9, 16, 11], "texture": "#side", "cullface": "north"},
				"east": {"uv": [0, 9, 16, 11], "texture": "#side"},
				"south": {"uv": [0, 9, 2, 11], "texture": "#side", "cullface": "south"},
				"west": {"uv": [0, 9, 16, 11], "texture": "#side", "cullface": "west"},
				"up": {"uv": [0, 11, 16, 9], "rotation": 90, "texture": "#side", "cullface": "up"},
				"down": {"uv": [16, 9, 0, 11], "rotation": 90, "texture": "#side"}
			}
		},
		{
			"from": [2, 5, 0],
			"to": [14, 7, 2],
			"faces": {
				"north": {"uv": [2, 9, 14, 11], "texture": "#side", "cullface": "north"},
				"south": {"uv": [2, 9, 14, 11], "texture": "#side"},
				"up": {"uv": [14, 9, 2, 11], "texture": "#side", "cullface": "up"},
				"down": {"uv": [2, 9, 14, 11], "texture": "#side"}
			}
		},
		{
			"from": [14, 5, 0],
			"to": [16, 7, 16],
			"faces": {
				"north": {"uv": [0, 9, 2, 11], "texture": "#side", "cullface": "north"},
				"east": {"uv": [0, 9, 16, 11], "texture": "#side", "cullface": "east"},
				"south": {"uv": [14, 9, 16, 11], "texture": "#side", "cullface": "south"},
				"west": {"uv": [0, 9, 16, 11], "texture": "#side"},
				"up": {"uv": [16, 9, 0, 11], "rotation": 90, "texture": "#side", "cullface": "up"},
				"down": {"uv": [0, 11, 16, 9], "rotation": 90, "texture": "#side"}
			}
		},
		{
			"from": [1.75, 7, 14.25],
			"to": [14.25, 9, 15.75],
			"faces": {
				"north": {"uv": [1.75, 7, 14.25, 9], "texture": "#side"},
				"south": {"uv": [1.75, 7, 14.25, 9], "texture": "#side", "cullface": "south"},
				"up": {"uv": [1.75, 14.25, 14.25, 15.75], "texture": "#top", "cullface": "up"}
			}
		},
		{
			"from": [0.25, 7, 0.25],
			"to": [1.75, 9, 15.75],
			"faces": {
				"north": {"uv": [14.25, 7, 15.75, 9], "texture": "#side", "cullface": "north"},
				"east": {"uv": [0.25, 7, 15.75, 9], "texture": "#side"},
				"south": {"uv": [0.25, 7, 1.75, 9], "texture": "#side", "cullface": "south"},
				"west": {"uv": [0.25, 7, 15.75, 9], "texture": "#side", "cullface": "west"},
				"up": {"uv": [0.25, 0.25, 1.75, 15.75], "texture": "#top", "cullface": "up"}
			}
		},
		{
			"from": [1.75, 7, 0.25],
			"to": [14.25, 9, 1.75],
			"faces": {
				"north": {"uv": [1.75, 7, 14.25, 9], "texture": "#side", "cullface": "north"},
				"south": {"uv": [1.75, 7, 14.25, 9], "texture": "#side"},
				"up": {"uv": [1.75, 0.25, 14.25, 1.75], "texture": "#top", "cullface": "up"}
			}
		},
		{
			"from": [14.25, 7, 0.25],
			"to": [15.75, 9, 15.75],
			"faces": {
				"north": {"uv": [0.25, 7, 1.75, 9], "texture": "#side", "cullface": "north"},
				"east": {"uv": [0.25, 7, 15.75, 9], "texture": "#side", "cullface": "east"},
				"south": {"uv": [14.25, 7, 15.75, 9], "texture": "#side", "cullface": "south"},
				"west": {"uv": [0.25, 7, 15.75, 9], "texture": "#side"},
				"up": {"uv": [14.25, 0.25, 15.75, 15.75], "texture": "#top", "cullface": "up"}
			}
		},
		{
			"from": [2, 9, 14],
			"to": [14, 11, 16],
			"faces": {
				"north": {"uv": [2, 5, 14, 7], "texture": "#side"},
				"south": {"uv": [2, 5, 14, 7], "texture": "#side", "cullface": "south"},
				"up": {"uv": [2, 7, 14, 5], "texture": "#side", "cullface": "up"},
				"down": {"uv": [2, 7, 14, 5], "texture": "#side"}
			}
		},
		{
			"from": [0, 9, 0],
			"to": [2, 11, 16],
			"faces": {
				"north": {"uv": [14, 5, 16, 7], "texture": "#side", "cullface": "north"},
				"east": {"uv": [0, 5, 16, 7], "texture": "#side"},
				"south": {"uv": [0, 5, 2, 7], "texture": "#side", "cullface": "south"},
				"west": {"uv": [0, 5, 16, 7], "texture": "#side", "cullface": "west"},
				"up": {"uv": [0, 7, 16, 5], "rotation": 90, "texture": "#side", "cullface": "up"},
				"down": {"uv": [16, 5, 0, 7], "rotation": 90, "texture": "#side"}
			}
		},
		{
			"from": [2, 9, 0],
			"to": [14, 11, 2],
			"faces": {
				"north": {"uv": [2, 5, 14, 7], "texture": "#side", "cullface": "north"},
				"south": {"uv": [2, 5, 14, 7], "texture": "#side"},
				"up": {"uv": [14, 5, 2, 7], "texture": "#side", "cullface": "up"},
				"down": {"uv": [14, 5, 2, 7], "texture": "#side"}
			}
		},
		{
			"from": [14, 9, 0],
			"to": [16, 11, 16],
			"faces": {
				"north": {"uv": [0, 5, 2, 7], "texture": "#side", "cullface": "north"},
				"east": {"uv": [0, 5, 16, 7], "texture": "#side", "cullface": "east"},
				"south": {"uv": [14, 5, 16, 7], "texture": "#side", "cullface": "south"},
				"west": {"uv": [0, 5, 16, 7], "texture": "#side"},
				"up": {"uv": [16, 5, 0, 7], "rotation": 90, "texture": "#side", "cullface": "up"},
				"down": {"uv": [0, 7, 16, 5], "rotation": 90, "texture": "#side"}
			}
		},
		{
			"from": [1.75, 11, 14.25],
			"to": [14.25, 13, 15.75],
			"faces": {
				"north": {"uv": [1.75, 3, 14.25, 5], "texture": "#side"},
				"south": {"uv": [1.75, 3, 14.25, 5], "texture": "#side", "cullface": "south"},
				"up": {"uv": [1.75, 14.25, 14.25, 15.75], "texture": "#top", "cullface": "up"}
			}
		},
		{
			"from": [0.25, 11, 0.25],
			"to": [1.75, 13, 15.75],
			"faces": {
				"north": {"uv": [14.25, 3, 15.75, 5], "texture": "#side", "cullface": "north"},
				"east": {"uv": [0.25, 3, 15.75, 5], "texture": "#side"},
				"south": {"uv": [0.25, 3, 1.75, 5], "texture": "#side", "cullface": "south"},
				"west": {"uv": [0.25, 3, 15.75, 5], "texture": "#side", "cullface": "west"},
				"up": {"uv": [0.25, 0.25, 1.75, 15.75], "texture": "#top", "cullface": "up"}
			}
		},
		{
			"from": [1.75, 11, 0.25],
			"to": [14.25, 13, 1.75],
			"faces": {
				"north": {"uv": [1.75, 3, 14.25, 5], "texture": "#side", "cullface": "north"},
				"south": {"uv": [1.75, 3, 14.25, 5], "texture": "#side"},
				"up": {"uv": [1.75, 0.25, 14.25, 1.75], "texture": "#top", "cullface": "up"}
			}
		},
		{
			"from": [14.25, 11, 0.25],
			"to": [15.75, 13, 15.75],
			"faces": {
				"north": {"uv": [0.25, 3, 1.75, 5], "texture": "#side", "cullface": "north"},
				"east": {"uv": [0.25, 3, 15.75, 5], "texture": "#side", "cullface": "east"},
				"south": {"uv": [14.25, 3, 15.75, 5], "texture": "#side", "cullface": "south"},
				"west": {"uv": [0.25, 3, 15.75, 5], "texture": "#side"},
				"up": {"uv": [14.25, 0.25, 15.75, 15.75], "texture": "#top", "cullface": "up"}
			}
		},
		{
			"from": [2, 13, 14],
			"to": [14, 16, 16],
			"faces": {
				"north": {"uv": [2, 0, 14, 3], "texture": "#side"},
				"south": {"uv": [2, 0, 14, 3], "texture": "#side", "cullface": "south"},
				"up": {"uv": [2, 14, 14, 16], "texture": "#top", "cullface": "up"},
				"down": {"uv": [2, 3, 14, 1], "texture": "#side"}
			}
		},
		{
			"from": [0, 13, 0],
			"to": [2, 16, 16],
			"faces": {
				"north": {"uv": [14, 0, 16, 3], "texture": "#side", "cullface": "north"},
				"east": {"uv": [0, 0, 16, 3], "texture": "#side"},
				"south": {"uv": [0, 0, 2, 3], "texture": "#side", "cullface": "south"},
				"west": {"uv": [0, 0, 16, 3], "texture": "#side", "cullface": "west"},
				"up": {"uv": [0, 0, 2, 16], "texture": "#top", "cullface": "up"},
				"down": {"uv": [0, 1, 16, 3], "rotation": 90, "texture": "#side"}
			}
		},
		{
			"from": [2, 13, 0],
			"to": [14, 16, 2],
			"faces": {
				"north": {"uv": [2, 0, 14, 3], "texture": "#side", "cullface": "north"},
				"south": {"uv": [2, 0, 14, 3], "texture": "#side"},
				"up": {"uv": [2, 0, 14, 2], "texture": "#top", "cullface": "up"},
				"down": {"uv": [14, 1, 2, 3], "texture": "#side"}
			}
		},
		{
			"from": [14, 13, 0],
			"to": [16, 16, 16],
			"faces": {
				"north": {"uv": [0, 0, 2, 3], "texture": "#side", "cullface": "north"},
				"east": {"uv": [0, 0, 16, 3], "texture": "#side", "cullface": "east"},
				"south": {"uv": [14, 0, 16, 3], "texture": "#side", "cullface": "south"},
				"west": {"uv": [0, 0, 16, 3], "texture": "#side"},
				"up": {"uv": [14, 0, 16, 16], "texture": "#top", "cullface": "up"},
				"down": {"uv": [0, 3, 16, 1], "rotation": 90, "texture": "#side"}
			}
		}
	],
	"groups": [
		0,
		{
			"name": "group",
			"origin": [0, 0, 0],
			"color": 0,
			"children": [1, 2, 3, 4]
		},
		{
			"name": "group",
			"origin": [0, 0, 0],
			"color": 0,
			"children": [5, 6, 7, 8]
		},
		{
			"name": "group",
			"origin": [0, 0, 0],
			"color": 0,
			"children": [9, 10, 11, 12]
		},
		{
			"name": "group",
			"origin": [0, 0, 0],
			"color": 0,
			"children": [13, 14, 15, 16]
		},
		{
			"name": "group",
			"origin": [0, 0, 0],
			"color": 0,
			"children": [17, 18, 19, 20]
		},
		{
			"name": "group",
			"origin": [0, 0, 0],
			"color": 0,
			"children": [21, 22, 23, 24]
		},
		{
			"name": "group",
			"origin": [0, 0, 0],
			"color": 0,
			"children": [25, 26, 27, 28]
		}
	]
}