{
	"credit": "Made by awildthomas",
	"ambientocclusion": false,
	"textures": {
		"particle": "block/crimson_trapdoor",
		"layer0": "block/crimson_trapdoor",
		"0": "block/crimson_trapdoor1",
		"1": "block/crimson_trapdoor2"
	},
	"elements": [
		{
			"from": [3, 9, 13],
			"to": [13, 12, 16],
			"faces": {
				"north": {"uv": [3, 4, 13, 7], "texture": "#layer0"},
				"south": {"uv": [13, 4, 3, 7], "texture": "#layer0", "cullface": "south"},
				"up": {"uv": [13, 3, 3, 6], "texture": "#0"},
				"down": {"uv": [13, 5, 3, 8], "texture": "#1"}
			}
		},
		{
			"from": [3, 4, 13],
			"to": [13, 7, 16],
			"faces": {
				"north": {"uv": [3, 9, 13, 12], "texture": "#layer0"},
				"south": {"uv": [13, 9, 3, 12], "texture": "#layer0", "cullface": "south"},
				"up": {"uv": [13, 8, 3, 11], "texture": "#1"},
				"down": {"uv": [13, 10, 3, 13], "texture": "#0"}
			}
		},
		{
			"from": [0, 13, 13],
			"to": [16, 16, 16],
			"faces": {
				"north": {"uv": [0, 0, 16, 3], "texture": "#layer0"},
				"east": {"uv": [3, 0, 0, 3], "texture": "#1", "cullface": "east"},
				"south": {"uv": [16, 0, 0, 3], "texture": "#layer0", "cullface": "south"},
				"west": {"uv": [16, 0, 13, 3], "texture": "#1", "cullface": "west"},
				"up": {"uv": [16, 0, 0, 3], "texture": "#0", "cullface": "up"},
				"down": {"uv": [16, 0, 0, 3], "texture": "#1"}
			}
		},
		{
			"from": [0, 0, 13],
			"to": [16, 3, 16],
			"faces": {
				"north": {"uv": [0, 13, 16, 16], "texture": "#layer0"},
				"east": {"uv": [3, 13, 0, 16], "texture": "#1", "cullface": "east"},
				"south": {"uv": [16, 13, 0, 16], "texture": "#layer0", "cullface": "south"},
				"west": {"uv": [16, 13, 13, 16], "texture": "#1", "cullface": "west"},
				"up": {"uv": [16, 13, 0, 16], "texture": "#1"},
				"down": {"uv": [16, 13, 0, 16], "texture": "#0", "cullface": "down"}
			}
		},
		{
			"from": [0, 3, 13],
			"to": [3, 13, 16],
			"faces": {
				"north": {"uv": [13, 3, 16, 13], "texture": "#layer0"},
				"east": {"uv": [16, 3, 13, 13], "texture": "#0"},
				"south": {"uv": [16, 3, 13, 13], "texture": "#layer0", "cullface": "south"},
				"west": {"uv": [16, 3, 13, 13], "texture": "#1", "cullface": "west"}
			}
		},
		{
			"from": [13, 3, 13],
			"to": [16, 13, 16],
			"faces": {
				"north": {"uv": [0, 3, 3, 13], "texture": "#layer0"},
				"east": {"uv": [3, 3, 0, 13], "texture": "#1", "cullface": "east"},
				"south": {"uv": [3, 3, 0, 13], "texture": "#layer0", "cullface": "south"},
				"west": {"uv": [3, 3, 0, 13], "texture": "#0"}
			}
		}
	]
}