{
	"credit": "Made by The_Wild_Thomas (Discord : thomas0535)",
	"ambientocclusion": false,
	"parent": "block/display_block",
	"textures": {
		"particle": "block/dropper_front",
		"front": "block/dropper_front",
		"side": "block/furnace_top"
	},
	"elements": [
		{
			"from": [0, 0, 3],
			"to": [16, 16, 16],
			"faces": {
				"north": {"uv": [0, 0, 16, 16], "texture": "#front", "cullface": "north"},
				"east": {"uv": [0, 0, 13, 16], "texture": "#side"},
				"south": {"uv": [0, 0, 16, 16], "texture": "#side", "cullface": "south"},
				"west": {"uv": [3, 0, 16, 16], "texture": "#side"},
				"up": {"uv": [0, 3, 16, 16], "texture": "#side"},
				"down": {"uv": [0, 0, 16, 13], "texture": "#side"}
			}
		},
		{
			"from": [0, 0, 0],
			"to": [16, 4, 3],
			"faces": {
				"north": {"uv": [0, 12, 16, 16], "texture": "#front", "cullface": "north"},
				"east": {"uv": [13, 12, 16, 16], "texture": "#side", "cullface": "east"},
				"west": {"uv": [0, 12, 3, 16], "texture": "#side", "cullface": "west"},
				"up": {"uv": [0, 8, 16, 11], "texture": "#front", "cullface": "north"},
				"down": {"uv": [0, 13, 16, 16], "texture": "#side", "cullface": "down"}
			}
		},
		{
			"from": [5, 4, 0],
			"to": [7, 5, 3],
			"faces": {
				"north": {"uv": [9, 11, 11, 12], "texture": "#front", "cullface": "north"},
				"east": {"uv": [9, 8, 10, 11], "rotation": 90, "texture": "#front", "cullface": "north"},
				"up": {"uv": [5, 8, 7, 11], "texture": "#front", "cullface": "north"}
			}
		},
		{
			"from": [9, 4, 0],
			"to": [11, 5, 3],
			"faces": {
				"north": {"uv": [5, 11, 7, 12], "texture": "#front", "cullface": "north"},
				"west": {"uv": [6, 8, 7, 11], "rotation": 270, "texture": "#front", "cullface": "north"},
				"up": {"uv": [8, 8, 10, 11], "texture": "#front", "cullface": "north"}
			}
		},
		{
			"from": [5, 5, 0],
			"to": [6, 6, 3],
			"faces": {
				"north": {"uv": [10, 10, 11, 11], "texture": "#front", "cullface": "north"},
				"east": {"uv": [9, 8, 10, 11], "rotation": 90, "texture": "#front", "cullface": "north"},
				"up": {"uv": [6, 8, 7, 11], "texture": "#front", "cullface": "north"}
			}
		},
		{
			"from": [10, 5, 0],
			"to": [11, 6, 3],
			"faces": {
				"north": {"uv": [5, 10, 6, 11], "texture": "#front", "cullface": "north"},
				"west": {"uv": [6, 9, 7, 12], "rotation": 90, "texture": "#front", "cullface": "north"},
				"up": {"uv": [8, 8, 9, 11], "texture": "#front", "cullface": "north"}
			}
		},
		{
			"from": [0, 4, 0],
			"to": [5, 7, 3],
			"faces": {
				"north": {"uv": [11, 9, 16, 12], "texture": "#front", "cullface": "north"},
				"east": {"uv": [7, 8, 10, 11], "rotation": 90, "texture": "#front", "cullface": "north"},
				"west": {"uv": [0, 9, 3, 12], "texture": "#side", "cullface": "west"}
			}
		},
		{
			"from": [11, 4, 0],
			"to": [16, 7, 3],
			"faces": {
				"north": {"uv": [0, 9, 5, 12], "texture": "#front", "cullface": "north"},
				"east": {"uv": [13, 9, 16, 12], "texture": "#side", "cullface": "east"},
				"west": {"uv": [7, 10, 10, 13], "rotation": 90, "texture": "#front", "cullface": "north"}
			}
		},
		{
			"from": [8, 7, 0],
			"to": [16, 16, 3],
			"faces": {
				"north": {"uv": [0, 0, 8, 9], "texture": "#front", "cullface": "north"},
				"east": {"uv": [13, 0, 16, 9], "texture": "#side", "cullface": "east"},
				"west": {"uv": [0, 0, 3, 9], "texture": "#side", "cullface": "west"},
				"up": {"uv": [0, 0, 8, 3], "texture": "#side", "cullface": "up"},
				"down": {"uv": [2, 8, 10, 11], "rotation": 180, "texture": "#front", "cullface": "north"}
			}
		},
		{
			"from": [0, 7, 0],
			"to": [8, 16, 3],
			"faces": {
				"north": {"uv": [8, 0, 16, 9], "texture": "#front", "cullface": "north"},
				"east": {"uv": [13, 0, 16, 9], "texture": "#side", "cullface": "east"},
				"west": {"uv": [7, 0, 10, 9], "texture": "#side", "cullface": "west"},
				"up": {"uv": [7, 0, 15, 3], "texture": "#side", "cullface": "up"},
				"down": {"uv": [1, 11, 9, 8], "texture": "#front", "cullface": "north"}
			}
		}
	],
	"display": {
		"thirdperson_righthand": {
			"rotation": [75, 45, 0],
			"translation": [0, 2.5, 0],
			"scale": [0.375, 0.375, 0.375]
		},
		"firstperson_righthand": {
			"rotation": [0, 45, 0],
			"scale": [0.4, 0.4, 0.4]
		},
		"firstperson_lefthand": {
			"rotation": [0, 225, 0],
			"scale": [0.4, 0.4, 0.4]
		},
		"ground": {
			"translation": [0, 3, 0],
			"scale": [0.25, 0.25, 0.25]
		},
		"gui": {
			"rotation": [30, 225, 0],
			"scale": [0.625, 0.625, 0.625]
		},
		"fixed": {
			"scale": [0.5, 0.5, 0.5]
		}
	}
}