{
	"credit": "Made by The_Wild_Thomas (Discord : thomas0535)",
	"ambientocclusion": false,
	"parent": "block/display_block",
	"textures": {
		"4": "block/dropper_inside",
		"particle": "block/dropper_front_vertical",
		"top": "block/dropper_front_vertical",
		"side": "block/furnace_top"
	},
	"elements": [
		{
			"from": [0, 0, 0],
			"to": [16, 7, 16],
			"faces": {
				"up": {"uv": [0, 0, 16, 16], "texture": "#top", "cullface": "up"},
				"down": {"uv": [0, 0, 16, 16], "texture": "#side", "cullface": "down"}
			}
		},
		{
			"from": [5, 0, 0],
			"to": [11, 16, 6],
			"faces": {
				"north": {"uv": [5, 0, 11, 16], "texture": "#side", "cullface": "north"},
				"south": {"uv": [5, 0, 11, 16], "texture": "#4", "cullface": "up"},
				"up": {"uv": [5, 0, 11, 6], "texture": "#top", "cullface": "up"}
			}
		},
		{
			"from": [5, 0, 10],
			"to": [11, 16, 16],
			"faces": {
				"north": {"uv": [5, 0, 11, 16], "texture": "#4", "cullface": "up"},
				"south": {"uv": [5, 0, 11, 16], "texture": "#side", "cullface": "south"},
				"up": {"uv": [5, 10, 11, 16], "texture": "#top", "cullface": "up"}
			}
		},
		{
			"from": [11, 0, 0],
			"to": [16, 16, 16],
			"faces": {
				"north": {"uv": [0, 0, 5, 16], "texture": "#side", "cullface": "north"},
				"east": {"uv": [0, 0, 16, 16], "texture": "#side", "cullface": "east"},
				"south": {"uv": [11, 0, 16, 16], "texture": "#side", "cullface": "south"},
				"west": {"uv": [0, 0, 16, 16], "texture": "#4", "cullface": "up"},
				"up": {"uv": [11, 0, 16, 16], "texture": "#top", "cullface": "up"}
			}
		},
		{
			"from": [0, 0, 0],
			"to": [5, 16, 16],
			"faces": {
				"north": {"uv": [11, 0, 16, 16], "texture": "#side", "cullface": "north"},
				"east": {"uv": [0, 0, 16, 16], "texture": "#4", "cullface": "up"},
				"south": {"uv": [0, 0, 5, 16], "texture": "#side", "cullface": "south"},
				"west": {"uv": [0, 0, 16, 16], "texture": "#side", "cullface": "west"},
				"up": {"uv": [0, 0, 5, 16], "texture": "#top", "cullface": "up"}
			}
		}
	]
}