{
	"credit": "Made by awildthomas",
	"ambientocclusion": false,
	"textures": {
		"particle": "block/furnace_side",
		"side": "block/furnace_side",
		"front_on": "block/furnace_front_on",
		"top": "block/furnace_top",
		"front": "block/furnace_front",
		"inside": "block/furnace_in"
	},
	"elements": [
		{
			"from": [0, 0, 0],
			"to": [16, 1, 16],
			"faces": {
				"north": {"uv": [0, 15, 16, 16], "texture": "#front", "cullface": "north"},
				"up": {"uv": [0, 0, 16, 16], "texture": "#inside", "cullface": "north"},
				"down": {"uv": [0, 0, 16, 16], "texture": "#top", "cullface": "down"}
			}
		},
		{
			"from": [0, 1, 0],
			"to": [3, 16, 1],
			"faces": {
				"north": {"uv": [13, 0, 16, 15], "texture": "#front", "cullface": "north"},
				"east": {"uv": [13, 0, 14, 15], "texture": "#front", "cullface": "north"},
				"south": {"uv": [0, 0, 3, 15], "texture": "#inside", "cullface": "north"}
			}
		},
		{
			"from": [13, 1, 0],
			"to": [16, 16, 1],
			"faces": {
				"north": {"uv": [0, 0, 3, 15], "texture": "#front", "cullface": "north"},
				"south": {"uv": [13, 0, 16, 15], "texture": "#inside", "cullface": "north"},
				"west": {"uv": [2, 0, 3, 15], "texture": "#front", "cullface": "north"}
			}
		},
		{
			"from": [3, 3, 0],
			"to": [4, 5, 1],
			"faces": {
				"north": {"uv": [12, 11, 13, 13], "texture": "#front", "cullface": "north"},
				"east": {"uv": [12, 11, 13, 13], "texture": "#front", "cullface": "north"},
				"up": {"uv": [12, 7, 13, 8], "texture": "#front", "cullface": "north"},
				"down": {"uv": [12, 12, 13, 13], "texture": "#front", "cullface": "north"}
			}
		},
		{
			"from": [12, 3, 0],
			"to": [13, 5, 1],
			"faces": {
				"north": {"uv": [3, 11, 4, 13], "texture": "#front", "cullface": "north"},
				"west": {"uv": [3, 11, 4, 13], "texture": "#front", "cullface": "north"},
				"up": {"uv": [3, 7, 4, 8], "texture": "#front", "cullface": "north"},
				"down": {"uv": [3, 12, 4, 13], "texture": "#front", "cullface": "north"}
			}
		},
		{
			"from": [3, 5, 0],
			"to": [13, 9, 1],
			"faces": {
				"north": {"uv": [3, 7, 13, 11], "texture": "#front", "cullface": "north"},
				"south": {"uv": [4, 7, 12, 11], "texture": "#inside", "cullface": "north"},
				"up": {"uv": [3, 7, 13, 8], "texture": "#front", "cullface": "north"},
				"down": {"uv": [3, 10, 13, 11], "texture": "#front", "cullface": "north"}
			}
		},
		{
			"from": [3, 12, 0],
			"to": [13, 16, 1],
			"faces": {
				"north": {"uv": [3, 0, 13, 4], "texture": "#front", "cullface": "north"},
				"south": {"uv": [3, 0, 13, 4], "texture": "#inside", "cullface": "north"},
				"down": {"uv": [3, 3, 13, 4], "texture": "#front", "cullface": "north"}
			}
		},
		{
			"from": [4, 4, 0],
			"to": [6, 5, 1],
			"faces": {
				"north": {"uv": [10, 11, 12, 12], "texture": "#front", "cullface": "north"},
				"east": {"uv": [10, 11, 11, 12], "texture": "#front", "cullface": "north"},
				"down": {"uv": [12, 11, 10, 12], "texture": "#front", "cullface": "north"}
			}
		},
		{
			"from": [10, 4, 0],
			"to": [12, 5, 1],
			"faces": {
				"north": {"uv": [4, 11, 6, 12], "texture": "#front", "cullface": "north"},
				"west": {"uv": [5, 11, 6, 12], "texture": "#front", "cullface": "north"},
				"down": {"uv": [6, 11, 4, 12], "texture": "#front", "cullface": "north"}
			}
		},
		{
			"from": [3, 11, 0],
			"to": [4, 12, 1],
			"faces": {
				"north": {"uv": [12, 4, 13, 5], "texture": "#front", "cullface": "north"},
				"east": {"uv": [12, 4, 13, 5], "texture": "#front", "cullface": "north"},
				"south": {"uv": [3, 4, 4, 5], "texture": "#inside", "cullface": "north"},
				"down": {"uv": [12, 4, 13, 5], "texture": "#front", "cullface": "north"}
			}
		},
		{
			"from": [12, 11, 0],
			"to": [13, 12, 1],
			"faces": {
				"north": {"uv": [3, 4, 4, 5], "texture": "#front", "cullface": "north"},
				"south": {"uv": [12, 4, 13, 5], "texture": "#inside", "cullface": "north"},
				"west": {"uv": [3, 4, 4, 5], "texture": "#front", "cullface": "north"},
				"down": {"uv": [3, 4, 4, 5], "texture": "#front", "cullface": "north"}
			}
		},
		{
			"from": [1, 1, 1],
			"to": [15, 8, 15],
			"faces": {
				"north": {"uv": [1, 9, 15, 16], "texture": "#front_on", "cullface": "north"},
				"up": {"uv": [1, 1, 15, 15], "texture": "#inside", "cullface": "north"}
			}
		},
		{
			"from": [0, 0, 0],
			"to": [16, 16, 16],
			"faces": {
				"east": {"uv": [0, 0, 16, 16], "texture": "#side", "cullface": "east"},
				"south": {"uv": [0, 0, 16, 16], "texture": "#side", "cullface": "south"},
				"west": {"uv": [0, 0, 16, 16], "texture": "#side", "cullface": "west"},
				"up": {"uv": [0, 0, 16, 16], "texture": "#top", "cullface": "up"}
			}
		},
		{
			"from": [1, 15, 1],
			"to": [15, 8, 15],
			"faces": {
				"east": {"uv": [1, 8, 15, 1], "texture": "#inside", "cullface": "north"},
				"south": {"uv": [1, 8, 15, 1], "texture": "#inside", "cullface": "north"},
				"west": {"uv": [1, 8, 15, 1], "texture": "#inside", "cullface": "north"},
				"down": {"uv": [1, 1, 15, 15], "texture": "#inside", "cullface": "north"}
			}
		}
	]
}