{
	"credit": "Made with Blockbench",
	"ambientocclusion": false,
	"textures": {
		"particle": "block/iron_bars",
		"edge": "block/iron_bars"
	},
	"elements": [
		{
			"from": [7.75, 0.5, 8.25],
			"to": [8.25, 15.5, 9],
			"rotation": {"angle": 0, "axis": "y", "origin": [3, 7.999, 4.375]},
			"faces": {
				"north": {"uv": [0, 0, 0.5, 15], "texture": "#edge"},
				"east": {"uv": [7, 0, 8, 15], "texture": "#edge"},
				"south": {"uv": [3, 0, 3.5, 15], "texture": "#edge"},
				"west": {"uv": [7.25, 0, 8, 15], "texture": "#edge"},
				"up": {"uv": [0, 0, 0.5, 2], "texture": "#edge"},
				"down": {"uv": [0, 0, 0.5, 2], "texture": "#edge"}
			}
		},
		{
			"from": [7.75, 7.5, 14],
			"to": [8.25, 9.5, 16],
			"rotation": {"angle": 0, "axis": "y", "origin": [3, 7.999, 4.375]},
			"faces": {
				"north": {"uv": [0, 0, 0.5, 2], "texture": "#edge"},
				"east": {"uv": [5, 2, 7, 4], "texture": "#edge"},
				"south": {"uv": [6.5, 2, 7, 4], "texture": "#edge"},
				"west": {"uv": [5, 2, 3, 4], "texture": "#edge"},
				"up": {"uv": [6, 2, 6.5, 3], "texture": "#edge"},
				"down": {"uv": [7, 5, 7.5, 6], "texture": "#edge"}
			}
		},
		{
			"from": [7.75, 11.5, 9],
			"to": [8.25, 13.5, 12],
			"rotation": {"angle": 0, "axis": "y", "origin": [3, 7.999, 4.375]},
			"faces": {
				"north": {"uv": [0, 0, 0.5, 2], "texture": "#edge"},
				"east": {"uv": [4, 2, 7, 4], "texture": "#edge"},
				"south": {"uv": [0, 0, 0.5, 2], "texture": "#edge"},
				"west": {"uv": [4, 2, 7, 4], "texture": "#edge"},
				"up": {"uv": [7, 1, 7.5, 4], "texture": "#edge"},
				"down": {"uv": [7, 7, 7.5, 10], "texture": "#edge"}
			}
		},
		{
			"from": [7.75, 0.5, 12],
			"to": [8.25, 15.5, 14],
			"rotation": {"angle": 0, "axis": "y", "origin": [3, 7.999, 4.375]},
			"faces": {
				"north": {"uv": [12, 1, 12.5, 16], "texture": "#edge"},
				"east": {"uv": [7, 0, 9, 15], "texture": "#edge"},
				"south": {"uv": [8, 1, 8.5, 16], "texture": "#edge"},
				"west": {"uv": [12, 0, 14, 15], "texture": "#edge"},
				"up": {"uv": [0, 0, 0.5, 2], "texture": "#edge"},
				"down": {"uv": [0, 0, 0.5, 2], "texture": "#edge"}
			}
		},
		{
			"from": [7, 15.499, 9],
			"to": [9, 15.999, 16],
			"rotation": {"angle": 0, "axis": "y", "origin": [3, 7.999, 4.375]},
			"faces": {
				"north": {"uv": [7, 3, 9, 3.5], "texture": "#edge"},
				"east": {"uv": [2, 3, 9, 3.5], "texture": "#edge"},
				"south": {"uv": [7, 2, 9, 2.5], "texture": "#edge"},
				"west": {"uv": [3, 6, 3.5, 13], "rotation": 90, "texture": "#edge"},
				"up": {"uv": [12, 9, 14, 16], "texture": "#edge"},
				"down": {"uv": [7, 3, 9, 10], "texture": "#edge"}
			}
		},
		{
			"from": [7, -0.001, 9],
			"to": [9, 0.499, 16],
			"rotation": {"angle": 0, "axis": "y", "origin": [3, 7.999, 4.375]},
			"faces": {
				"north": {"uv": [7, 3, 9, 3.5], "texture": "#edge"},
				"east": {"uv": [7, 13, 14, 13.5], "texture": "#edge"},
				"south": {"uv": [7, 2, 9, 2.5], "texture": "#edge"},
				"west": {"uv": [2, 2, 9, 2.5], "texture": "#edge"},
				"up": {"uv": [4, 12, 2, 5], "rotation": 180, "texture": "#edge"},
				"down": {"uv": [7, 9, 9, 11], "texture": "#edge"}
			}
		},
		{
			"from": [7, 0.5, 7.5],
			"to": [9, 15.5, 8],
			"rotation": {"angle": 0, "axis": "y", "origin": [3, 7.999, 4.375]},
			"faces": {
				"north": {"uv": [12, 1, 14, 16], "texture": "#edge"},
				"east": {"uv": [3, 0, 3.5, 15], "texture": "#edge"},
				"south": {"uv": [12, 0, 14, 15], "texture": "#edge"},
				"west": {"uv": [8, 0, 8.5, 15], "texture": "#edge"},
				"up": {"uv": [0, 0, 0.5, 2], "rotation": 90, "texture": "#edge"},
				"down": {"uv": [0, 0, 0.5, 2], "rotation": 270, "texture": "#edge"}
			}
		}
	]
}