{
	"credit": "Made with Blockbench",
	"ambientocclusion": false,
	"textures": {
		"particle": "block/iron_bars",
		"edge": "block/iron_bars"
	},
	"elements": [
		{
			"from": [7, 15.499, 7],
			"to": [9, 15.999, 9],
			"faces": {
				"north": {"uv": [7, 3, 9, 3.5], "texture": "#edge"},
				"east": {"uv": [7, 0, 9, 0.5], "texture": "#edge"},
				"south": {"uv": [7, 2, 9, 2.5], "texture": "#edge"},
				"west": {"uv": [7, 1, 9, 1.5], "texture": "#edge"},
				"up": {"uv": [7, 8, 9, 10], "texture": "#edge"},
				"down": {"uv": [7, 9, 9, 11], "texture": "#edge"}
			}
		},
		{
			"from": [7, -0.001, 7],
			"to": [9, 0.499, 9],
			"faces": {
				"north": {"uv": [7, 3, 9, 3.5], "texture": "#edge"},
				"east": {"uv": [7, 0, 9, 0.5], "texture": "#edge"},
				"south": {"uv": [7, 2, 9, 2.5], "texture": "#edge"},
				"west": {"uv": [7, 1, 9, 1.5], "texture": "#edge"},
				"up": {"uv": [7, 8, 9, 10], "texture": "#edge"},
				"down": {"uv": [7, 9, 9, 11], "texture": "#edge"}
			}
		}
	]
}