{
	"credit": "Made with Blockbench",
	"ambientocclusion": false,
	"textures": {
		"particle": "block/iron_bars",
		"edge": "block/iron_bars"
	},
	"elements": [
		{
			"from": [7.75, 0.5, 7.5],
			"to": [8.25, 15.5, 8.25],
			"rotation": {"angle": 0, "axis": "y", "origin": [8, 8, 7.6875]},
			"faces": {
				"north": {"uv": [7, 0, 7.5, 15], "texture": "#edge"},
				"east": {"uv": [9, 0, 8, 15], "texture": "#edge"},
				"south": {"uv": [8, 0, 8.5, 15], "texture": "#edge"},
				"west": {"uv": [7, 0, 8, 15], "texture": "#edge"},
				"up": {"uv": [8, 0, 8.5, 2], "rotation": 180, "texture": "#edge"},
				"down": {"uv": [8, 0, 8.5, 2], "rotation": 180, "texture": "#edge"}
			}
		},
		{
			"from": [7, 0.5, 7],
			"to": [9, 15.5, 7.5],
			"rotation": {"angle": 0, "axis": "y", "origin": [8, 8, 7.6875]},
			"faces": {
				"north": {"uv": [7, 0, 9, 15], "texture": "#edge"},
				"east": {"uv": [7, 0, 7.5, 15], "texture": "#edge"},
				"south": {"uv": [7, 0, 9, 15], "texture": "#edge"},
				"west": {"uv": [8, 0, 8.5, 15], "texture": "#edge"},
				"up": {"uv": [7, 0, 7.5, 2], "rotation": 270, "texture": "#edge"},
				"down": {"uv": [7, 0, 7.5, 2], "rotation": 90, "texture": "#edge"}
			}
		}
	]
}