{
	"credit": "Made with Blockbench",
	"parent": "minecraft:block/cube_top",
	"textures": {
		"top": "block/jukebox_top",
		"side": "block/jukebox_side"
	},
	"elements": [
		{
			"from": [15, 0, 0],
			"to": [16, 16, 1],
			"faces": {
				"north": {"uv": [0, 0, 1, 16], "texture": "#side"},
				"east": {"uv": [15, 0, 16, 16], "texture": "#side"},
				"south": {"uv": [15, 0, 16, 16], "texture": "#side"},
				"west": {"uv": [0, 0, 1, 16], "texture": "#side"},
				"up": {"uv": [15, 0, 16, 1], "texture": "#top"},
				"down": {"uv": [15, 15, 16, 16], "texture": "#side"}
			}
		},
		{
			"from": [15, 0, 15],
			"to": [16, 16, 16],
			"faces": {
				"north": {"uv": [0, 0, 1, 16], "texture": "#side"},
				"east": {"uv": [0, 0, 1, 16], "texture": "#side"},
				"south": {"uv": [15, 0, 16, 16], "texture": "#side"},
				"west": {"uv": [15, 0, 16, 16], "texture": "#side"},
				"up": {"uv": [15, 15, 16, 16], "texture": "#top"},
				"down": {"uv": [15, 0, 16, 1], "texture": "#side"}
			}
		},
		{
			"from": [0, 0, 15],
			"to": [1, 16, 16],
			"faces": {
				"north": {"uv": [15, 0, 16, 16], "texture": "#side"},
				"east": {"uv": [0, 0, 1, 16], "texture": "#side"},
				"south": {"uv": [0, 0, 1, 16], "texture": "#side"},
				"west": {"uv": [15, 0, 16, 16], "texture": "#side"},
				"up": {"uv": [0, 15, 1, 16], "texture": "#top"},
				"down": {"uv": [0, 0, 1, 1], "texture": "#side"}
			}
		},
		{
			"from": [0, 0, 0],
			"to": [1, 16, 1],
			"faces": {
				"north": {"uv": [15, 0, 16, 16], "texture": "#side"},
				"east": {"uv": [15, 0, 16, 16], "texture": "#side"},
				"south": {"uv": [0, 0, 1, 16], "texture": "#side"},
				"west": {"uv": [0, 0, 1, 16], "texture": "#side"},
				"up": {"uv": [0, 0, 1, 1], "texture": "#top"},
				"down": {"uv": [0, 15, 1, 16], "texture": "#side"}
			}
		},
		{
			"from": [1, 0, 0],
			"to": [15, 1, 1],
			"faces": {
				"north": {"uv": [1, 15, 15, 16], "texture": "#side"},
				"east": {"uv": [15, 15, 16, 16], "texture": "#side"},
				"south": {"uv": [1, 15, 15, 16], "texture": "#side"},
				"west": {"uv": [0, 15, 1, 16], "texture": "#side"},
				"up": {"uv": [1, 0, 15, 1], "texture": "#top"},
				"down": {"uv": [1, 15, 15, 16], "texture": "#side"}
			}
		},
		{
			"from": [1, 0, 15],
			"to": [15, 1, 16],
			"faces": {
				"north": {"uv": [1, 15, 15, 16], "texture": "#side"},
				"east": {"uv": [0, 15, 1, 16], "texture": "#side"},
				"south": {"uv": [1, 15, 15, 16], "texture": "#side"},
				"west": {"uv": [15, 15, 16, 16], "texture": "#side"},
				"up": {"uv": [1, 15, 15, 16], "texture": "#top"},
				"down": {"uv": [1, 0, 15, 1], "texture": "#side"}
			}
		},
		{
			"from": [1, 15, 15],
			"to": [15, 16, 16],
			"faces": {
				"north": {"uv": [1, 0, 15, 1], "texture": "#side"},
				"east": {"uv": [0, 0, 1, 1], "texture": "#side"},
				"south": {"uv": [1, 0, 15, 1], "texture": "#side"},
				"west": {"uv": [15, 0, 16, 1], "texture": "#side"},
				"up": {"uv": [1, 15, 15, 16], "texture": "#top"},
				"down": {"uv": [1, 0, 15, 1], "texture": "#side"}
			}
		},
		{
			"from": [1, 15, 0],
			"to": [15, 16, 1],
			"faces": {
				"north": {"uv": [1, 0, 15, 1], "texture": "#side"},
				"east": {"uv": [15, 0, 16, 1], "texture": "#side"},
				"south": {"uv": [1, 0, 15, 1], "texture": "#side"},
				"west": {"uv": [0, 0, 1, 1], "texture": "#side"},
				"up": {"uv": [1, 0, 15, 1], "texture": "#top"},
				"down": {"uv": [1, 15, 15, 16], "texture": "#side"}
			}
		},
		{
			"from": [0, 0, 1],
			"to": [1, 1, 15],
			"faces": {
				"north": {"uv": [15, 15, 16, 16], "texture": "#side"},
				"east": {"uv": [1, 15, 15, 16], "texture": "#side"},
				"south": {"uv": [0, 15, 1, 16], "texture": "#side"},
				"west": {"uv": [1, 15, 15, 16], "texture": "#side"},
				"up": {"uv": [0, 1, 1, 15], "texture": "#top"},
				"down": {"uv": [0, 1, 1, 15], "texture": "#side"}
			}
		},
		{
			"from": [15, 0, 1],
			"to": [16, 1, 15],
			"faces": {
				"north": {"uv": [0, 15, 1, 16], "texture": "#side"},
				"east": {"uv": [1, 15, 15, 16], "texture": "#side"},
				"south": {"uv": [15, 15, 16, 16], "texture": "#side"},
				"west": {"uv": [1, 15, 15, 16], "texture": "#side"},
				"up": {"uv": [15, 1, 16, 15], "texture": "#top"},
				"down": {"uv": [15, 1, 16, 15], "texture": "#side"}
			}
		},
		{
			"from": [15, 15, 1],
			"to": [16, 16, 15],
			"faces": {
				"north": {"uv": [0, 0, 1, 1], "texture": "#side"},
				"east": {"uv": [1, 0, 15, 1], "texture": "#side"},
				"south": {"uv": [15, 0, 16, 1], "texture": "#side"},
				"west": {"uv": [1, 0, 15, 1], "texture": "#side"},
				"up": {"uv": [15, 1, 16, 15], "texture": "#top"},
				"down": {"uv": [15, 1, 16, 15], "texture": "#side"}
			}
		},
		{
			"from": [0, 15, 1],
			"to": [1, 16, 15],
			"faces": {
				"north": {"uv": [15, 0, 16, 1], "texture": "#side"},
				"east": {"uv": [1, 0, 15, 1], "texture": "#side"},
				"south": {"uv": [0, 0, 1, 1], "texture": "#side"},
				"west": {"uv": [1, 0, 15, 1], "texture": "#side"},
				"up": {"uv": [0, 1, 1, 15], "texture": "#top"},
				"down": {"uv": [0, 1, 1, 15], "texture": "#side"}
			}
		},
		{
			"from": [0.5, 0.5, 0.5],
			"to": [15.5, 14, 15.5],
			"faces": {
				"north": {"uv": [0.5, 2, 15.5, 15.5], "texture": "#side"},
				"east": {"uv": [0.5, 2, 15.5, 15.5], "texture": "#side"},
				"south": {"uv": [0.5, 2, 15.5, 15.5], "texture": "#side"},
				"west": {"uv": [0.5, 2, 15.5, 15.5], "texture": "#side"},
				"up": {"uv": [0.5, 0.5, 15.5, 15.5], "texture": "#top"},
				"down": {"uv": [0.5, 0.5, 15.5, 15.5], "texture": "#side"}
			}
		},
		{
			"from": [0.5, 14, 0.5],
			"to": [7, 15.5, 15.5],
			"faces": {
				"north": {"uv": [9, 0.5, 15.5, 2], "texture": "#side"},
				"east": {"uv": [8.5, 0.5, 7, 15.5], "rotation": 270, "texture": "#top"},
				"south": {"uv": [0.5, 0.5, 7, 2], "texture": "#side"},
				"west": {"uv": [0.5, 0.5, 15.5, 2], "texture": "#side"},
				"up": {"uv": [0.5, 0.5, 7, 15.5], "texture": "#top"},
				"down": {"uv": [0.5, 0.5, 7, 15.5], "texture": "#missing"}
			}
		},
		{
			"from": [9, 14, 0.5],
			"to": [15.5, 15.5, 15.5],
			"faces": {
				"north": {"uv": [0.5, 0.5, 7, 2], "texture": "#side"},
				"east": {"uv": [15.5, 2, 0.5, 0.5], "rotation": 180, "texture": "#side"},
				"south": {"uv": [9, 0.5, 15.5, 2], "texture": "#side"},
				"west": {"uv": [7.5, 0.5, 9, 15.5], "rotation": 270, "texture": "#top"},
				"up": {"uv": [9, 0.5, 15.5, 15.5], "texture": "#top"},
				"down": {"uv": [9, 0.5, 15.5, 15.5], "texture": "#missing"}
			}
		},
		{
			"from": [7, 14, 0.5],
			"to": [9, 15.5, 3],
			"faces": {
				"north": {"uv": [7, 0.5, 9, 2], "texture": "#side"},
				"east": {"uv": [13, 0.5, 15.5, 2], "texture": "#missing"},
				"south": {"uv": [7, 3, 9, 4.5], "texture": "#top"},
				"west": {"uv": [0.5, 0.5, 3, 2], "texture": "#missing"},
				"up": {"uv": [7, 0.5, 9, 3], "texture": "#top"},
				"down": {"uv": [7, 13, 9, 15.5], "texture": "#missing"}
			}
		},
		{
			"from": [7, 14, 13],
			"to": [9, 15.5, 15.5],
			"faces": {
				"north": {"uv": [7, 13, 9, 11.5], "texture": "#top"},
				"east": {"uv": [0.5, 0.5, 3, 2], "texture": "#missing"},
				"south": {"uv": [7, 0.5, 9, 2], "texture": "#side"},
				"west": {"uv": [13, 0.5, 15.5, 2], "texture": "#missing"},
				"up": {"uv": [7, 13, 9, 15.5], "texture": "#top"},
				"down": {"uv": [7, 0.5, 9, 3], "texture": "#missing"}
			}
		},
		{
			"from": [7, 14, 3],
			"to": [9, 14.75, 13],
			"faces": {
				"north": {"uv": [0, 0, 2, 0.75], "texture": "#missing"},
				"east": {"uv": [0, 0, 10, 0.75], "texture": "#missing"},
				"south": {"uv": [0, 0, 2, 0.75], "texture": "#missing"},
				"west": {"uv": [0, 0, 10, 0.75], "texture": "#missing"},
				"up": {"uv": [7, 3, 9, 13], "texture": "#top"},
				"down": {"uv": [0, 0, 2, 10], "texture": "#missing"}
			}
		}
	],
	"groups": [
		{
			"name": "group",
			"origin": [8, 8, 8],
			"color": 0,
			"children": [
				{
					"name": "group",
					"origin": [8, 8, 8],
					"color": 0,
					"children": [0, 1, 2, 3, 4, 5, 6, 7, 8, 9, 10, 11]
				},
				{
					"name": "group",
					"origin": [8, 8, 8],
					"color": 0,
					"children": [
						12,
						{
							"name": "group",
							"origin": [8, 8, 8],
							"color": 0,
							"children": [13, 14, 15, 16, 17]
						}
					]
				}
			]
		}
	]
}