{
	"credit": "Made by awildthomas",
	"parent": "block/trapdoor_display",
	"textures": {
		"0": "block/jungle_trapdoor1",
		"1": "block/jungle_trapdoor2",
		"particle": "block/jungle_trapdoor"
	},
	"elements": [
		{
			"from": [3, 0, 13],
			"to": [13, 3, 16],
			"faces": {
				"north": {"uv": [13, 3, 3, 6], "texture": "#0"},
				"south": {"uv": [3, 0, 13, 3], "texture": "#0", "cullface": "south"},
				"up": {"uv": [3, 3, 13, 0], "texture": "#particle"},
				"down": {"uv": [3, 0, 13, 3], "texture": "#particle", "cullface": "down"}
			}
		},
		{
			"from": [11, 0, 12],
			"to": [12, 3, 13],
			"faces": {
				"north": {"uv": [11, 6, 12, 9], "texture": "#0"},
				"west": {"uv": [11, 6, 12, 9], "texture": "#0"},
				"up": {"uv": [11, 4, 12, 3], "texture": "#particle"},
				"down": {"uv": [11, 3, 12, 4], "texture": "#particle", "cullface": "down"}
			}
		},
		{
			"from": [3, 0, 11],
			"to": [4, 3, 13],
			"faces": {
				"north": {"uv": [3, 6, 4, 9], "texture": "#0"},
				"east": {"uv": [3, 6, 4, 9], "texture": "#0"},
				"up": {"uv": [3, 5, 4, 3], "texture": "#particle"},
				"down": {"uv": [3, 3, 4, 5], "texture": "#particle", "cullface": "down"}
			}
		},
		{
			"from": [13, 0, 0],
			"to": [16, 3, 16],
			"faces": {
				"north": {"uv": [16, 13, 13, 16], "texture": "#0", "cullface": "north"},
				"east": {"uv": [13, 16, 16, 0], "rotation": 90, "texture": "#1", "cullface": "east"},
				"south": {"uv": [13, 0, 16, 3], "texture": "#0", "cullface": "south"},
				"west": {"uv": [10, 0, 13, 16], "rotation": 90, "texture": "#1"},
				"up": {"uv": [13, 0, 16, 16], "texture": "#particle"},
				"down": {"uv": [13, 0, 16, 16], "texture": "#particle", "cullface": "down"}
			}
		},
		{
			"from": [3, 1, 7],
			"to": [13, 2, 9],
			"faces": {
				"north": {"uv": [13, 8, 3, 9], "texture": "#particle"},
				"south": {"uv": [3, 7, 13, 8], "texture": "#particle"},
				"up": {"uv": [3, 9, 13, 7], "texture": "#particle"},
				"down": {"uv": [3, 7, 13, 9], "texture": "#particle", "cullface": "down"}
			}
		},
		{
			"from": [12, 0, 5],
			"to": [13, 3, 7],
			"faces": {
				"south": {"uv": [12, 6, 13, 9], "texture": "#0"},
				"west": {"uv": [11, 6, 13, 9], "texture": "#0"},
				"up": {"uv": [12, 11, 13, 9], "texture": "#particle"},
				"down": {"uv": [12, 9, 13, 11], "texture": "#particle", "cullface": "down"}
			}
		},
		{
			"from": [11, 0, 4],
			"to": [13, 3, 5],
			"faces": {
				"south": {"uv": [15, 6, 16, 9], "texture": "#0"},
				"west": {"uv": [15, 6, 16, 9], "texture": "#0"},
				"up": {"uv": [11, 12, 13, 11], "texture": "#particle"},
				"down": {"uv": [11, 11, 13, 12], "texture": "#particle", "cullface": "down"}
			}
		},
		{
			"from": [3, 0, 0],
			"to": [13, 3, 4],
			"faces": {
				"north": {"uv": [13, 13, 3, 16], "texture": "#0", "cullface": "north"},
				"south": {"uv": [3, 10, 13, 13], "texture": "#0"},
				"up": {"uv": [3, 16, 13, 12], "texture": "#particle"},
				"down": {"uv": [3, 12, 13, 16], "texture": "#particle", "cullface": "down"}
			}
		},
		{
			"from": [5.01, -0.99, 1.01],
			"to": [10.99, 3.99, 1.99],
			"faces": {
				"north": {"uv": [11, 14, 5, 15], "texture": "#particle"},
				"east": {"uv": [5, 14, 6, 15], "texture": "#particle"},
				"south": {"uv": [5, 14, 11, 15], "texture": "#particle"},
				"west": {"uv": [10, 14, 11, 15], "texture": "#particle"},
				"up": {"uv": [5, 14, 11, 15], "texture": "#particle"},
				"down": {"uv": [5, 14, 11, 15], "texture": "#particle", "cullface": "down"}
			}
		},
		{
			"from": [9, 1, 9],
			"to": [10, 2, 13],
			"faces": {
				"east": {"uv": [9, 7, 10, 3], "rotation": 90, "texture": "#particle"},
				"west": {"uv": [9, 3, 10, 7], "rotation": 90, "texture": "#particle"},
				"up": {"uv": [9, 7, 10, 3], "texture": "#particle"},
				"down": {"uv": [9, 3, 10, 7], "texture": "#particle", "cullface": "down"}
			}
		},
		{
			"from": [9, 1, 4],
			"to": [10, 2, 7],
			"faces": {
				"east": {"uv": [9, 12, 10, 9], "rotation": 90, "texture": "#particle"},
				"west": {"uv": [9, 9, 10, 12], "rotation": 90, "texture": "#particle"},
				"up": {"uv": [9, 12, 10, 9], "texture": "#particle"},
				"down": {"uv": [9, 9, 10, 12], "texture": "#particle", "cullface": "down"}
			}
		},
		{
			"from": [6, 1, 9],
			"to": [7, 2, 13],
			"faces": {
				"east": {"uv": [6, 7, 7, 3], "rotation": 90, "texture": "#particle"},
				"west": {"uv": [6, 3, 7, 7], "rotation": 90, "texture": "#particle"},
				"up": {"uv": [6, 7, 7, 3], "texture": "#particle"},
				"down": {"uv": [6, 3, 7, 7], "texture": "#particle", "cullface": "down"}
			}
		},
		{
			"from": [6, 1, 4],
			"to": [7, 2, 7],
			"faces": {
				"east": {"uv": [6, 12, 7, 9], "rotation": 90, "texture": "#particle"},
				"west": {"uv": [6, 9, 7, 12], "rotation": 90, "texture": "#particle"},
				"up": {"uv": [6, 12, 7, 9], "texture": "#particle"},
				"down": {"uv": [6, 9, 7, 12], "texture": "#particle", "cullface": "down"}
			}
		},
		{
			"from": [4, 0, 12],
			"to": [5, 3, 13],
			"faces": {
				"north": {"uv": [4, 6, 5, 9], "texture": "#0"},
				"east": {"uv": [4, 6, 5, 9], "texture": "#0"},
				"up": {"uv": [4, 4, 5, 3], "texture": "#particle"},
				"down": {"uv": [4, 3, 5, 4], "texture": "#particle", "cullface": "down"}
			}
		},
		{
			"from": [3, 0, 4],
			"to": [5, 3, 5],
			"faces": {
				"east": {"uv": [0, 6, 1, 9], "texture": "#0"},
				"south": {"uv": [0, 6, 1, 9], "texture": "#0"},
				"up": {"uv": [3, 12, 5, 11], "texture": "#particle"},
				"down": {"uv": [3, 11, 5, 12], "texture": "#particle", "cullface": "down"}
			}
		},
		{
			"from": [12, 0, 11],
			"to": [13, 3, 13],
			"faces": {
				"north": {"uv": [12, 6, 13, 9], "texture": "#0"},
				"west": {"uv": [12, 6, 13, 9], "texture": "#0"},
				"up": {"uv": [12, 5, 13, 3], "texture": "#particle"},
				"down": {"uv": [12, 3, 13, 5], "texture": "#particle", "cullface": "down"}
			}
		},
		{
			"from": [3, 0, 5],
			"to": [4, 3, 7],
			"faces": {
				"east": {"uv": [3, 6, 1, 9], "texture": "#0"},
				"south": {"uv": [2, 6, 3, 9], "texture": "#0"},
				"up": {"uv": [3, 11, 4, 9], "texture": "#particle"},
				"down": {"uv": [3, 9, 4, 11], "texture": "#particle", "cullface": "down"}
			}
		},
		{
			"from": [0, 0, 0],
			"to": [3, 3, 16],
			"faces": {
				"north": {"uv": [3, 13, 0, 16], "texture": "#0", "cullface": "north"},
				"east": {"uv": [3, 16, 6, 0], "rotation": 90, "texture": "#1"},
				"south": {"uv": [0, 0, 3, 3], "texture": "#0", "cullface": "south"},
				"west": {"uv": [0, 0, 3, 16], "rotation": 90, "texture": "#1", "cullface": "west"},
				"up": {"uv": [0, 0, 3, 16], "texture": "#particle"},
				"down": {"uv": [0, 0, 3, 16], "texture": "#particle", "cullface": "down"}
			}
		}
	]
}