{
    "credit": "Made by The_Wild_Thomas (Discord : thomas0535)",
    "textures": {
        "1": "block/ladder/vertical",
        "2": "block/ladder/horizontal",
        "particle": "block/ladder/ladder"
    },
    "elements": [{
            "from": [12, 0, 15],
            "to": [14, 16, 16],
            "faces": {
                "north": { "uv": [2, 0, 4, 16], "texture": "#1" },
                "east": { "uv": [3, 0, 2, 16], "texture": "#1" },
                "south": { "uv": [2, 0, 4, 16], "texture": "#1" },
                "west": { "uv": [3, 0, 4, 16], "texture": "#1" },
                "up": { "uv": [2, 6, 4, 7], "rotation": 180, "texture": "#1" },
                "down": { "uv": [2, 6, 4, 7], "rotation": 180, "texture": "#1" }
            }
        },
        {
            "from": [2, 0, 15],
            "to": [4, 16, 16],
            "faces": {
                "north": { "uv": [0, 0, 2, 16], "texture": "#1" },
                "east": { "uv": [0, 0, 1, 16], "texture": "#1" },
                "south": { "uv": [0, 0, 2, 16], "texture": "#1" },
                "west": { "uv": [1, 0, 2, 16], "texture": "#1" },
                "up": { "uv": [0, 6, 2, 7], "rotation": 180, "texture": "#1" },
                "down": { "uv": [0, 6, 2, 7], "rotation": 180, "texture": "#1" }
            }
        },
        {
            "from": [1, 1, 14],
            "to": [15, 3, 15],
            "faces": {
                "north": { "uv": [0, 0, 14, 2], "texture": "#2" },
                "east": { "uv": [1, 0, 0, 2], "texture": "#2" },
                "south": { "uv": [0, 0, 14, 2], "texture": "#2" },
                "west": { "uv": [3, 0, 4, 2], "texture": "#2" },
                "up": { "uv": [14, 0, 0, 1], "rotation": 180, "texture": "#2" },
                "down": { "uv": [14, 1, 0, 2], "rotation": 180, "texture": "#2" }
            }
        },
        {
            "from": [1, 5, 14],
            "to": [15, 7, 15],
            "faces": {
                "north": { "uv": [0, 3, 14, 5], "texture": "#2" },
                "east": { "uv": [12, 3, 13, 5], "texture": "#2" },
                "south": { "uv": [0, 3, 14, 5], "texture": "#2" },
                "west": { "uv": [2, 3, 3, 5], "texture": "#2" },
                "up": { "uv": [14, 3, 0, 4], "rotation": 180, "texture": "#2" },
                "down": { "uv": [14, 4, 0, 5], "rotation": 180, "texture": "#2" }
            }
        },
        {
            "from": [1, 13, 14],
            "to": [15, 15, 15],
            "faces": {
                "north": { "uv": [0, 0, 14, 2], "texture": "#2" },
                "east": { "uv": [6, 0, 7, 2], "texture": "#2" },
                "south": { "uv": [0, 0, 14, 2], "texture": "#2" },
                "west": { "uv": [10, 0, 11, 2], "texture": "#2" },
                "up": { "uv": [14, 1, 0, 0], "rotation": 180, "texture": "#2" },
                "down": { "uv": [14, 1, 0, 2], "rotation": 180, "texture": "#2" }
            }
        },
        {
            "from": [1, 9, 14],
            "to": [15, 11, 15],
            "faces": {
                "north": { "uv": [0, 6, 14, 8], "texture": "#2" },
                "east": { "uv": [7, 6, 8, 8], "texture": "#2" },
                "south": { "uv": [0, 6, 14, 8], "texture": "#2" },
                "west": { "uv": [2, 6, 3, 8], "texture": "#2" },
                "up": { "uv": [14, 6, 0, 7], "rotation": 180, "texture": "#2" },
                "down": { "uv": [14, 7, 0, 8], "rotation": 180, "texture": "#2" }
            }
        }
    ],
    "display": {
        "thirdperson_righthand": {
            "rotation": [90, 90, -45],
            "translation": [-1.25, 1.25, 1.5],
            "scale": [0.2, 0.2, 0.2]
        },
        "thirdperson_lefthand": {
            "rotation": [90, 90, -45],
            "translation": [-1.25, 1.25, 1.5],
            "scale": [0.2, 0.2, 0.2]
        },
        "firstperson_righthand": {
            "rotation": [0, 123, 0],
            "translation": [-0.75, 0.25, 0.25],
            "scale": [0.4, 0.4, 0.25]
        },
        "firstperson_lefthand": {
            "rotation": [0, 123, 0],
            "translation": [-0.75, 0.25, 0.25],
            "scale": [0.4, 0.4, 0.25]
        },
        "ground": {
            "translation": [0, 3, 0],
            "scale": [0.2, 0.2, 0.2]
        },
        "gui": {
            "rotation": [30, -145, 0],
            "translation": [3.25, -2.5, 0],
            "scale": [0.85, 0.85, 0.85]
        },
        "fixed": {
            "translation": [0, 0, -4.75],
            "scale": [0.6, 0.6, 0.6]
        }
    },
    "groups": [{
            "name": "vertical",
            "origin": [8, 8, 8],
            "color": 0,
            "children": [0, 1]
        },
        {
            "name": "horizontal",
            "origin": [8, 8, 8],
            "color": 0,
            "children": [2, 3, 4, 5]
        }
    ]
}