{
	"__comment":"Made by The_Wild_Thomas (Discord : thomas0535)",
	"parent": "block/display_block",
	"textures": {
		"particle":"block/lapis_ore",
		"all":"block/lapis_ore"
	},
	"elements": [
		{
			"from": [0.5,0.5,0.5],
			"to": [15.5,15.5,15.5],
			"faces": {
				"north": {"uv": [0.4706,0.4706,15.5294,15.5294], "texture":"#all", "cullface":"north"},
				"east": {"uv": [0.4706,0.4706,15.5294,15.5294], "texture":"#all", "cullface":"east"},
				"south": {"uv": [0.4706,0.4706,15.5294,15.5294], "texture":"#all", "cullface":"south"},
				"west": {"uv": [0.4706,0.4706,15.5294,15.5294], "texture":"#all", "cullface":"west"},
				"up": {"uv": [0.4706,0.4706,15.5294,15.5294], "texture":"#all", "cullface":"up"},
				"down": {"uv": [0.4706,0.4706,15.5294,15.5294], "texture":"#all", "cullface":"down"}
			}
		},
		{
			"from": [0,14,0],
			"to": [16,16,2],
			"faces": {
				"north": {"uv": [0,0,16,2], "texture":"#all", "cullface":"north"},
				"east": {"uv": [14,0,16,2], "texture":"#all", "cullface":"east"},
				"south": {"uv": [0,1,16,2], "texture":"#all", "cullface":"up"},
				"west": {"uv": [0,0,2,2], "texture":"#all", "cullface":"west"},
				"up": {"uv": [0,0,16,2], "texture":"#all", "cullface":"up"},
				"down": {"uv": [16,1,0,2], "texture":"#all", "cullface":"north"}
			}
		},
		{
			"from": [15,14,9],
			"to": [16,16,16],
			"faces": {
				"east": {"uv": [0,0,7,2], "texture":"#all", "cullface":"east"},
				"south": {"uv": [15,0,16,2], "texture":"#all", "cullface":"south"},
				"west": {"uv": [15,9,16,16], "rotation":270, "texture":"#all", "cullface":"up"},
				"up": {"uv": [15,9,16,16], "texture":"#all", "cullface":"up"},
				"down": {"uv": [0,1,7,2], "rotation":90, "texture":"#all", "cullface":"east"}
			}
		},
		{
			"from": [0,14,15],
			"to": [7,16,16],
			"faces": {
				"north": {"uv": [7,15,0,16], "texture":"#all", "cullface":"up"},
				"south": {"uv": [0,0,7,2], "texture":"#all", "cullface":"south"},
				"west": {"uv": [15,0,16,2], "texture":"#all", "cullface":"west"},
				"up": {"uv": [0,15,7,16], "texture":"#all", "cullface":"up"},
				"down": {"uv": [0,1,7,2], "texture":"#all", "cullface":"south"}
			}
		},
		{
			"from": [2,0,14],
			"to": [14,1,16],
			"faces": {
				"north": {"uv": [14,1,2,2], "texture":"#all", "cullface":"down"},
				"south": {"uv": [2,15,14,16], "texture":"#all", "cullface":"south"},
				"up": {"uv": [2,15,14,16], "texture":"#all", "cullface":"south"},
				"down": {"uv": [2,0,14,2], "texture":"#all", "cullface":"down"}
			}
		},
		{
			"from": [12,14,13],
			"to": [15,16,16],
			"faces": {
				"north": {"uv": [15,13,12,14], "texture":"#all", "cullface":"up"},
				"south": {"uv": [12,0,15,2], "texture":"#all", "cullface":"south"},
				"up": {"uv": [12,13,15,16], "texture":"#all", "cullface":"up"},
				"down": {"uv": [12,1,15,2], "texture":"#all", "cullface":"south"}
			}
		},
		{
			"from": [12,15,5],
			"to": [13,16,13],
			"faces": {
				"east": {"uv": [12,5,13,13], "rotation":90, "texture":"#all", "cullface":"up"},
				"west": {"uv": [12,13,13,5], "rotation":90, "texture":"#all", "cullface":"up"},
				"up": {"uv": [12,5,13,13], "texture":"#all", "cullface":"up"}
			}
		},
		{
			"from": [14,15,9],
			"to": [15,16,10],
			"faces": {
				"south": {"uv": [14,9,15,10], "texture":"#all", "cullface":"up"},
				"west": {"uv": [14,9,15,10], "texture":"#all", "cullface":"up"},
				"up": {"uv": [14,9,15,10], "texture":"#all", "cullface":"up"}
			}
		},
		{
			"from": [11,15,10],
			"to": [12,16,14],
			"faces": {
				"north": {"uv": [11,10,12,11], "texture":"#all", "cullface":"up"},
				"west": {"uv": [11,14,12,10], "rotation":90, "texture":"#all", "cullface":"up"},
				"up": {"uv": [11,10,12,14], "texture":"#all", "cullface":"up"}
			}
		},
		{
			"from": [8,15,11],
			"to": [11,16,12],
			"faces": {
				"north": {"uv": [11,11,8,12], "texture":"#all", "cullface":"up"},
				"south": {"uv": [8,11,11,12], "texture":"#all", "cullface":"up"},
				"up": {"uv": [8,11,11,12], "texture":"#all", "cullface":"up"}
			}
		},
		{
			"from": [8,15,6],
			"to": [9,16,9],
			"faces": {
				"east": {"uv": [8,6,9,9], "rotation":90, "texture":"#all", "cullface":"up"},
				"south": {"uv": [8,8,9,9], "texture":"#all", "cullface":"up"},
				"west": {"uv": [8,9,9,6], "rotation":90, "texture":"#all", "cullface":"up"},
				"up": {"uv": [8,6,9,9], "texture":"#all", "cullface":"up"}
			}
		},
		{
			"from": [7,15,10],
			"to": [8,16,14],
			"faces": {
				"north": {"uv": [7,10,8,11], "texture":"#all", "cullface":"up"},
				"east": {"uv": [7,10,8,14], "rotation":90, "texture":"#all", "cullface":"up"},
				"west": {"uv": [7,14,8,10], "rotation":90, "texture":"#all", "cullface":"up"},
				"up": {"uv": [7,10,8,14], "texture":"#all", "cullface":"up"}
			}
		},
		{
			"from": [6,15,12],
			"to": [7,16,13],
			"faces": {
				"south": {"uv": [6,12,7,13], "texture":"#all", "cullface":"up"},
				"west": {"uv": [6,12,7,13], "texture":"#all", "cullface":"up"},
				"up": {"uv": [6,12,7,13], "texture":"#all", "cullface":"up"}
			}
		},
		{
			"from": [5,15,10],
			"to": [7,16,12],
			"faces": {
				"south": {"uv": [5,11,7,12], "texture":"#all", "cullface":"up"},
				"west": {"uv": [5,12,6,10], "rotation":90, "texture":"#all", "cullface":"up"},
				"up": {"uv": [5,10,7,12], "texture":"#all", "cullface":"up"}
			}
		},
		{
			"from": [0,14,12],
			"to": [4,16,15],
			"faces": {
				"north": {"uv": [4,12,0,13], "texture":"#all", "cullface":"up"},
				"east": {"uv": [3,12,4,15], "rotation":90, "texture":"#all", "cullface":"up"},
				"west": {"uv": [12,0,15,2], "texture":"#all", "cullface":"west"},
				"up": {"uv": [0,12,4,15], "texture":"#all", "cullface":"up"},
				"down": {"uv": [12,1,15,2], "rotation":90, "texture":"#all", "cullface":"west"}
			}
		},
		{
			"from": [4,15,12],
			"to": [5,16,13],
			"faces": {
				"north": {"uv": [4,12,5,13], "texture":"#all", "cullface":"up"},
				"east": {"uv": [4,12,5,13], "texture":"#all", "cullface":"up"},
				"south": {"uv": [4,12,5,13], "texture":"#all", "cullface":"up"},
				"up": {"uv": [4,12,5,13], "texture":"#all", "cullface":"up"}
			}
		},
		{
			"from": [1,15,11],
			"to": [2,16,12],
			"faces": {
				"east": {"uv": [1,11,2,12], "texture":"#all", "cullface":"up"},
				"up": {"uv": [1,11,2,12], "texture":"#all", "cullface":"up"}
			}
		},
		{
			"from": [1,15,9],
			"to": [4,16,11],
			"faces": {
				"north": {"uv": [4,9,1,10], "texture":"#all", "cullface":"up"},
				"east": {"uv": [3,9,4,11], "rotation":90, "texture":"#all", "cullface":"up"},
				"south": {"uv": [1,10,4,11], "texture":"#all", "cullface":"up"},
				"up": {"uv": [1,9,4,11], "texture":"#all", "cullface":"up"}
			}
		},
		{
			"from": [3,15,7],
			"to": [7,16,10],
			"faces": {
				"north": {"uv": [7,7,3,8], "texture":"#all", "cullface":"up"},
				"east": {"uv": [6,7,7,10], "rotation":90, "texture":"#all", "cullface":"up"},
				"south": {"uv": [3,9,7,10], "texture":"#all", "cullface":"up"},
				"west": {"uv": [3,10,4,7], "rotation":90, "texture":"#all", "cullface":"up"},
				"up": {"uv": [3,7,7,10], "texture":"#all", "cullface":"up"}
			}
		},
		{
			"from": [7,15,7],
			"to": [12,16,8],
			"faces": {
				"north": {"uv": [12,7,7,8], "texture":"#all", "cullface":"up"},
				"south": {"uv": [7,7,12,8], "texture":"#all", "cullface":"up"},
				"up": {"uv": [7,7,12,8], "texture":"#all", "cullface":"up"}
			}
		},
		{
			"from": [9,15,5],
			"to": [10,16,7],
			"faces": {
				"east": {"uv": [9,5,10,7], "rotation":90, "texture":"#all", "cullface":"up"},
				"up": {"uv": [9,5,10,7], "texture":"#all", "cullface":"up"}
			}
		},
		{
			"from": [7,15,5],
			"to": [9,16,6],
			"faces": {
				"south": {"uv": [7,5,8,6], "texture":"#all", "cullface":"up"},
				"west": {"uv": [7,5,8,6], "texture":"#all", "cullface":"up"},
				"up": {"uv": [7,5,9,6], "texture":"#all", "cullface":"up"}
			}
		},
		{
			"from": [14,14,2],
			"to": [16,16,4],
			"faces": {
				"east": {"uv": [12,0,14,2], "texture":"#all", "cullface":"east"},
				"west": {"uv": [14,2,15,3], "texture":"#all", "cullface":"up"},
				"up": {"uv": [14,2,16,4], "texture":"#all", "cullface":"up"},
				"down": {"uv": [12,1,14,2], "rotation":90, "texture":"#all", "cullface":"east"}
			}
		},
		{
			"from": [13,13,4],
			"to": [16,16,9],
			"faces": {
				"north": {"uv": [11,0,12,3], "texture":"#all", "cullface":"east"},
				"east": {"uv": [7,0,12,3], "texture":"#all", "cullface":"east"},
				"south": {"uv": [13,8,16,9], "texture":"#all", "cullface":"up"},
				"up": {"uv": [13,4,16,9], "texture":"#all", "cullface":"up"},
				"down": {"uv": [7,2,12,3], "rotation":90, "texture":"#all", "cullface":"east"}
			}
		},
		{
			"from": [9,15,3],
			"to": [14,16,4],
			"faces": {
				"north": {"uv": [14,3,9,4], "texture":"#all", "cullface":"up"},
				"west": {"uv": [9,3,10,4], "texture":"#all", "cullface":"up"},
				"up": {"uv": [9,3,14,4], "texture":"#all", "cullface":"up"}
			}
		},
		{
			"from": [6,15,2],
			"to": [7,16,4],
			"faces": {
				"east": {"uv": [6,2,7,4], "rotation":90, "texture":"#all", "cullface":"up"},
				"west": {"uv": [6,4,7,2], "rotation":90, "texture":"#all", "cullface":"up"},
				"up": {"uv": [6,2,7,4], "texture":"#all", "cullface":"up"}
			}
		},
		{
			"from": [7,15,2],
			"to": [12,16,3],
			"faces": {
				"east": {"uv": [11,2,12,3], "texture":"#all", "cullface":"up"},
				"south": {"uv": [7,2,12,3], "texture":"#all", "cullface":"up"},
				"up": {"uv": [7,2,12,3], "texture":"#all", "cullface":"up"}
			}
		},
		{
			"from": [5,15,4],
			"to": [13,16,5],
			"faces": {
				"north": {"uv": [13,4,5,5], "texture":"#all", "cullface":"up"},
				"south": {"uv": [5,4,13,5], "texture":"#all", "cullface":"up"},
				"up": {"uv": [5,4,13,5], "texture":"#all", "cullface":"up"}
			}
		},
		{
			"from": [0,15,6],
			"to": [3,16,7],
			"faces": {
				"east": {"uv": [2,6,3,7], "texture":"#all", "cullface":"up"},
				"south": {"uv": [0,6,3,7], "texture":"#all", "cullface":"up"},
				"up": {"uv": [0,6,3,7], "texture":"#all", "cullface":"up"}
			}
		},
		{
			"from": [2,15,3],
			"to": [5,16,6],
			"faces": {
				"north": {"uv": [5,3,2,4], "texture":"#all", "cullface":"up"},
				"east": {"uv": [4,3,5,6], "rotation":90, "texture":"#all", "cullface":"up"},
				"south": {"uv": [2,5,5,6], "texture":"#all", "cullface":"up"},
				"up": {"uv": [2,3,5,6], "texture":"#all", "cullface":"up"}
			}
		},
		{
			"from": [0,14,2],
			"to": [2,16,6],
			"faces": {
				"east": {"uv": [1,2,2,3], "texture":"#all", "cullface":"up"},
				"west": {"uv": [2,0,6,2], "texture":"#all", "cullface":"west"},
				"up": {"uv": [0,2,2,6], "texture":"#all", "cullface":"up"},
				"down": {"uv": [6,1,2,2], "rotation":90, "texture":"#all", "cullface":"west"}
			}
		},
		{
			"from": [7,13,14],
			"to": [12,16,16],
			"faces": {
				"north": {"uv": [12,14,7,15], "texture":"#all", "cullface":"up"},
				"east": {"uv": [11,0,12,3], "texture":"#all", "cullface":"south"},
				"south": {"uv": [7,0,12,3], "texture":"#all", "cullface":"south"},
				"west": {"uv": [7,16,8,14], "rotation":90, "texture":"#all", "cullface":"up"},
				"up": {"uv": [7,14,12,16], "texture":"#all", "cullface":"up"},
				"down": {"uv": [7,2,12,3], "texture":"#all", "cullface":"south"}
			}
		},
		{
			"from": [8,1,15],
			"to": [12,2,16],
			"faces": {
				"south": {"uv": [8,14,12,15], "texture":"#all", "cullface":"south"},
				"up": {"uv": [8,14,12,15], "texture":"#all", "cullface":"south"}
			}
		},
		{
			"from": [2,10,15],
			"to": [5,13,16],
			"faces": {
				"east": {"uv": [4,3,5,6], "texture":"#all", "cullface":"south"},
				"south": {"uv": [2,3,5,6], "texture":"#all", "cullface":"south"},
				"up": {"uv": [2,3,5,4], "texture":"#all", "cullface":"south"},
				"down": {"uv": [2,5,5,6], "texture":"#all", "cullface":"south"}
			}
		},
		{
			"from": [1,9,15],
			"to": [3,11,16],
			"faces": {
				"east": {"uv": [2,6,3,7], "texture":"#all", "cullface":"south"},
				"south": {"uv": [1,5,3,7], "texture":"#all", "cullface":"south"},
				"down": {"uv": [1,6,3,7], "texture":"#all", "cullface":"south"}
			}
		},
		{
			"from": [5,11,15],
			"to": [14,12,16],
			"faces": {
				"south": {"uv": [5,4,14,5], "texture":"#all", "cullface":"south"},
				"up": {"uv": [5,4,14,5], "texture":"#all", "cullface":"south"},
				"down": {"uv": [5,4,14,5], "texture":"#all", "cullface":"south"}
			}
		},
		{
			"from": [6,12,15],
			"to": [7,14,16],
			"faces": {
				"east": {"uv": [6,2,7,4], "texture":"#all", "cullface":"south"},
				"south": {"uv": [6,2,7,4], "texture":"#all", "cullface":"south"},
				"west": {"uv": [6,2,7,4], "texture":"#all", "cullface":"south"}
			}
		},
		{
			"from": [9,12,15],
			"to": [14,13,16],
			"faces": {
				"south": {"uv": [9,3,14,4], "texture":"#all", "cullface":"south"},
				"west": {"uv": [9,4,10,3], "texture":"#all", "cullface":"south"},
				"up": {"uv": [9,3,14,4], "texture":"#all", "cullface":"south"}
			}
		},
		{
			"from": [13,7,15],
			"to": [16,11,16],
			"faces": {
				"north": {"uv": [0,5,1,9], "texture":"#all", "cullface":"east"},
				"east": {"uv": [0,5,1,9], "texture":"#all", "cullface":"east"},
				"south": {"uv": [13,5,16,9], "texture":"#all", "cullface":"south"},
				"down": {"uv": [13,8,16,9], "texture":"#all", "cullface":"south"}
			}
		},
		{
			"from": [14,11,14],
			"to": [16,14,16],
			"faces": {
				"north": {"uv": [1,2,2,5], "texture":"#all", "cullface":"east"},
				"east": {"uv": [0,2,2,5], "texture":"#all", "cullface":"east"},
				"south": {"uv": [14,2,16,5], "texture":"#all", "cullface":"south"},
				"west": {"uv": [14,2,15,5], "texture":"#all", "cullface":"south"}
			}
		},
		{
			"from": [7,10,15],
			"to": [9,11,16],
			"faces": {
				"south": {"uv": [7,5,9,6], "texture":"#all", "cullface":"south"},
				"west": {"uv": [7,6,8,5], "texture":"#all", "cullface":"south"},
				"down": {"uv": [7,5,8,6], "texture":"#all", "cullface":"south"}
			}
		},
		{
			"from": [9,9,15],
			"to": [10,11,16],
			"faces": {
				"east": {"uv": [9,5,10,7], "texture":"#all", "cullface":"south"},
				"south": {"uv": [9,5,10,7], "texture":"#all", "cullface":"south"}
			}
		},
		{
			"from": [7,8,15],
			"to": [12,9,16],
			"faces": {
				"south": {"uv": [7,7,12,8], "texture":"#all", "cullface":"south"},
				"up": {"uv": [7,7,12,8], "texture":"#all", "cullface":"south"},
				"down": {"uv": [7,7,12,8], "texture":"#all", "cullface":"south"}
			}
		},
		{
			"from": [3,6,15],
			"to": [7,9,16],
			"faces": {
				"east": {"uv": [6,7,7,10], "texture":"#all", "cullface":"south"},
				"south": {"uv": [3,7,7,10], "texture":"#all", "cullface":"south"},
				"west": {"uv": [3,7,4,10], "texture":"#all", "cullface":"south"},
				"up": {"uv": [3,7,7,8], "texture":"#all", "cullface":"south"},
				"down": {"uv": [3,9,7,10], "texture":"#all", "cullface":"south"}
			}
		},
		{
			"from": [2,5,15],
			"to": [4,6,16],
			"faces": {
				"east": {"uv": [3,10,4,11], "texture":"#all", "cullface":"south"},
				"south": {"uv": [2,10,4,11], "texture":"#all", "cullface":"south"},
				"down": {"uv": [2,10,4,11], "texture":"#all", "cullface":"south"}
			}
		},
		{
			"from": [0,3,15],
			"to": [2,6,16],
			"faces": {
				"north": {"uv": [15,10,16,13], "texture":"#all", "cullface":"west"},
				"east": {"uv": [1,10,2,13], "texture":"#all", "cullface":"south"},
				"south": {"uv": [0,10,2,13], "texture":"#all", "cullface":"south"},
				"west": {"uv": [15,10,16,13], "texture":"#all", "cullface":"west"}
			}
		},
		{
			"from": [2,3,15],
			"to": [5,4,16],
			"faces": {
				"east": {"uv": [4,12,5,13], "texture":"#all", "cullface":"south"},
				"south": {"uv": [2,12,5,13], "texture":"#all", "cullface":"south"},
				"up": {"uv": [2,12,5,13], "texture":"#all", "cullface":"south"},
				"down": {"uv": [2,12,5,13], "texture":"#all", "cullface":"south"}
			}
		},
		{
			"from": [5,4,15],
			"to": [7,6,16],
			"faces": {
				"south": {"uv": [5,10,7,12], "texture":"#all", "cullface":"south"},
				"west": {"uv": [5,10,6,12], "texture":"#all", "cullface":"south"},
				"down": {"uv": [5,11,7,12], "texture":"#all", "cullface":"south"}
			}
		},
		{
			"from": [6,3,15],
			"to": [7,4,16],
			"faces": {
				"south": {"uv": [6,12,7,13], "texture":"#all", "cullface":"south"},
				"west": {"uv": [6,13,7,12], "texture":"#all", "cullface":"south"},
				"down": {"uv": [6,12,7,13], "texture":"#all", "cullface":"south"}
			}
		},
		{
			"from": [7,1,15],
			"to": [8,6,16],
			"faces": {
				"east": {"uv": [7,10,8,15], "texture":"#all", "cullface":"south"},
				"south": {"uv": [7,10,8,15], "texture":"#all", "cullface":"south"},
				"west": {"uv": [7,10,8,15], "texture":"#all", "cullface":"south"},
				"up": {"uv": [8,10,7,11], "texture":"#all", "cullface":"south"}
			}
		},
		{
			"from": [8,7,15],
			"to": [9,10,16],
			"faces": {
				"east": {"uv": [8,6,9,9], "texture":"#all", "cullface":"south"},
				"south": {"uv": [8,6,9,9], "texture":"#all", "cullface":"south"},
				"west": {"uv": [8,6,9,9], "texture":"#all", "cullface":"south"},
				"down": {"uv": [8,8,9,9], "texture":"#all", "cullface":"south"}
			}
		},
		{
			"from": [8,4,15],
			"to": [11,5,16],
			"faces": {
				"south": {"uv": [8,11,11,12], "texture":"#all", "cullface":"south"},
				"up": {"uv": [8,11,11,12], "texture":"#all", "cullface":"south"},
				"down": {"uv": [8,11,11,12], "texture":"#all", "cullface":"south"}
			}
		},
		{
			"from": [11,2,15],
			"to": [12,6,16],
			"faces": {
				"south": {"uv": [11,10,12,14], "texture":"#all", "cullface":"south"},
				"west": {"uv": [11,10,12,14], "texture":"#all", "cullface":"south"},
				"up": {"uv": [12,10,11,11], "texture":"#all", "cullface":"south"}
			}
		},
		{
			"from": [12,3,15],
			"to": [13,11,16],
			"faces": {
				"east": {"uv": [12,5,13,13], "texture":"#all", "cullface":"south"},
				"south": {"uv": [12,5,13,13], "texture":"#all", "cullface":"south"},
				"west": {"uv": [12,5,13,13], "texture":"#all", "cullface":"south"}
			}
		},
		{
			"from": [14,6,13],
			"to": [16,7,16],
			"faces": {
				"east": {"uv": [0,9,3,10], "texture":"#all", "cullface":"east"},
				"south": {"uv": [14,9,16,10], "texture":"#all", "cullface":"south"},
				"west": {"uv": [14,9,15,10], "texture":"#all", "cullface":"south"},
				"up": {"uv": [3,9,0,10], "rotation":90, "texture":"#all", "cullface":"east"},
				"down": {"uv": [14,9,15,10], "texture":"#all", "cullface":"south"}
			}
		},
		{
			"from": [12,0,15],
			"to": [16,3,16],
			"faces": {
				"south": {"uv": [12,13,16,16], "texture":"#all", "cullface":"south"},
				"up": {"uv": [12,13,16,14], "texture":"#all", "cullface":"south"}
			}
		},
		{
			"from": [12,0,0],
			"to": [16,3,3],
			"faces": {
				"north": {"uv": [0,13,4,16], "texture":"#all", "cullface":"north"},
				"east": {"uv": [13,13,16,16], "texture":"#all", "cullface":"east"},
				"south": {"uv": [12,13,16,14], "texture":"#all", "cullface":"down"},
				"west": {"uv": [3,13,4,16], "texture":"#all", "cullface":"north"},
				"up": {"uv": [13,13,16,14], "rotation":270, "texture":"#all", "cullface":"east"},
				"down": {"uv": [12,13,16,16], "texture":"#all", "cullface":"down"}
			}
		},
		{
			"from": [15,2,3],
			"to": [16,11,4],
			"faces": {
				"north": {"uv": [12,5,13,14], "texture":"#all", "cullface":"east"},
				"east": {"uv": [12,5,13,14], "texture":"#all", "cullface":"east"},
				"south": {"uv": [12,5,13,14], "texture":"#all", "cullface":"east"}
			}
		},
		{
			"from": [13,6,0],
			"to": [16,7,2],
			"faces": {
				"north": {"uv": [0,9,3,10], "texture":"#all", "cullface":"north"},
				"east": {"uv": [14,9,16,10], "texture":"#all", "cullface":"east"},
				"south": {"uv": [14,9,15,10], "texture":"#all", "cullface":"east"},
				"up": {"uv": [3,9,0,10], "texture":"#all", "cullface":"north"},
				"down": {"uv": [14,9,15,10], "texture":"#all", "cullface":"east"}
			}
		},
		{
			"from": [15,2,4],
			"to": [16,6,5],
			"faces": {
				"east": {"uv": [11,10,12,14], "texture":"#all", "cullface":"east"},
				"south": {"uv": [11,10,12,14], "texture":"#all", "cullface":"east"},
				"up": {"uv": [12,10,11,11], "rotation":270, "texture":"#all", "cullface":"east"}
			}
		},
		{
			"from": [15,4,5],
			"to": [16,5,8],
			"faces": {
				"east": {"uv": [8,11,11,12], "texture":"#all", "cullface":"east"},
				"up": {"uv": [8,11,11,12], "rotation":270, "texture":"#all", "cullface":"east"},
				"down": {"uv": [8,11,11,12], "rotation":90, "texture":"#all", "cullface":"east"}
			}
		},
		{
			"from": [15,7,7],
			"to": [16,10,8],
			"faces": {
				"north": {"uv": [8,6,9,9], "texture":"#all", "cullface":"east"},
				"east": {"uv": [8,6,9,9], "texture":"#all", "cullface":"east"},
				"south": {"uv": [8,6,9,9], "texture":"#all", "cullface":"east"},
				"down": {"uv": [8,8,9,9], "rotation":90, "texture":"#all", "cullface":"east"}
			}
		},
		{
			"from": [15,1,8],
			"to": [16,6,9],
			"faces": {
				"north": {"uv": [7,10,8,15], "texture":"#all", "cullface":"east"},
				"east": {"uv": [7,10,8,15], "texture":"#all", "cullface":"east"},
				"south": {"uv": [7,10,8,15], "texture":"#all", "cullface":"east"},
				"up": {"uv": [8,10,7,11], "rotation":270, "texture":"#all", "cullface":"east"}
			}
		},
		{
			"from": [15,3,9],
			"to": [16,4,10],
			"faces": {
				"east": {"uv": [6,12,7,13], "texture":"#all", "cullface":"east"},
				"south": {"uv": [6,13,7,12], "texture":"#all", "cullface":"east"},
				"down": {"uv": [6,12,7,13], "rotation":90, "texture":"#all", "cullface":"east"}
			}
		},
		{
			"from": [15,4,9],
			"to": [16,6,11],
			"faces": {
				"east": {"uv": [5,10,7,12], "texture":"#all", "cullface":"east"},
				"south": {"uv": [5,10,6,12], "texture":"#all", "cullface":"east"},
				"down": {"uv": [5,11,7,12], "rotation":90, "texture":"#all", "cullface":"east"}
			}
		},
		{
			"from": [15,3,11],
			"to": [16,4,14],
			"faces": {
				"north": {"uv": [4,12,5,13], "texture":"#all", "cullface":"east"},
				"east": {"uv": [2,12,5,13], "texture":"#all", "cullface":"east"},
				"up": {"uv": [2,12,5,13], "rotation":270, "texture":"#all", "cullface":"east"},
				"down": {"uv": [2,12,5,13], "rotation":90, "texture":"#all", "cullface":"east"}
			}
		},
		{
			"from": [15,3,14],
			"to": [16,6,16],
			"faces": {
				"north": {"uv": [1,10,2,13], "texture":"#all", "cullface":"east"},
				"east": {"uv": [0,10,2,13], "texture":"#all", "cullface":"east"},
				"south": {"uv": [15,10,16,13], "texture":"#all", "cullface":"south"},
				"west": {"uv": [15,10,16,13], "texture":"#all", "cullface":"south"}
			}
		},
		{
			"from": [15,5,12],
			"to": [16,6,14],
			"faces": {
				"north": {"uv": [3,10,4,11], "texture":"#all", "cullface":"east"},
				"east": {"uv": [2,10,4,11], "texture":"#all", "cullface":"east"},
				"down": {"uv": [2,10,4,11], "rotation":90, "texture":"#all", "cullface":"east"}
			}
		},
		{
			"from": [15,6,9],
			"to": [16,9,13],
			"faces": {
				"north": {"uv": [6,7,7,10], "texture":"#all", "cullface":"east"},
				"east": {"uv": [3,7,7,10], "texture":"#all", "cullface":"east"},
				"south": {"uv": [3,7,4,10], "texture":"#all", "cullface":"east"},
				"up": {"uv": [3,7,7,8], "rotation":270, "texture":"#all", "cullface":"east"},
				"down": {"uv": [3,9,7,10], "rotation":90, "texture":"#all", "cullface":"east"}
			}
		},
		{
			"from": [15,8,4],
			"to": [16,9,9],
			"faces": {
				"east": {"uv": [7,7,12,8], "texture":"#all", "cullface":"east"},
				"up": {"uv": [7,7,12,8], "rotation":270, "texture":"#all", "cullface":"east"},
				"down": {"uv": [7,7,12,8], "rotation":90, "texture":"#all", "cullface":"east"}
			}
		},
		{
			"from": [15,9,6],
			"to": [16,11,7],
			"faces": {
				"north": {"uv": [9,5,10,7], "texture":"#all", "cullface":"east"},
				"east": {"uv": [9,5,10,7], "texture":"#all", "cullface":"east"}
			}
		},
		{
			"from": [15,10,7],
			"to": [16,11,9],
			"faces": {
				"east": {"uv": [7,5,9,6], "texture":"#all", "cullface":"east"},
				"south": {"uv": [7,6,8,5], "texture":"#all", "cullface":"east"},
				"down": {"uv": [7,5,8,6], "rotation":90, "texture":"#all", "cullface":"east"}
			}
		},
		{
			"from": [14,11,0],
			"to": [16,14,2],
			"faces": {
				"north": {"uv": [0,2,2,5], "texture":"#all", "cullface":"north"},
				"east": {"uv": [14,2,16,5], "texture":"#all", "cullface":"east"},
				"south": {"uv": [14,2,15,5], "texture":"#all", "cullface":"east"},
				"west": {"uv": [1,2,2,5], "texture":"#all", "cullface":"north"}
			}
		},
		{
			"from": [15,7,0],
			"to": [16,11,3],
			"faces": {
				"north": {"uv": [0,5,1,9], "texture":"#all", "cullface":"north"},
				"east": {"uv": [13,5,16,9], "texture":"#all", "cullface":"east"},
				"west": {"uv": [0,5,1,9], "texture":"#all", "cullface":"north"},
				"down": {"uv": [13,8,16,9], "rotation":90, "texture":"#all", "cullface":"east"}
			}
		},
		{
			"from": [15,12,2],
			"to": [16,13,7],
			"faces": {
				"east": {"uv": [9,3,14,4], "texture":"#all", "cullface":"east"},
				"south": {"uv": [9,4,10,3], "texture":"#all", "cullface":"east"},
				"up": {"uv": [9,3,14,4], "rotation":270, "texture":"#all", "cullface":"east"}
			}
		},
		{
			"from": [15,12,9],
			"to": [16,14,10],
			"faces": {
				"north": {"uv": [6,2,7,4], "texture":"#all", "cullface":"east"},
				"east": {"uv": [6,2,7,4], "texture":"#all", "cullface":"east"},
				"south": {"uv": [6,2,7,4], "texture":"#all", "cullface":"east"}
			}
		},
		{
			"from": [15,11,2],
			"to": [16,12,11],
			"faces": {
				"east": {"uv": [5,4,14,5], "texture":"#all", "cullface":"east"},
				"up": {"uv": [5,4,14,5], "rotation":270, "texture":"#all", "cullface":"east"},
				"down": {"uv": [5,4,14,5], "rotation":90, "texture":"#all", "cullface":"east"}
			}
		},
		{
			"from": [15,9,13],
			"to": [16,11,15],
			"faces": {
				"north": {"uv": [2,6,3,7], "texture":"#all", "cullface":"east"},
				"east": {"uv": [1,5,3,7], "texture":"#all", "cullface":"east"},
				"down": {"uv": [1,6,3,7], "rotation":90, "texture":"#all", "cullface":"east"}
			}
		},
		{
			"from": [15,10,11],
			"to": [16,13,14],
			"faces": {
				"north": {"uv": [4,3,5,6], "texture":"#all", "cullface":"east"},
				"east": {"uv": [2,3,5,6], "texture":"#all", "cullface":"east"},
				"up": {"uv": [2,3,5,4], "rotation":270, "texture":"#all", "cullface":"east"},
				"down": {"uv": [2,5,5,6], "rotation":90, "texture":"#all", "cullface":"east"}
			}
		},
		{
			"from": [15,0,3],
			"to": [16,2,8],
			"faces": {
				"east": {"uv": [8,14,13,16], "texture":"#all", "cullface":"east"},
				"west": {"uv": [15,8,16,13], "rotation":90, "texture":"#all", "cullface":"down"},
				"up": {"uv": [8,14,13,15], "rotation":270, "texture":"#all", "cullface":"east"},
				"down": {"uv": [15,8,16,13], "texture":"#all", "cullface":"down"}
			}
		},
		{
			"from": [0,0,0],
			"to": [1,3,4],
			"faces": {
				"south": {"uv": [3,13,4,16], "texture":"#all", "cullface":"west"},
				"west": {"uv": [0,13,4,16], "texture":"#all", "cullface":"west"}
			}
		},
		{
			"from": [3,3,0],
			"to": [4,11,1],
			"faces": {
				"north": {"uv": [12,5,13,13], "texture":"#all", "cullface":"north"},
				"east": {"uv": [12,5,13,13], "texture":"#all", "cullface":"north"},
				"west": {"uv": [12,5,13,13], "texture":"#all", "cullface":"north"}
			}
		},
		{
			"from": [0,6,0],
			"to": [2,7,3],
			"faces": {
				"north": {"uv": [14,9,16,10], "texture":"#all", "cullface":"north"},
				"east": {"uv": [14,9,15,10], "texture":"#all", "cullface":"north"},
				"west": {"uv": [0,9,3,10], "texture":"#all", "cullface":"west"},
				"up": {"uv": [0,9,3,10], "rotation":90, "texture":"#all", "cullface":"west"},
				"down": {"uv": [14,9,15,10], "texture":"#all", "cullface":"north"}
			}
		},
		{
			"from": [4,2,0],
			"to": [5,6,1],
			"faces": {
				"north": {"uv": [11,10,12,14], "texture":"#all", "cullface":"north"},
				"east": {"uv": [11,10,12,14], "texture":"#all", "cullface":"north"},
				"up": {"uv": [11,10,12,11], "texture":"#all", "cullface":"north"}
			}
		},
		{
			"from": [5,4,0],
			"to": [8,5,1],
			"faces": {
				"north": {"uv": [8,11,11,12], "texture":"#all", "cullface":"north"},
				"up": {"uv": [11,11,8,12], "texture":"#all", "cullface":"north"},
				"down": {"uv": [11,11,8,12], "texture":"#all", "cullface":"north"}
			}
		},
		{
			"from": [7,7,0],
			"to": [8,10,1],
			"faces": {
				"north": {"uv": [8,6,9,9], "texture":"#all", "cullface":"north"},
				"east": {"uv": [8,6,9,9], "texture":"#all", "cullface":"north"},
				"west": {"uv": [8,6,9,9], "texture":"#all", "cullface":"north"},
				"down": {"uv": [9,8,8,9], "texture":"#all", "cullface":"north"}
			}
		},
		{
			"from": [8,1,0],
			"to": [9,6,1],
			"faces": {
				"north": {"uv": [7,10,8,15], "texture":"#all", "cullface":"north"},
				"east": {"uv": [7,10,8,15], "texture":"#all", "cullface":"north"},
				"west": {"uv": [7,10,8,15], "texture":"#all", "cullface":"north"},
				"up": {"uv": [7,10,8,11], "texture":"#all", "cullface":"north"}
			}
		},
		{
			"from": [9,3,0],
			"to": [10,4,1],
			"faces": {
				"north": {"uv": [6,12,7,13], "texture":"#all", "cullface":"north"},
				"east": {"uv": [6,13,7,12], "texture":"#all", "cullface":"north"},
				"down": {"uv": [7,12,6,13], "texture":"#all", "cullface":"north"}
			}
		},
		{
			"from": [9,4,0],
			"to": [11,6,1],
			"faces": {
				"north": {"uv": [5,10,7,12], "texture":"#all", "cullface":"north"},
				"east": {"uv": [5,10,6,12], "texture":"#all", "cullface":"north"},
				"down": {"uv": [7,11,5,12], "texture":"#all", "cullface":"north"}
			}
		},
		{
			"from": [11,3,0],
			"to": [14,4,1],
			"faces": {
				"north": {"uv": [2,12,5,13], "texture":"#all", "cullface":"north"},
				"west": {"uv": [4,12,5,13], "texture":"#all", "cullface":"north"},
				"up": {"uv": [5,12,2,13], "texture":"#all", "cullface":"north"},
				"down": {"uv": [5,12,2,13], "texture":"#all", "cullface":"north"}
			}
		},
		{
			"from": [14,3,0],
			"to": [16,6,1],
			"faces": {
				"north": {"uv": [0,10,2,13], "texture":"#all", "cullface":"north"},
				"east": {"uv": [15,10,16,13], "texture":"#all", "cullface":"east"},
				"south": {"uv": [15,10,16,13], "texture":"#all", "cullface":"east"},
				"west": {"uv": [1,10,2,13], "texture":"#all", "cullface":"north"}
			}
		},
		{
			"from": [12,5,0],
			"to": [14,6,1],
			"faces": {
				"north": {"uv": [2,10,4,11], "texture":"#all", "cullface":"north"},
				"west": {"uv": [3,10,4,11], "texture":"#all", "cullface":"north"},
				"down": {"uv": [4,10,2,11], "texture":"#all", "cullface":"north"}
			}
		},
		{
			"from": [9,6,0],
			"to": [13,9,1],
			"faces": {
				"north": {"uv": [3,7,7,10], "texture":"#all", "cullface":"north"},
				"east": {"uv": [3,7,4,10], "texture":"#all", "cullface":"north"},
				"west": {"uv": [6,7,7,10], "texture":"#all", "cullface":"north"},
				"up": {"uv": [7,7,3,8], "texture":"#all", "cullface":"north"},
				"down": {"uv": [7,9,3,10], "texture":"#all", "cullface":"north"}
			}
		},
		{
			"from": [4,8,0],
			"to": [9,9,1],
			"faces": {
				"north": {"uv": [7,7,12,8], "texture":"#all", "cullface":"north"},
				"up": {"uv": [12,7,7,8], "texture":"#all", "cullface":"north"},
				"down": {"uv": [12,7,7,8], "texture":"#all", "cullface":"north"}
			}
		},
		{
			"from": [6,9,0],
			"to": [7,11,1],
			"faces": {
				"north": {"uv": [9,5,10,7], "texture":"#all", "cullface":"north"},
				"west": {"uv": [9,5,10,7], "texture":"#all", "cullface":"north"}
			}
		},
		{
			"from": [7,10,0],
			"to": [9,11,1],
			"faces": {
				"north": {"uv": [7,5,9,6], "texture":"#all", "cullface":"north"},
				"east": {"uv": [7,6,8,5], "texture":"#all", "cullface":"north"},
				"down": {"uv": [8,5,7,6], "texture":"#all", "cullface":"north"}
			}
		},
		{
			"from": [0,11,0],
			"to": [2,14,2],
			"faces": {
				"north": {"uv": [14,2,16,5], "texture":"#all", "cullface":"north"},
				"east": {"uv": [14,2,15,5], "texture":"#all", "cullface":"north"},
				"south": {"uv": [1,2,2,5], "texture":"#all", "cullface":"west"},
				"west": {"uv": [0,2,2,5], "texture":"#all", "cullface":"west"}
			}
		},
		{
			"from": [0,7,0],
			"to": [3,11,1],
			"faces": {
				"north": {"uv": [13,5,16,9], "texture":"#all", "cullface":"north"},
				"south": {"uv": [0,5,1,9], "texture":"#all", "cullface":"west"},
				"west": {"uv": [0,5,1,9], "texture":"#all", "cullface":"west"},
				"down": {"uv": [16,8,13,9], "texture":"#all", "cullface":"north"}
			}
		},
		{
			"from": [2,12,0],
			"to": [7,13,1],
			"faces": {
				"north": {"uv": [9,3,14,4], "texture":"#all", "cullface":"north"},
				"east": {"uv": [9,4,10,3], "texture":"#all", "cullface":"north"},
				"up": {"uv": [14,3,9,4], "texture":"#all", "cullface":"north"}
			}
		},
		{
			"from": [9,12,0],
			"to": [10,14,1],
			"faces": {
				"north": {"uv": [6,2,7,4], "texture":"#all", "cullface":"north"},
				"east": {"uv": [6,2,7,4], "texture":"#all", "cullface":"north"},
				"west": {"uv": [6,2,7,4], "texture":"#all", "cullface":"north"}
			}
		},
		{
			"from": [4,13,0],
			"to": [9,14,1],
			"faces": {
				"north": {"uv": [7,2,12,3], "texture":"#all", "cullface":"north"},
				"west": {"uv": [11,2,12,3], "texture":"#all", "cullface":"north"},
				"down": {"uv": [12,2,7,3], "texture":"#all", "cullface":"north"}
			}
		},
		{
			"from": [2,11,0],
			"to": [11,12,1],
			"faces": {
				"north": {"uv": [5,4,14,5], "texture":"#all", "cullface":"north"},
				"up": {"uv": [14,4,5,5], "texture":"#all", "cullface":"north"},
				"down": {"uv": [14,4,5,5], "texture":"#all", "cullface":"north"}
			}
		},
		{
			"from": [13,9,0],
			"to": [15,11,1],
			"faces": {
				"north": {"uv": [1,5,3,7], "texture":"#all", "cullface":"north"},
				"west": {"uv": [2,6,3,7], "texture":"#all", "cullface":"north"},
				"down": {"uv": [3,6,1,7], "texture":"#all", "cullface":"north"}
			}
		},
		{
			"from": [11,10,0],
			"to": [14,13,1],
			"faces": {
				"north": {"uv": [2,3,5,6], "texture":"#all", "cullface":"north"},
				"west": {"uv": [4,3,5,6], "texture":"#all", "cullface":"north"},
				"up": {"uv": [5,3,2,4], "texture":"#all", "cullface":"north"},
				"down": {"uv": [5,5,2,6], "texture":"#all", "cullface":"north"}
			}
		},
		{
			"from": [4,0,0],
			"to": [8,2,1],
			"faces": {
				"north": {"uv": [8,14,12,16], "texture":"#all", "cullface":"north"},
				"south": {"uv": [4,15,8,16], "texture":"#all", "cullface":"down"},
				"up": {"uv": [12,14,8,15], "texture":"#all", "cullface":"north"},
				"down": {"uv": [4,15,8,16], "texture":"#all", "cullface":"down"}
			}
		},
		{
			"from": [2,1,15],
			"to": [4,3,16],
			"faces": {
				"east": {"uv": [3,13,4,15], "texture":"#all", "cullface":"south"},
				"south": {"uv": [2,13,4,15], "texture":"#all", "cullface":"south"}
			}
		},
		{
			"from": [0,2,12],
			"to": [1,11,13],
			"faces": {
				"north": {"uv": [12,5,13,14], "texture":"#all", "cullface":"west"},
				"south": {"uv": [12,5,13,14], "texture":"#all", "cullface":"west"},
				"west": {"uv": [12,5,13,14], "texture":"#all", "cullface":"west"}
			}
		},
		{
			"from": [0,6,14],
			"to": [3,7,16],
			"faces": {
				"north": {"uv": [14,9,15,10], "texture":"#all", "cullface":"west"},
				"south": {"uv": [0,9,3,10], "texture":"#all", "cullface":"south"},
				"west": {"uv": [14,9,16,10], "texture":"#all", "cullface":"west"},
				"up": {"uv": [0,9,3,10], "texture":"#all", "cullface":"south"},
				"down": {"uv": [14,9,15,10], "texture":"#all", "cullface":"west"}
			}
		},
		{
			"from": [0,2,11],
			"to": [1,6,12],
			"faces": {
				"north": {"uv": [11,10,12,14], "texture":"#all", "cullface":"west"},
				"west": {"uv": [11,10,12,14], "texture":"#all", "cullface":"west"},
				"up": {"uv": [12,10,11,11], "rotation":90, "texture":"#all", "cullface":"west"}
			}
		},
		{
			"from": [0,4,8],
			"to": [1,5,11],
			"faces": {
				"west": {"uv": [8,11,11,12], "texture":"#all", "cullface":"west"},
				"up": {"uv": [8,11,11,12], "rotation":90, "texture":"#all", "cullface":"west"},
				"down": {"uv": [8,11,11,12], "rotation":270, "texture":"#all", "cullface":"west"}
			}
		},
		{
			"from": [0,7,8],
			"to": [1,10,9],
			"faces": {
				"north": {"uv": [8,6,9,9], "texture":"#all", "cullface":"west"},
				"south": {"uv": [8,6,9,9], "texture":"#all", "cullface":"west"},
				"west": {"uv": [8,6,9,9], "texture":"#all", "cullface":"west"},
				"down": {"uv": [8,8,9,9], "rotation":270, "texture":"#all", "cullface":"west"}
			}
		},
		{
			"from": [0,2,7],
			"to": [1,6,8],
			"faces": {
				"north": {"uv": [7,10,8,14], "texture":"#all", "cullface":"west"},
				"south": {"uv": [7,10,8,14], "texture":"#all", "cullface":"west"},
				"west": {"uv": [7,10,8,14], "texture":"#all", "cullface":"west"},
				"up": {"uv": [8,10,7,11], "rotation":90, "texture":"#all", "cullface":"west"}
			}
		},
		{
			"from": [0,3,6],
			"to": [1,4,7],
			"faces": {
				"north": {"uv": [6,13,7,12], "texture":"#all", "cullface":"west"},
				"west": {"uv": [6,12,7,13], "texture":"#all", "cullface":"west"},
				"down": {"uv": [6,12,7,13], "rotation":270, "texture":"#all", "cullface":"west"}
			}
		},
		{
			"from": [0,4,5],
			"to": [1,6,7],
			"faces": {
				"north": {"uv": [5,10,6,12], "texture":"#all", "cullface":"west"},
				"west": {"uv": [5,10,7,12], "texture":"#all", "cullface":"west"},
				"down": {"uv": [5,11,7,12], "rotation":270, "texture":"#all", "cullface":"west"}
			}
		},
		{
			"from": [0,3,2],
			"to": [1,4,5],
			"faces": {
				"south": {"uv": [4,12,5,13], "texture":"#all", "cullface":"west"},
				"west": {"uv": [2,12,5,13], "texture":"#all", "cullface":"west"},
				"up": {"uv": [2,12,5,13], "rotation":90, "texture":"#all", "cullface":"west"},
				"down": {"uv": [2,12,5,13], "rotation":270, "texture":"#all", "cullface":"west"}
			}
		},
		{
			"from": [0,3,0],
			"to": [1,6,2],
			"faces": {
				"north": {"uv": [15,10,16,13], "texture":"#all", "cullface":"north"},
				"east": {"uv": [15,10,16,13], "texture":"#all", "cullface":"north"},
				"south": {"uv": [1,10,2,13], "texture":"#all", "cullface":"west"},
				"west": {"uv": [0,10,2,13], "texture":"#all", "cullface":"west"}
			}
		},
		{
			"from": [0,5,2],
			"to": [1,6,4],
			"faces": {
				"south": {"uv": [3,10,4,11], "texture":"#all", "cullface":"west"},
				"west": {"uv": [2,10,4,11], "texture":"#all", "cullface":"west"},
				"down": {"uv": [2,10,4,11], "rotation":270, "texture":"#all", "cullface":"west"}
			}
		},
		{
			"from": [0,6,3],
			"to": [1,9,7],
			"faces": {
				"north": {"uv": [3,7,4,10], "texture":"#all", "cullface":"west"},
				"south": {"uv": [6,7,7,10], "texture":"#all", "cullface":"west"},
				"west": {"uv": [3,7,7,10], "texture":"#all", "cullface":"west"},
				"up": {"uv": [3,7,7,8], "rotation":90, "texture":"#all", "cullface":"west"},
				"down": {"uv": [3,9,7,10], "rotation":270, "texture":"#all", "cullface":"west"}
			}
		},
		{
			"from": [0,8,7],
			"to": [1,9,12],
			"faces": {
				"west": {"uv": [7,7,12,8], "texture":"#all", "cullface":"west"},
				"up": {"uv": [7,7,12,8], "rotation":90, "texture":"#all", "cullface":"west"},
				"down": {"uv": [7,7,12,8], "rotation":270, "texture":"#all", "cullface":"west"}
			}
		},
		{
			"from": [0,9,9],
			"to": [1,11,10],
			"faces": {
				"south": {"uv": [9,5,10,7], "texture":"#all", "cullface":"west"},
				"west": {"uv": [9,5,10,7], "texture":"#all", "cullface":"west"}
			}
		},
		{
			"from": [0,10,7],
			"to": [1,11,9],
			"faces": {
				"north": {"uv": [7,6,8,5], "texture":"#all", "cullface":"west"},
				"west": {"uv": [7,5,8,6], "texture":"#all", "cullface":"west"},
				"down": {"uv": [7,5,8,6], "rotation":270, "texture":"#all", "cullface":"west"}
			}
		},
		{
			"from": [0,11,14],
			"to": [2,14,16],
			"faces": {
				"north": {"uv": [14,2,15,5], "texture":"#all", "cullface":"west"},
				"east": {"uv": [1,2,2,5], "texture":"#all", "cullface":"south"},
				"south": {"uv": [0,2,2,5], "texture":"#all", "cullface":"south"},
				"west": {"uv": [14,2,16,5], "texture":"#all", "cullface":"west"}
			}
		},
		{
			"from": [0,7,13],
			"to": [1,11,16],
			"faces": {
				"east": {"uv": [0,5,1,9], "texture":"#all", "cullface":"south"},
				"south": {"uv": [0,5,1,9], "texture":"#all", "cullface":"south"},
				"west": {"uv": [13,5,16,9], "texture":"#all", "cullface":"west"},
				"down": {"uv": [13,8,16,9], "rotation":270, "texture":"#all", "cullface":"west"}
			}
		},
		{
			"from": [0,12,9],
			"to": [1,13,14],
			"faces": {
				"north": {"uv": [9,4,10,3], "texture":"#all", "cullface":"west"},
				"west": {"uv": [9,3,14,4], "texture":"#all", "cullface":"west"},
				"up": {"uv": [9,3,14,4], "rotation":90, "texture":"#all", "cullface":"west"}
			}
		},
		{
			"from": [0,12,6],
			"to": [1,16,7],
			"faces": {
				"north": {"uv": [6,0,7,4], "texture":"#all", "cullface":"west"},
				"south": {"uv": [6,3,7,4], "texture":"#all", "cullface":"west"},
				"west": {"uv": [6,0,7,4], "texture":"#all", "cullface":"west"}
			}
		},
		{
			"from": [0,13,7],
			"to": [1,16,12],
			"faces": {
				"east": {"uv": [0,7,1,12], "rotation":90, "texture":"#all", "cullface":"up"},
				"south": {"uv": [11,2,12,3], "texture":"#all", "cullface":"west"},
				"west": {"uv": [7,0,12,3], "texture":"#all", "cullface":"west"},
				"up": {"uv": [0,7,1,12], "texture":"#all", "cullface":"up"},
				"down": {"uv": [7,2,12,3], "rotation":270, "texture":"#all", "cullface":"west"}
			}
		},
		{
			"from": [0,11,5],
			"to": [1,12,14],
			"faces": {
				"west": {"uv": [5,4,14,5], "texture":"#all", "cullface":"west"},
				"up": {"uv": [5,4,14,5], "rotation":90, "texture":"#all", "cullface":"west"},
				"down": {"uv": [5,4,14,5], "rotation":270, "texture":"#all", "cullface":"west"}
			}
		},
		{
			"from": [0,9,1],
			"to": [1,11,3],
			"faces": {
				"south": {"uv": [2,6,3,7], "texture":"#all", "cullface":"west"},
				"west": {"uv": [1,5,3,7], "texture":"#all", "cullface":"west"},
				"down": {"uv": [1,6,3,7], "rotation":270, "texture":"#all", "cullface":"west"}
			}
		},
		{
			"from": [0,10,2],
			"to": [1,13,5],
			"faces": {
				"south": {"uv": [4,3,5,6], "texture":"#all", "cullface":"west"},
				"west": {"uv": [2,3,5,6], "texture":"#all", "cullface":"west"},
				"up": {"uv": [2,3,5,4], "rotation":90, "texture":"#all", "cullface":"west"},
				"down": {"uv": [2,5,5,6], "rotation":270, "texture":"#all", "cullface":"west"}
			}
		},
		{
			"from": [0,0,7],
			"to": [1,2,13],
			"faces": {
				"north": {"uv": [7,14,8,16], "texture":"#all", "cullface":"west"},
				"east": {"uv": [0,3,1,9], "rotation":90, "texture":"#all", "cullface":"down"},
				"west": {"uv": [7,14,13,16], "texture":"#all", "cullface":"west"},
				"up": {"uv": [7,14,13,15], "rotation":90, "texture":"#all", "cullface":"west"},
				"down": {"uv": [0,3,1,9], "texture":"#all", "cullface":"down"}
			}
		},
		{
			"from": [12,0,3],
			"to": [13,1,11],
			"faces": {
				"east": {"uv": [12,5,13,13], "rotation":270, "texture":"#all", "cullface":"down"},
				"west": {"uv": [12,5,13,13], "rotation":90, "texture":"#all", "cullface":"down"},
				"down": {"uv": [12,5,13,13], "texture":"#all", "cullface":"down"}
			}
		},
		{
			"from": [14,0,6],
			"to": [15,1,7],
			"faces": {
				"north": {"uv": [14,9,15,10], "texture":"#all", "cullface":"down"},
				"west": {"uv": [14,9,15,10], "texture":"#all", "cullface":"down"},
				"down": {"uv": [14,9,15,10], "texture":"#all", "cullface":"down"}
			}
		},
		{
			"from": [11,0,2],
			"to": [12,1,6],
			"faces": {
				"south": {"uv": [12,10,11,11], "texture":"#all", "cullface":"down"},
				"west": {"uv": [11,10,12,14], "rotation":90, "texture":"#all", "cullface":"down"},
				"down": {"uv": [11,10,12,14], "texture":"#all", "cullface":"down"}
			}
		},
		{
			"from": [8,0,4],
			"to": [11,1,5],
			"faces": {
				"north": {"uv": [11,11,8,12], "texture":"#all", "cullface":"down"},
				"south": {"uv": [8,11,11,12], "texture":"#all", "cullface":"down"},
				"down": {"uv": [8,11,11,12], "texture":"#all", "cullface":"down"}
			}
		},
		{
			"from": [8,0,7],
			"to": [9,1,10],
			"faces": {
				"north": {"uv": [9,8,8,9], "texture":"#all", "cullface":"down"},
				"east": {"uv": [8,9,9,6], "rotation":90, "texture":"#all", "cullface":"down"},
				"west": {"uv": [8,6,9,9], "rotation":90, "texture":"#all", "cullface":"down"},
				"down": {"uv": [8,6,9,9], "texture":"#all", "cullface":"down"}
			}
		},
		{
			"from": [7,0,1],
			"to": [8,1,6],
			"faces": {
				"east": {"uv": [7,10,8,15], "rotation":270, "texture":"#all", "cullface":"down"},
				"south": {"uv": [8,10,7,11], "texture":"#all", "cullface":"down"},
				"west": {"uv": [7,10,8,15], "rotation":90, "texture":"#all", "cullface":"down"},
				"down": {"uv": [7,10,8,15], "texture":"#all", "cullface":"down"}
			}
		},
		{
			"from": [6,0,3],
			"to": [7,1,4],
			"faces": {
				"north": {"uv": [7,12,6,13], "texture":"#all", "cullface":"down"},
				"west": {"uv": [6,13,7,12], "rotation":90, "texture":"#all", "cullface":"down"},
				"down": {"uv": [6,12,7,13], "texture":"#all", "cullface":"down"}
			}
		},
		{
			"from": [5,0,4],
			"to": [7,1,6],
			"faces": {
				"north": {"uv": [7,11,5,12], "texture":"#all", "cullface":"down"},
				"west": {"uv": [5,10,6,12], "rotation":90, "texture":"#all", "cullface":"down"},
				"down": {"uv": [5,10,7,12], "texture":"#all", "cullface":"down"}
			}
		},
		{
			"from": [0,0,0],
			"to": [4,3,3],
			"faces": {
				"north": {"uv": [12,13,16,16], "texture":"#all", "cullface":"north"},
				"east": {"uv": [3,13,4,16], "rotation":270, "texture":"#all", "cullface":"down"},
				"up": {"uv": [16,13,12,14], "texture":"#all", "cullface":"north"},
				"down": {"uv": [0,13,4,16], "texture":"#all", "cullface":"down"}
			}
		},
		{
			"from": [0,0,3],
			"to": [5,1,4],
			"faces": {
				"north": {"uv": [5,12,0,13], "texture":"#all", "cullface":"down"},
				"east": {"uv": [4,12,5,13], "rotation":270, "texture":"#all", "cullface":"down"},
				"south": {"uv": [0,12,5,13], "texture":"#all", "cullface":"down"},
				"down": {"uv": [0,12,5,13], "texture":"#all", "cullface":"down"}
			}
		},
		{
			"from": [0,0,4],
			"to": [2,1,7],
			"faces": {
				"east": {"uv": [1,11,2,12], "texture":"#all", "cullface":"down"},
				"south": {"uv": [0,9,2,10], "texture":"#all", "cullface":"down"},
				"west": {"uv": [4,15,7,16], "texture":"#all", "cullface":"west"},
				"up": {"uv": [4,15,7,16], "rotation":90, "texture":"#all", "cullface":"west"},
				"down": {"uv": [0,9,2,12], "texture":"#all", "cullface":"down"}
			}
		},
		{
			"from": [2,0,5],
			"to": [4,1,7],
			"faces": {
				"north": {"uv": [4,10,2,11], "texture":"#all", "cullface":"down"},
				"east": {"uv": [3,9,4,11], "rotation":270, "texture":"#all", "cullface":"down"},
				"south": {"uv": [2,9,4,10], "texture":"#all", "cullface":"down"},
				"down": {"uv": [2,9,4,11], "texture":"#all", "cullface":"down"}
			}
		},
		{
			"from": [3,0,6],
			"to": [7,1,9],
			"faces": {
				"north": {"uv": [7,9,3,10], "texture":"#all", "cullface":"down"},
				"east": {"uv": [6,7,7,10], "rotation":270, "texture":"#all", "cullface":"down"},
				"south": {"uv": [3,7,7,8], "texture":"#all", "cullface":"down"},
				"west": {"uv": [3,7,4,10], "rotation":90, "texture":"#all", "cullface":"down"},
				"down": {"uv": [3,7,7,10], "texture":"#all", "cullface":"down"}
			}
		},
		{
			"from": [7,0,8],
			"to": [12,1,9],
			"faces": {
				"north": {"uv": [12,7,7,8], "texture":"#all", "cullface":"down"},
				"south": {"uv": [7,7,12,8], "texture":"#all", "cullface":"down"},
				"down": {"uv": [7,7,12,8], "texture":"#all", "cullface":"down"}
			}
		},
		{
			"from": [9,0,9],
			"to": [10,1,11],
			"faces": {
				"east": {"uv": [9,5,10,7], "rotation":270, "texture":"#all", "cullface":"down"},
				"down": {"uv": [9,5,10,7], "texture":"#all", "cullface":"down"}
			}
		},
		{
			"from": [7,0,10],
			"to": [9,1,11],
			"faces": {
				"north": {"uv": [8,5,7,6], "texture":"#all", "cullface":"down"},
				"west": {"uv": [7,6,8,5], "rotation":90, "texture":"#all", "cullface":"down"},
				"down": {"uv": [7,5,8,6], "texture":"#all", "cullface":"down"}
			}
		},
		{
			"from": [14,0,12],
			"to": [16,3,16],
			"faces": {
				"north": {"uv": [3,13,4,16], "texture":"#all", "cullface":"east"},
				"east": {"uv": [0,13,4,16], "texture":"#all", "cullface":"east"},
				"west": {"uv": [14,0,15,4], "rotation":90, "texture":"#all", "cullface":"down"},
				"down": {"uv": [14,0,16,4], "texture":"#all", "cullface":"down"}
			}
		},
		{
			"from": [13,0,7],
			"to": [16,1,12],
			"faces": {
				"north": {"uv": [16,8,13,9], "texture":"#all", "cullface":"down"},
				"east": {"uv": [4,15,9,16], "texture":"#all", "cullface":"east"},
				"up": {"uv": [9,15,4,16], "rotation":90, "texture":"#all", "cullface":"east"},
				"down": {"uv": [13,4,16,9], "texture":"#all", "cullface":"down"}
			}
		},
		{
			"from": [9,0,12],
			"to": [14,1,13],
			"faces": {
				"south": {"uv": [9,3,14,4], "texture":"#all", "cullface":"down"},
				"west": {"uv": [9,4,10,3], "rotation":90, "texture":"#all", "cullface":"down"},
				"down": {"uv": [9,3,14,4], "texture":"#all", "cullface":"down"}
			}
		},
		{
			"from": [6,0,12],
			"to": [7,1,14],
			"faces": {
				"east": {"uv": [6,2,7,4], "rotation":270, "texture":"#all", "cullface":"down"},
				"west": {"uv": [6,2,7,4], "rotation":90, "texture":"#all", "cullface":"down"},
				"down": {"uv": [6,2,7,4], "texture":"#all", "cullface":"down"}
			}
		},
		{
			"from": [7,0,13],
			"to": [12,1,14],
			"faces": {
				"north": {"uv": [12,2,7,3], "texture":"#all", "cullface":"down"},
				"east": {"uv": [11,2,12,3], "rotation":270, "texture":"#all", "cullface":"down"},
				"down": {"uv": [7,2,12,3], "texture":"#all", "cullface":"down"}
			}
		},
		{
			"from": [5,0,11],
			"to": [13,1,12],
			"faces": {
				"north": {"uv": [13,4,5,5], "texture":"#all", "cullface":"down"},
				"south": {"uv": [5,4,13,5], "texture":"#all", "cullface":"down"},
				"down": {"uv": [5,4,13,5], "texture":"#all", "cullface":"down"}
			}
		},
		{
			"from": [1,0,9],
			"to": [3,1,10],
			"faces": {
				"north": {"uv": [3,6,1,7], "texture":"#all", "cullface":"down"},
				"east": {"uv": [2,6,3,7], "rotation":270, "texture":"#all", "cullface":"down"},
				"down": {"uv": [1,6,3,7], "texture":"#all", "cullface":"down"}
			}
		},
		{
			"from": [1,0,10],
			"to": [5,1,13],
			"faces": {
				"north": {"uv": [5,5,1,6], "texture":"#all", "cullface":"down"},
				"east": {"uv": [4,3,5,6], "rotation":270, "texture":"#all", "cullface":"down"},
				"south": {"uv": [1,3,5,4], "texture":"#all", "cullface":"down"},
				"down": {"uv": [1,3,5,6], "texture":"#all", "cullface":"down"}
			}
		},
		{
			"from": [0,0,13],
			"to": [2,3,16],
			"faces": {
				"east": {"uv": [1,2,2,3], "rotation":270, "texture":"#all", "cullface":"down"},
				"south": {"uv": [0,13,2,16], "texture":"#all", "cullface":"south"},
				"west": {"uv": [13,13,16,16], "texture":"#all", "cullface":"west"},
				"up": {"uv": [13,13,16,14], "rotation":90, "texture":"#all", "cullface":"west"},
				"down": {"uv": [0,0,2,3], "texture":"#all", "cullface":"down"}
			}
		},
		{
			"from": [8,0,0],
			"to": [12,1,2],
			"faces": {
				"north": {"uv": [4,15,8,16], "texture":"#all", "cullface":"north"},
				"south": {"uv": [8,14,12,15], "texture":"#all", "cullface":"down"},
				"up": {"uv": [8,15,4,16], "texture":"#all", "cullface":"north"},
				"down": {"uv": [8,14,12,16], "texture":"#all", "cullface":"down"}
			}
		}
	]
}