{
	"credit": "Made by awildthomas",
	"ambientocclusion": false,
	"textures": {
		"texture": "block/mangrove_trapdoor1",
		"particle": "block/mangrove_trapdoor"
	},
	"elements": [
		{
			"from": [3, 0, 13],
			"to": [13, 3, 16],
			"faces": {
				"north": {"uv": [13, 0, 3, 3], "rotation": 180, "texture": "#particle"},
				"south": {"uv": [13, 3, 3, 0], "texture": "#particle", "cullface": "south"},
				"up": {"uv": [3, 2, 13, 3], "rotation": 180, "texture": "#particle"},
				"down": {"uv": [13, 0, 3, 3], "texture": "#texture", "cullface": "down"}
			}
		},
		{
			"from": [0, 0, 13],
			"to": [3, 16, 16],
			"faces": {
				"north": {"uv": [16, 0, 13, 16], "rotation": 180, "texture": "#particle"},
				"east": {"uv": [14, 0, 13, 16], "rotation": 180, "texture": "#particle"},
				"south": {"uv": [16, 16, 13, 0], "texture": "#particle", "cullface": "south"},
				"west": {"uv": [0, 13, 16, 10], "rotation": 270, "texture": "#texture", "cullface": "west"},
				"up": {"uv": [13, 13, 16, 16], "rotation": 180, "texture": "#texture", "cullface": "up"},
				"down": {"uv": [16, 0, 13, 3], "texture": "#texture", "cullface": "down"}
			}
		},
		{
			"from": [3, 13, 13],
			"to": [13, 16, 16],
			"faces": {
				"north": {"uv": [13, 13, 3, 16], "rotation": 180, "texture": "#particle"},
				"south": {"uv": [13, 16, 3, 13], "texture": "#particle", "cullface": "south"},
				"up": {"uv": [3, 13, 13, 16], "rotation": 180, "texture": "#texture", "cullface": "up"},
				"down": {"uv": [13, 13, 3, 14], "texture": "#particle"}
			}
		},
		{
			"from": [13, 0, 13],
			"to": [16, 16, 16],
			"faces": {
				"north": {"uv": [3, 0, 0, 16], "rotation": 180, "texture": "#particle"},
				"east": {"uv": [0, 6, 16, 3], "rotation": 90, "texture": "#texture", "cullface": "east"},
				"south": {"uv": [3, 16, 0, 0], "texture": "#particle", "cullface": "south"},
				"west": {"uv": [3, 16, 2, 0], "texture": "#particle"},
				"up": {"uv": [0, 13, 3, 16], "rotation": 180, "texture": "#texture", "cullface": "up"},
				"down": {"uv": [3, 0, 0, 3], "texture": "#texture", "cullface": "down"}
			}
		},
		{
			"from": [12, 12, 13],
			"to": [13, 13, 16],
			"faces": {
				"north": {"uv": [4, 3, 3, 4], "rotation": 180, "texture": "#particle"},
				"south": {"uv": [4, 3, 3, 4], "texture": "#particle", "cullface": "south"},
				"west": {"uv": [3, 4, 4, 3], "rotation": 270, "texture": "#particle"},
				"down": {"uv": [4, 3, 3, 4], "texture": "#particle"}
			}
		},
		{
			"from": [3, 12, 13],
			"to": [4, 13, 16],
			"faces": {
				"north": {"uv": [13, 3, 12, 4], "rotation": 180, "texture": "#particle"},
				"east": {"uv": [12, 4, 13, 3], "rotation": 90, "texture": "#particle"},
				"south": {"uv": [13, 3, 12, 4], "texture": "#particle", "cullface": "south"},
				"down": {"uv": [13, 3, 12, 4], "texture": "#particle"}
			}
		},
		{
			"from": [3, 3, 13],
			"to": [4, 4, 16],
			"faces": {
				"north": {"uv": [13, 12, 12, 13], "rotation": 180, "texture": "#particle"},
				"east": {"uv": [12, 13, 13, 12], "rotation": 90, "texture": "#particle"},
				"south": {"uv": [13, 12, 12, 13], "texture": "#particle", "cullface": "south"},
				"up": {"uv": [13, 12, 12, 13], "rotation": 180, "texture": "#particle"}
			}
		},
		{
			"from": [12, 3, 13],
			"to": [13, 4, 16],
			"faces": {
				"north": {"uv": [4, 12, 3, 13], "rotation": 180, "texture": "#particle"},
				"south": {"uv": [4, 12, 3, 13], "texture": "#particle", "cullface": "south"},
				"west": {"uv": [3, 13, 4, 12], "rotation": 270, "texture": "#particle"},
				"up": {"uv": [4, 12, 3, 13], "rotation": 180, "texture": "#particle"}
			}
		},
		{
			"from": [3, 11, 14],
			"to": [13, 13, 15],
			"faces": {
				"north": {"uv": [13, 11, 3, 13], "rotation": 180, "texture": "#particle"},
				"south": {"uv": [13, 13, 3, 11], "texture": "#particle"},
				"down": {"uv": [13, 11, 3, 12], "texture": "#particle"}
			}
		},
		{
			"from": [3, 3, 14],
			"to": [13, 5, 15],
			"faces": {
				"north": {"uv": [13, 3, 3, 5], "rotation": 180, "texture": "#particle"},
				"south": {"uv": [13, 11, 3, 13], "texture": "#particle"},
				"up": {"uv": [3, 4, 13, 5], "rotation": 180, "texture": "#particle"}
			}
		},
		{
			"from": [11, 5, 14],
			"to": [13, 11, 15],
			"faces": {
				"north": {"uv": [5, 5, 3, 11], "rotation": 180, "texture": "#particle"},
				"south": {"uv": [5, 11, 3, 5], "texture": "#particle"},
				"west": {"uv": [5, 11, 4, 5], "texture": "#particle"}
			}
		},
		{
			"from": [3, 5, 14],
			"to": [5, 11, 15],
			"faces": {
				"north": {"uv": [13, 5, 11, 11], "rotation": 180, "texture": "#particle"},
				"east": {"uv": [12, 5, 11, 11], "rotation": 180, "texture": "#particle"},
				"south": {"uv": [13, 11, 11, 5], "texture": "#particle"}
			}
		},
		{
			"from": [10, 5, 14],
			"to": [11, 6, 15],
			"faces": {
				"north": {"uv": [6, 5, 5, 6], "rotation": 180, "texture": "#particle"},
				"south": {"uv": [6, 5, 5, 6], "texture": "#particle"},
				"west": {"uv": [5, 6, 6, 5], "rotation": 270, "texture": "#particle"},
				"up": {"uv": [6, 5, 5, 6], "rotation": 180, "texture": "#particle"}
			}
		},
		{
			"from": [5, 5, 14],
			"to": [6, 6, 15],
			"faces": {
				"north": {"uv": [11, 5, 10, 6], "rotation": 180, "texture": "#particle"},
				"east": {"uv": [10, 6, 11, 5], "rotation": 90, "texture": "#particle"},
				"south": {"uv": [11, 5, 10, 6], "texture": "#particle"},
				"up": {"uv": [11, 5, 10, 6], "rotation": 180, "texture": "#particle"}
			}
		},
		{
			"from": [5, 10, 14],
			"to": [6, 11, 15],
			"faces": {
				"north": {"uv": [11, 10, 10, 11], "rotation": 180, "texture": "#particle"},
				"east": {"uv": [10, 11, 11, 10], "rotation": 90, "texture": "#particle"},
				"south": {"uv": [11, 10, 10, 11], "texture": "#particle"},
				"down": {"uv": [11, 10, 10, 11], "texture": "#particle"}
			}
		},
		{
			"from": [10, 10, 14],
			"to": [11, 11, 15],
			"faces": {
				"north": {"uv": [6, 10, 5, 11], "rotation": 180, "texture": "#particle"},
				"south": {"uv": [6, 10, 5, 11], "texture": "#particle"},
				"west": {"uv": [5, 11, 6, 10], "rotation": 270, "texture": "#particle"},
				"down": {"uv": [6, 10, 5, 11], "texture": "#particle"}
			}
		}
	]
}