{
    "credit": "Made by The_Wild_Thomas (Discord : thomas0535)",
    "textures": {
        "0": "block/medium_amethyst_bud",
        "particle": "block/medium_amethyst_bud"
    },
    "elements": [{
            "from": [3, 0, 7],
            "to": [13, 4, 9],
            "rotation": { "angle": 0, "axis": "y", "origin": [11, 8, 15] },
            "faces": {
                "north": { "uv": [3, 12, 13, 16], "texture": "#0" },
                "east": { "uv": [3, 12, 5, 16], "texture": "#0" },
                "south": { "uv": [3, 12, 13, 16], "texture": "#0" },
                "west": { "uv": [11, 12, 13, 16], "texture": "#0" },
                "up": { "uv": [3, 12, 13, 14], "texture": "#0" },
                "down": { "uv": [3, 14, 13, 16], "texture": "#0" }
            }
        },
        {
            "from": [3, 0, 7],
            "to": [13, 4, 9],
            "rotation": { "angle": 45, "axis": "y", "origin": [7.8, 4.5, 8] },
            "faces": {
                "north": { "uv": [3, 12, 13, 16], "texture": "#0" },
                "east": { "uv": [3, 12, 5, 16], "texture": "#0" },
                "south": { "uv": [3, 12, 13, 16], "texture": "#0" },
                "west": { "uv": [11, 12, 13, 16], "texture": "#0" },
                "up": { "uv": [3, 12, 13, 14], "texture": "#0" },
                "down": { "uv": [3, 14, 13, 16], "texture": "#0" }
            }
        },
        {
            "from": [6.8, 0, 2.8],
            "to": [8.8, 4, 12.8],
            "rotation": { "angle": 22.5, "axis": "y", "origin": [7.8, 4.5, 8] },
            "faces": {
                "north": { "uv": [3, 12, 5, 16], "texture": "#0" },
                "east": { "uv": [3, 12, 13, 16], "texture": "#0" },
                "south": { "uv": [11, 12, 13, 16], "texture": "#0" },
                "west": { "uv": [3, 12, 13, 16], "texture": "#0" },
                "up": { "uv": [3, 12, 13, 14], "rotation": 270, "texture": "#0" },
                "down": { "uv": [3, 14, 13, 16], "rotation": 90, "texture": "#0" }
            }
        },
        {
            "from": [5, 0, 5],
            "to": [11, 2, 11],
            "rotation": { "angle": 0, "axis": "y", "origin": [11, 8, 15] },
            "faces": {
                "north": { "uv": [3, 14, 9, 16], "texture": "#0" },
                "east": { "uv": [3, 14, 9, 16], "texture": "#0" },
                "south": { "uv": [3, 14, 9, 16], "texture": "#0" },
                "west": { "uv": [3, 14, 9, 16], "texture": "#0" },
                "up": { "uv": [3, 12, 7, 16], "texture": "#0" },
                "down": { "uv": [3, 12, 7, 16], "texture": "#0" }
            }
        },
        {
            "from": [3, 4, 7.5],
            "to": [5, 5, 8.5],
            "rotation": { "angle": 0, "axis": "y", "origin": [11, 12, 15] },
            "faces": {
                "north": { "uv": [11, 11, 13, 12], "texture": "#0" },
                "east": { "uv": [11, 11, 12, 12], "texture": "#0" },
                "south": { "uv": [11, 11, 13, 12], "texture": "#0" },
                "west": { "uv": [12, 11, 13, 12], "texture": "#0" },
                "up": { "uv": [11, 11, 13, 12], "texture": "#0" },
                "down": { "uv": [11, 11, 13, 12], "texture": "#0" }
            }
        },
        {
            "from": [3, 4, 7.5],
            "to": [5, 5, 8.5],
            "rotation": { "angle": 45, "axis": "y", "origin": [7.8, 4.5, 8] },
            "faces": {
                "north": { "uv": [11, 11, 13, 12], "texture": "#0" },
                "east": { "uv": [11, 11, 12, 12], "texture": "#0" },
                "south": { "uv": [11, 11, 13, 12], "texture": "#0" },
                "west": { "uv": [12, 11, 13, 12], "texture": "#0" },
                "up": { "uv": [11, 11, 13, 12], "texture": "#0" },
                "down": { "uv": [11, 11, 13, 12], "texture": "#0" }
            }
        },
        {
            "from": [7.3, 4, 10.8],
            "to": [8.3, 5, 12.8],
            "rotation": { "angle": 22.5, "axis": "y", "origin": [7.8, 4.5, 8] },
            "faces": {
                "north": { "uv": [11, 11, 12, 12], "texture": "#0" },
                "east": { "uv": [11, 11, 13, 12], "texture": "#0" },
                "south": { "uv": [12, 11, 13, 12], "texture": "#0" },
                "west": { "uv": [11, 11, 13, 12], "texture": "#0" },
                "up": { "uv": [11, 11, 13, 12], "rotation": 270, "texture": "#0" },
                "down": { "uv": [11, 11, 13, 12], "rotation": 90, "texture": "#0" }
            }
        },
        {
            "from": [11, 4, 7.5],
            "to": [13, 5, 8.5],
            "rotation": { "angle": 0, "axis": "y", "origin": [19, 12, 15] },
            "faces": {
                "north": { "uv": [11, 11, 13, 12], "texture": "#0" },
                "east": { "uv": [11, 11, 12, 12], "texture": "#0" },
                "south": { "uv": [11, 11, 13, 12], "texture": "#0" },
                "west": { "uv": [12, 11, 13, 12], "texture": "#0" },
                "up": { "uv": [11, 11, 13, 12], "texture": "#0" },
                "down": { "uv": [11, 11, 13, 12], "texture": "#0" }
            }
        },
        {
            "from": [11, 4, 7.5],
            "to": [13, 5, 8.5],
            "rotation": { "angle": 45, "axis": "y", "origin": [7.8, 4.5, 8] },
            "faces": {
                "north": { "uv": [11, 11, 13, 12], "texture": "#0" },
                "east": { "uv": [11, 11, 12, 12], "texture": "#0" },
                "south": { "uv": [11, 11, 13, 12], "texture": "#0" },
                "west": { "uv": [12, 11, 13, 12], "texture": "#0" },
                "up": { "uv": [11, 11, 13, 12], "texture": "#0" },
                "down": { "uv": [11, 11, 13, 12], "texture": "#0" }
            }
        },
        {
            "from": [7.3, 4, 2.8],
            "to": [8.3, 5, 4.8],
            "rotation": { "angle": 22.5, "axis": "y", "origin": [7.8, 4.5, 8] },
            "faces": {
                "north": { "uv": [11, 11, 12, 12], "texture": "#0" },
                "east": { "uv": [11, 11, 13, 12], "texture": "#0" },
                "south": { "uv": [12, 11, 13, 12], "texture": "#0" },
                "west": { "uv": [11, 11, 13, 12], "texture": "#0" },
                "up": { "uv": [11, 11, 13, 12], "rotation": 270, "texture": "#0" },
                "down": { "uv": [11, 11, 13, 12], "rotation": 90, "texture": "#0" }
            }
        },
        {
            "from": [6, 4, 7.5],
            "to": [9, 6, 8.5],
            "rotation": { "angle": 0, "axis": "y", "origin": [14, 12, 15] },
            "faces": {
                "north": { "uv": [7, 10, 10, 12], "texture": "#0" },
                "east": { "uv": [9, 10, 10, 12], "texture": "#0" },
                "south": { "uv": [7, 10, 10, 12], "texture": "#0" },
                "west": { "uv": [9, 10, 10, 12], "texture": "#0" },
                "up": { "uv": [7, 11, 10, 12], "texture": "#0" },
                "down": { "uv": [7, 11, 10, 12], "texture": "#0" }
            }
        },
        {
            "from": [6, 4, 7.5],
            "to": [9, 6, 8.5],
            "rotation": { "angle": 45, "axis": "y", "origin": [7.8, 4.5, 8] },
            "faces": {
                "north": { "uv": [7, 10, 10, 12], "texture": "#0" },
                "east": { "uv": [9, 10, 10, 12], "texture": "#0" },
                "south": { "uv": [7, 10, 10, 12], "texture": "#0" },
                "west": { "uv": [9, 10, 10, 12], "texture": "#0" },
                "up": { "uv": [7, 11, 10, 12], "texture": "#0" },
                "down": { "uv": [7, 11, 10, 12], "texture": "#0" }
            }
        },
        {
            "from": [7.3, 4, 6.8],
            "to": [8.3, 6, 9.8],
            "rotation": { "angle": 22.5, "axis": "y", "origin": [7.8, 4.5, 8] },
            "faces": {
                "north": { "uv": [9, 10, 10, 12], "texture": "#0" },
                "east": { "uv": [7, 10, 10, 12], "texture": "#0" },
                "south": { "uv": [9, 10, 10, 12], "texture": "#0" },
                "west": { "uv": [7, 10, 10, 12], "texture": "#0" },
                "up": { "uv": [7, 11, 10, 12], "rotation": 270, "texture": "#0" },
                "down": { "uv": [7, 11, 10, 12], "rotation": 90, "texture": "#0" }
            }
        },
        {
            "from": [7, 6, 7.5],
            "to": [8, 7, 8.5],
            "rotation": { "angle": 0, "axis": "y", "origin": [14, 14, 15] },
            "faces": {
                "north": { "uv": [8, 11, 9, 12], "texture": "#0" },
                "east": { "uv": [8, 11, 9, 12], "texture": "#0" },
                "south": { "uv": [8, 11, 9, 12], "texture": "#0" },
                "west": { "uv": [8, 11, 9, 12], "texture": "#0" },
                "up": { "uv": [8, 11, 9, 12], "texture": "#0" },
                "down": { "uv": [8, 11, 9, 12], "texture": "#0" }
            }
        },
        {
            "from": [7, 6, 7.5],
            "to": [8, 7, 8.5],
            "rotation": { "angle": 45, "axis": "y", "origin": [7.8, 4.5, 8] },
            "faces": {
                "north": { "uv": [8, 11, 9, 12], "texture": "#0" },
                "east": { "uv": [8, 11, 9, 12], "texture": "#0" },
                "south": { "uv": [8, 11, 9, 12], "texture": "#0" },
                "west": { "uv": [8, 11, 9, 12], "texture": "#0" },
                "up": { "uv": [8, 11, 9, 12], "texture": "#0" },
                "down": { "uv": [8, 11, 9, 12], "texture": "#0" }
            }
        },
        {
            "from": [7.3, 6, 7.8],
            "to": [8.3, 7, 8.8],
            "rotation": { "angle": 22.5, "axis": "y", "origin": [7.8, 4.5, 8] },
            "faces": {
                "north": { "uv": [8, 11, 9, 12], "texture": "#0" },
                "east": { "uv": [8, 11, 9, 12], "texture": "#0" },
                "south": { "uv": [8, 11, 9, 12], "texture": "#0" },
                "west": { "uv": [8, 11, 9, 12], "texture": "#0" },
                "up": { "uv": [8, 11, 9, 12], "rotation": 270, "texture": "#0" },
                "down": { "uv": [8, 11, 9, 12], "rotation": 90, "texture": "#0" }
            }
        }
    ],
    "display": {
        "thirdperson_righthand": {
            "translation": [0, 5.25, 2.25],
            "scale": [0.72, 0.72, 0.72]
        },
        "thirdperson_lefthand": {
            "translation": [0, 5.25, 2.25],
            "scale": [0.72, 0.72, 0.72]
        },
        "firstperson_righthand": {
            "rotation": [12, 19, 19],
            "translation": [0, 6.5, 0]
        },
        "firstperson_lefthand": {
            "rotation": [12, 19, 19],
            "translation": [0, 6.5, 0]
        },
        "ground": {
            "translation": [0, 4.5, 0],
            "scale": [0.8, 0.8, 0.8]
        },
        "gui": {
            "rotation": [42, -140, 0],
            "translation": [0, 4.25, 0]
        },
        "head": {
            "translation": [0, 14, 0]
        },
        "fixed": {
            "rotation": [-90, 0, 0],
            "translation": [0, 0, -7]
        }
    }
}