{
	"credit": "Made by thomas0535",
	"parent": "block/display_block",
	"textures": {
		"particle": "block/nether_gold_ore",
		"all": "block/nether_gold_ore"
	},
	"elements": [
		{
			"from": [0.5, 0.5, 0.5],
			"to": [15.5, 15.5, 15.5],
			"faces": {
				"north": {"uv": [0.4706, 0.4706, 15.5294, 15.5294], "texture": "#all", "cullface": "north"},
				"east": {"uv": [0.4706, 0.4706, 15.5294, 15.5294], "texture": "#all", "cullface": "east"},
				"south": {"uv": [0.4706, 0.4706, 15.5294, 15.5294], "texture": "#all", "cullface": "south"},
				"west": {"uv": [0.4706, 0.4706, 15.5294, 15.5294], "texture": "#all", "cullface": "west"},
				"up": {"uv": [0.4706, 0.4706, 15.5294, 15.5294], "texture": "#all", "cullface": "up"},
				"down": {"uv": [0.4706, 0.4706, 15.5294, 15.5294], "texture": "#all", "cullface": "down"}
			}
		},
		{
			"from": [14, 14, 0],
			"to": [16, 16, 12],
			"faces": {
				"east": {"uv": [4, 0, 16, 2], "texture": "#all", "cullface": "east"},
				"west": {"uv": [14, 12, 15, 0], "rotation": 90, "texture": "#all", "cullface": "up"},
				"up": {"uv": [14, 0, 16, 12], "texture": "#all", "cullface": "up"},
				"down": {"uv": [4, 1, 16, 2], "rotation": 90, "texture": "#all", "cullface": "east"}
			}
		},
		{
			"from": [3, 14, 15],
			"to": [16, 16, 16],
			"faces": {
				"north": {"uv": [16, 15, 3, 16], "texture": "#all", "cullface": "up"},
				"south": {"uv": [3, 0, 16, 2], "texture": "#all", "cullface": "south"},
				"up": {"uv": [3, 15, 16, 16], "texture": "#all", "cullface": "up"},
				"down": {"uv": [3, 1, 16, 2], "texture": "#all", "cullface": "south"}
			}
		},
		{
			"from": [4, 14, 0],
			"to": [12, 16, 2],
			"faces": {
				"north": {"uv": [4, 0, 12, 2], "texture": "#all", "cullface": "north"},
				"south": {"uv": [4, 1, 12, 2], "texture": "#all", "cullface": "up"},
				"up": {"uv": [4, 0, 12, 2], "texture": "#all", "cullface": "up"},
				"down": {"uv": [12, 1, 4, 2], "texture": "#all", "cullface": "north"}
			}
		},
		{
			"from": [0, 0, 14],
			"to": [16, 1, 16],
			"faces": {
				"north": {"uv": [16, 1, 0, 2], "texture": "#all", "cullface": "down"},
				"south": {"uv": [0, 15, 16, 16], "texture": "#all", "cullface": "south"},
				"up": {"uv": [0, 15, 16, 16], "texture": "#all", "cullface": "south"},
				"down": {"uv": [0, 0, 16, 2], "texture": "#all", "cullface": "down"}
			}
		},
		{
			"from": [0, 0, 0],
			"to": [1, 1, 14],
			"faces": {
				"east": {"uv": [0, 2, 1, 16], "rotation": 90, "texture": "#all", "cullface": "down"},
				"west": {"uv": [0, 15, 14, 16], "texture": "#all", "cullface": "west"},
				"up": {"uv": [0, 15, 14, 16], "rotation": 90, "texture": "#all", "cullface": "west"},
				"down": {"uv": [0, 2, 1, 16], "texture": "#all", "cullface": "down"}
			}
		},
		{
			"from": [15, 4, 0],
			"to": [16, 6, 2],
			"faces": {
				"north": {"uv": [0, 10, 1, 12], "texture": "#all", "cullface": "north"},
				"east": {"uv": [14, 10, 16, 12], "texture": "#all", "cullface": "east"},
				"south": {"uv": [14, 10, 15, 12], "texture": "#all", "cullface": "east"},
				"west": {"uv": [0, 10, 1, 12], "texture": "#all", "cullface": "north"}
			}
		},
		{
			"from": [0, 0, 0],
			"to": [2, 6, 1],
			"faces": {
				"north": {"uv": [14, 10, 16, 16], "texture": "#all", "cullface": "north"},
				"east": {"uv": [14, 10, 15, 16], "texture": "#all", "cullface": "north"},
				"south": {"uv": [0, 10, 1, 16], "texture": "#all", "cullface": "west"},
				"west": {"uv": [0, 10, 1, 16], "texture": "#all", "cullface": "west"}
			}
		},
		{
			"from": [0, 0, 14],
			"to": [1, 6, 16],
			"faces": {
				"north": {"uv": [14, 10, 15, 16], "texture": "#all", "cullface": "west"},
				"east": {"uv": [0, 10, 1, 16], "texture": "#all", "cullface": "south"},
				"south": {"uv": [0, 10, 1, 16], "texture": "#all", "cullface": "south"},
				"west": {"uv": [14, 10, 16, 16], "texture": "#all", "cullface": "west"}
			}
		},
		{
			"from": [14, 4, 15],
			"to": [16, 6, 16],
			"faces": {
				"north": {"uv": [0, 10, 1, 12], "texture": "#all", "cullface": "east"},
				"east": {"uv": [0, 10, 1, 12], "texture": "#all", "cullface": "east"},
				"south": {"uv": [14, 10, 16, 12], "texture": "#all", "cullface": "south"},
				"west": {"uv": [14, 10, 15, 12], "texture": "#all", "cullface": "south"}
			}
		},
		{
			"from": [0, 14, 3],
			"to": [3, 16, 11],
			"faces": {
				"east": {"uv": [2, 3, 3, 11], "rotation": 90, "texture": "#all", "cullface": "up"},
				"south": {"uv": [0, 10, 3, 11], "texture": "#all", "cullface": "up"},
				"west": {"uv": [3, 0, 11, 2], "texture": "#all", "cullface": "west"},
				"up": {"uv": [0, 3, 3, 11], "texture": "#all", "cullface": "up"},
				"down": {"uv": [11, 1, 3, 2], "rotation": 90, "texture": "#all", "cullface": "west"}
			}
		},
		{
			"from": [0, 15, 12],
			"to": [3, 16, 16],
			"faces": {
				"north": {"uv": [1, 12, 2, 13], "texture": "#all", "cullface": "up"},
				"up": {"uv": [0, 12, 3, 16], "texture": "#all", "cullface": "up"}
			}
		},
		{
			"from": [2, 14, 11],
			"to": [7, 16, 15],
			"faces": {
				"north": {"uv": [7, 11, 2, 12], "texture": "#all", "cullface": "up"},
				"east": {"uv": [6, 11, 7, 15], "rotation": 90, "texture": "#all", "cullface": "up"},
				"west": {"uv": [2, 11, 3, 12], "texture": "#all", "cullface": "up"},
				"up": {"uv": [2, 11, 7, 15], "texture": "#all", "cullface": "up"}
			}
		},
		{
			"from": [7, 14, 14],
			"to": [9, 16, 15],
			"faces": {
				"north": {"uv": [9, 14, 7, 15], "texture": "#all", "cullface": "up"},
				"east": {"uv": [8, 14, 9, 15], "texture": "#all", "cullface": "up"},
				"up": {"uv": [7, 14, 9, 15], "texture": "#all", "cullface": "up"}
			}
		},
		{
			"from": [3, 14, 10],
			"to": [4, 16, 11],
			"faces": {
				"north": {"uv": [3, 10, 4, 11], "texture": "#all", "cullface": "up"},
				"east": {"uv": [3, 10, 4, 11], "texture": "#all", "cullface": "up"},
				"up": {"uv": [3, 10, 4, 11], "texture": "#all", "cullface": "up"}
			}
		},
		{
			"from": [0, 15, 0],
			"to": [4, 16, 3],
			"faces": {
				"east": {"uv": [3, 2, 4, 3], "texture": "#all", "cullface": "up"},
				"south": {"uv": [3, 2, 4, 3], "texture": "#all", "cullface": "up"},
				"up": {"uv": [0, 0, 4, 3], "texture": "#all", "cullface": "up"}
			}
		},
		{
			"from": [3, 14, 5],
			"to": [4, 16, 6],
			"faces": {
				"north": {"uv": [3, 5, 4, 6], "texture": "#all", "cullface": "up"},
				"east": {"uv": [3, 5, 4, 6], "texture": "#all", "cullface": "up"},
				"up": {"uv": [3, 5, 4, 6], "texture": "#all", "cullface": "up"}
			}
		},
		{
			"from": [3, 14, 6],
			"to": [7, 16, 9],
			"faces": {
				"north": {"uv": [7, 6, 3, 7], "texture": "#all", "cullface": "up"},
				"east": {"uv": [6, 8, 7, 9], "texture": "#all", "cullface": "up"},
				"south": {"uv": [3, 8, 5, 9], "texture": "#all", "cullface": "up"},
				"up": {"uv": [3, 6, 7, 9], "texture": "#all", "cullface": "up"}
			}
		},
		{
			"from": [6, 14, 2],
			"to": [10, 16, 7],
			"faces": {
				"east": {"uv": [9, 2, 10, 7], "rotation": 90, "texture": "#all", "cullface": "up"},
				"south": {"uv": [6, 6, 10, 7], "texture": "#all", "cullface": "up"},
				"west": {"uv": [6, 2, 7, 7], "rotation": 270, "texture": "#all", "cullface": "up"},
				"up": {"uv": [6, 2, 10, 7], "texture": "#all", "cullface": "up"}
			}
		},
		{
			"from": [10, 14, 4],
			"to": [12, 16, 5],
			"faces": {
				"north": {"uv": [12, 4, 10, 5], "texture": "#all", "cullface": "up"},
				"south": {"uv": [10, 4, 12, 5], "texture": "#all", "cullface": "up"},
				"up": {"uv": [10, 4, 12, 5], "texture": "#all", "cullface": "up"}
			}
		},
		{
			"from": [5, 14, 4],
			"to": [8, 16.01, 8],
			"faces": {
				"north": {"uv": [5, 4, 6, 5], "texture": "#all", "cullface": "up"},
				"east": {"uv": [7, 4, 8, 8], "rotation": 90, "texture": "#all", "cullface": "up"},
				"south": {"uv": [7, 7, 8, 8], "texture": "#all", "cullface": "up"},
				"west": {"uv": [5, 4, 6, 8], "rotation": 270, "texture": "#all", "cullface": "up"},
				"up": {"uv": [5, 4, 8, 8], "texture": "#all", "cullface": "up"}
			}
		},
		{
			"from": [10, 14, 5],
			"to": [11, 16, 8],
			"faces": {
				"east": {"uv": [10, 5, 11, 8], "rotation": 90, "texture": "#all", "cullface": "up"},
				"west": {"uv": [10, 8, 11, 5], "rotation": 90, "texture": "#all", "cullface": "up"},
				"up": {"uv": [10, 5, 11, 8], "texture": "#all", "cullface": "up"}
			}
		},
		{
			"from": [5, 14, 9],
			"to": [13, 16, 11],
			"faces": {
				"north": {"uv": [7, 9, 8, 10], "texture": "#all", "cullface": "up"},
				"east": {"uv": [12, 10, 13, 11], "texture": "#all", "cullface": "up"},
				"south": {"uv": [5, 10, 13, 11], "texture": "#all", "cullface": "up"},
				"west": {"uv": [5, 11, 6, 9], "rotation": 90, "texture": "#all", "cullface": "up"},
				"up": {"uv": [5, 9, 13, 11], "texture": "#all", "cullface": "up"}
			}
		},
		{
			"from": [8, 14, 8],
			"to": [13, 16, 9],
			"faces": {
				"north": {"uv": [13, 8, 8, 9], "texture": "#all", "cullface": "up"},
				"west": {"uv": [8, 8, 9, 9], "texture": "#all", "cullface": "up"},
				"up": {"uv": [8, 8, 13, 9], "texture": "#all", "cullface": "up"}
			}
		},
		{
			"from": [13, 15, 6],
			"to": [14, 16, 10],
			"faces": {
				"south": {"uv": [13, 9, 14, 10], "texture": "#all", "cullface": "up"},
				"west": {"uv": [13, 10, 14, 6], "rotation": 90, "texture": "#all", "cullface": "up"},
				"up": {"uv": [13, 6, 14, 10], "texture": "#all", "cullface": "up"}
			}
		},
		{
			"from": [12, 15, 0],
			"to": [14, 16, 6],
			"faces": {
				"south": {"uv": [12, 5, 13, 6], "texture": "#all", "cullface": "up"},
				"west": {"uv": [12, 6, 13, 0], "rotation": 90, "texture": "#all", "cullface": "up"},
				"up": {"uv": [12, 0, 14, 6], "texture": "#all", "cullface": "up"}
			}
		},
		{
			"from": [11, 14, 2],
			"to": [12, 16, 3],
			"faces": {
				"south": {"uv": [11, 2, 12, 3], "texture": "#all", "cullface": "up"},
				"west": {"uv": [11, 2, 12, 3], "texture": "#all", "cullface": "up"},
				"up": {"uv": [11, 2, 12, 3], "texture": "#all", "cullface": "up"}
			}
		},
		{
			"from": [10, 15, 12],
			"to": [16, 16, 15],
			"faces": {
				"north": {"uv": [16, 12, 10, 13], "texture": "#all", "cullface": "up"},
				"west": {"uv": [10, 15, 11, 12], "rotation": 90, "texture": "#all", "cullface": "up"},
				"up": {"uv": [10, 12, 16, 15], "texture": "#all", "cullface": "up"}
			}
		},
		{
			"from": [8, 14, 11],
			"to": [12, 16, 12],
			"faces": {
				"east": {"uv": [11, 11, 12, 12], "texture": "#all", "cullface": "up"},
				"south": {"uv": [8, 11, 12, 12], "texture": "#all", "cullface": "up"},
				"west": {"uv": [8, 11, 9, 12], "texture": "#all", "cullface": "up"},
				"up": {"uv": [8, 11, 12, 12], "texture": "#all", "cullface": "up"}
			}
		},
		{
			"from": [9, 14, 12],
			"to": [10, 16, 13],
			"faces": {
				"south": {"uv": [9, 12, 10, 13], "texture": "#all", "cullface": "up"},
				"west": {"uv": [9, 12, 10, 13], "texture": "#all", "cullface": "up"},
				"up": {"uv": [9, 12, 10, 13], "texture": "#all", "cullface": "up"}
			}
		},
		{
			"from": [9, 3, 14],
			"to": [10, 4, 16],
			"faces": {
				"south": {"uv": [9, 12, 10, 13], "texture": "#all", "cullface": "south"},
				"west": {"uv": [9, 13, 10, 12], "texture": "#all", "cullface": "south"},
				"down": {"uv": [9, 12, 10, 13], "texture": "#all", "cullface": "south"}
			}
		},
		{
			"from": [3, 13, 14],
			"to": [4, 14, 16],
			"faces": {
				"east": {"uv": [3, 2, 4, 3], "texture": "#all", "cullface": "south"},
				"south": {"uv": [3, 2, 4, 3], "texture": "#all", "cullface": "south"},
				"down": {"uv": [3, 2, 4, 3], "texture": "#all", "cullface": "south"}
			}
		},
		{
			"from": [3, 10, 14],
			"to": [4, 11, 16],
			"faces": {
				"east": {"uv": [3, 5, 4, 6], "texture": "#all", "cullface": "south"},
				"south": {"uv": [3, 5, 4, 6], "texture": "#all", "cullface": "south"},
				"up": {"uv": [4, 5, 3, 6], "texture": "#all", "cullface": "south"}
			}
		},
		{
			"from": [3, 7, 14],
			"to": [7, 10, 16],
			"faces": {
				"east": {"uv": [6, 8, 7, 9], "texture": "#all", "cullface": "south"},
				"south": {"uv": [3, 6, 7, 9], "texture": "#all", "cullface": "south"},
				"up": {"uv": [4, 6, 5, 7], "texture": "#all", "cullface": "south"},
				"down": {"uv": [3, 8, 7, 9], "texture": "#all", "cullface": "south"}
			}
		},
		{
			"from": [6, 9, 14],
			"to": [10, 14, 16],
			"faces": {
				"east": {"uv": [9, 2, 10, 7], "texture": "#all", "cullface": "south"},
				"south": {"uv": [6, 2, 10, 7], "texture": "#all", "cullface": "south"},
				"west": {"uv": [6, 2, 7, 7], "texture": "#all", "cullface": "south"},
				"down": {"uv": [6, 6, 10, 7], "texture": "#all", "cullface": "south"}
			}
		},
		{
			"from": [10, 11, 14],
			"to": [12, 12, 16],
			"faces": {
				"south": {"uv": [10, 4, 12, 5], "texture": "#all", "cullface": "south"},
				"up": {"uv": [10, 4, 12, 5], "texture": "#all", "cullface": "south"},
				"down": {"uv": [10, 4, 12, 5], "texture": "#all", "cullface": "south"}
			}
		},
		{
			"from": [5, 8, 14],
			"to": [8, 12, 16.01],
			"faces": {
				"east": {"uv": [7, 4, 8, 8], "texture": "#all", "cullface": "south"},
				"south": {"uv": [5, 4, 8, 8], "texture": "#all", "cullface": "south"},
				"west": {"uv": [5, 4, 6, 8], "texture": "#all", "cullface": "south"},
				"up": {"uv": [5, 4, 6, 5], "texture": "#all", "cullface": "south"},
				"down": {"uv": [7, 7, 8, 8], "texture": "#all", "cullface": "south"}
			}
		},
		{
			"from": [10, 8, 14],
			"to": [11, 11, 16],
			"faces": {
				"east": {"uv": [10, 5, 11, 8], "texture": "#all", "cullface": "south"},
				"south": {"uv": [10, 5, 11, 8], "texture": "#all", "cullface": "south"},
				"west": {"uv": [10, 5, 11, 8], "texture": "#all", "cullface": "south"}
			}
		},
		{
			"from": [5, 5, 14],
			"to": [13, 7, 16],
			"faces": {
				"east": {"uv": [12, 10, 13, 11], "texture": "#all", "cullface": "south"},
				"south": {"uv": [5, 9, 13, 11], "texture": "#all", "cullface": "south"},
				"west": {"uv": [5, 9, 6, 11], "texture": "#all", "cullface": "south"},
				"up": {"uv": [8, 9, 7, 10], "texture": "#all", "cullface": "south"},
				"down": {"uv": [5, 10, 13, 11], "texture": "#all", "cullface": "south"}
			}
		},
		{
			"from": [8, 7, 14],
			"to": [13, 8, 16],
			"faces": {
				"south": {"uv": [8, 8, 13, 9], "texture": "#all", "cullface": "south"},
				"west": {"uv": [8, 9, 9, 8], "texture": "#all", "cullface": "south"},
				"up": {"uv": [8, 8, 13, 9], "texture": "#all", "cullface": "south"}
			}
		},
		{
			"from": [13, 6, 13],
			"to": [16, 13, 16],
			"faces": {
				"north": {"uv": [2, 3, 3, 10], "texture": "#all", "cullface": "east"},
				"east": {"uv": [0, 3, 3, 10], "texture": "#all", "cullface": "east"},
				"south": {"uv": [13, 3, 16, 10], "texture": "#all", "cullface": "south"},
				"west": {"uv": [13, 3, 14, 10], "texture": "#all", "cullface": "south"},
				"down": {"uv": [13, 9, 14, 10], "texture": "#all", "cullface": "south"}
			}
		},
		{
			"from": [12, 10, 14],
			"to": [13, 13, 16],
			"faces": {
				"south": {"uv": [12, 3, 13, 6], "texture": "#all", "cullface": "south"},
				"west": {"uv": [12, 3, 13, 6], "texture": "#all", "cullface": "south"},
				"down": {"uv": [12, 5, 13, 6], "texture": "#all", "cullface": "south"}
			}
		},
		{
			"from": [11, 13, 15],
			"to": [16, 14, 16],
			"faces": {
				"south": {"uv": [11, 2, 16, 3], "texture": "#all", "cullface": "south"},
				"west": {"uv": [11, 3, 12, 2], "texture": "#all", "cullface": "south"},
				"down": {"uv": [11, 2, 12, 3], "texture": "#all", "cullface": "south"}
			}
		},
		{
			"from": [10, 1, 15],
			"to": [16, 4, 16],
			"faces": {
				"south": {"uv": [10, 12, 16, 15], "texture": "#all", "cullface": "south"},
				"west": {"uv": [10, 12, 11, 15], "texture": "#all", "cullface": "south"},
				"up": {"uv": [10, 12, 16, 13], "texture": "#all", "cullface": "south"}
			}
		},
		{
			"from": [8, 4, 14],
			"to": [12, 5, 16],
			"faces": {
				"east": {"uv": [11, 11, 12, 12], "texture": "#all", "cullface": "south"},
				"south": {"uv": [8, 11, 12, 12], "texture": "#all", "cullface": "south"},
				"west": {"uv": [8, 12, 9, 11], "texture": "#all", "cullface": "south"},
				"down": {"uv": [8, 11, 12, 12], "texture": "#all", "cullface": "south"}
			}
		},
		{
			"from": [7, 1, 14],
			"to": [9, 2, 16],
			"faces": {
				"east": {"uv": [8, 14, 9, 15], "texture": "#all", "cullface": "south"},
				"south": {"uv": [7, 14, 9, 15], "texture": "#all", "cullface": "south"},
				"up": {"uv": [7, 14, 9, 15], "texture": "#all", "cullface": "south"}
			}
		},
		{
			"from": [1, 5, 14],
			"to": [4, 6, 16],
			"faces": {
				"east": {"uv": [3, 10, 4, 11], "texture": "#all", "cullface": "south"},
				"south": {"uv": [1, 10, 4, 11], "texture": "#all", "cullface": "south"},
				"up": {"uv": [4, 10, 3, 11], "texture": "#all", "cullface": "south"},
				"down": {"uv": [2, 10, 1, 11], "texture": "#all", "cullface": "south"}
			}
		},
		{
			"from": [1, 1, 14],
			"to": [2, 4, 16],
			"faces": {
				"south": {"uv": [1, 12, 2, 15], "texture": "#all", "cullface": "south"},
				"up": {"uv": [2, 12, 1, 13], "texture": "#all", "cullface": "south"}
			}
		},
		{
			"from": [2, 1, 14],
			"to": [7, 5, 16],
			"faces": {
				"east": {"uv": [6, 11, 7, 15], "texture": "#all", "cullface": "south"},
				"south": {"uv": [2, 11, 7, 15], "texture": "#all", "cullface": "south"},
				"west": {"uv": [2, 11, 3, 12], "texture": "#all", "cullface": "south"},
				"up": {"uv": [2, 11, 7, 12], "texture": "#all", "cullface": "south"}
			}
		},
		{
			"from": [14, 1, 9],
			"to": [16, 5, 14],
			"faces": {
				"north": {"uv": [6, 11, 7, 15], "texture": "#all", "cullface": "east"},
				"east": {"uv": [2, 11, 7, 15], "texture": "#all", "cullface": "east"},
				"south": {"uv": [2, 12, 3, 11], "texture": "#all", "cullface": "east"},
				"up": {"uv": [2, 11, 7, 12], "rotation": 270, "texture": "#all", "cullface": "east"}
			}
		},
		{
			"from": [15, 0, 14],
			"to": [16, 4, 16],
			"faces": {
				"east": {"uv": [0, 12, 2, 16], "texture": "#all", "cullface": "east"},
				"up": {"uv": [1, 12, 2, 13], "texture": "#all", "cullface": "east"}
			}
		},
		{
			"from": [14, 5, 12],
			"to": [16, 6, 15],
			"faces": {
				"north": {"uv": [3, 10, 4, 11], "texture": "#all", "cullface": "east"},
				"east": {"uv": [1, 10, 4, 11], "texture": "#all", "cullface": "east"},
				"up": {"uv": [4, 10, 3, 11], "texture": "#all", "cullface": "east"},
				"down": {"uv": [2, 10, 1, 11], "texture": "#all", "cullface": "east"}
			}
		},
		{
			"from": [14, 1, 7],
			"to": [16, 2, 9],
			"faces": {
				"north": {"uv": [8, 14, 9, 15], "texture": "#all", "cullface": "east"},
				"east": {"uv": [7, 14, 9, 15], "texture": "#all", "cullface": "east"},
				"up": {"uv": [7, 14, 9, 15], "rotation": 270, "texture": "#all", "cullface": "east"}
			}
		},
		{
			"from": [14, 4, 4],
			"to": [16, 5, 8],
			"faces": {
				"north": {"uv": [11, 11, 12, 12], "texture": "#all", "cullface": "east"},
				"east": {"uv": [8, 11, 12, 12], "texture": "#all", "cullface": "east"},
				"south": {"uv": [8, 12, 9, 11], "texture": "#all", "cullface": "east"},
				"down": {"uv": [8, 11, 12, 12], "rotation": 90, "texture": "#all", "cullface": "east"}
			}
		},
		{
			"from": [14, 0, 0],
			"to": [16, 3, 6],
			"faces": {
				"east": {"uv": [10, 13, 16, 16], "texture": "#all", "cullface": "east"},
				"south": {"uv": [10, 13, 11, 16], "texture": "#all", "cullface": "east"},
				"west": {"uv": [14, 10, 15, 16], "rotation": 90, "texture": "#all", "cullface": "down"},
				"down": {"uv": [14, 10, 16, 16], "texture": "#all", "cullface": "down"}
			}
		},
		{
			"from": [15, 13, 0],
			"to": [16, 14, 5],
			"faces": {
				"east": {"uv": [11, 2, 16, 3], "texture": "#all", "cullface": "east"},
				"south": {"uv": [11, 3, 12, 2], "texture": "#all", "cullface": "east"},
				"down": {"uv": [11, 2, 12, 3], "texture": "#all", "cullface": "east"}
			}
		},
		{
			"from": [14, 10, 3],
			"to": [16, 13, 4],
			"faces": {
				"east": {"uv": [12, 3, 13, 6], "texture": "#all", "cullface": "east"},
				"south": {"uv": [12, 3, 13, 6], "texture": "#all", "cullface": "east"},
				"down": {"uv": [12, 5, 13, 6], "rotation": 90, "texture": "#all", "cullface": "east"}
			}
		},
		{
			"from": [13, 6, 0],
			"to": [16, 13, 3],
			"faces": {
				"north": {"uv": [0, 3, 3, 10], "texture": "#all", "cullface": "north"},
				"east": {"uv": [13, 3, 16, 10], "texture": "#all", "cullface": "east"},
				"south": {"uv": [13, 3, 14, 10], "texture": "#all", "cullface": "east"},
				"west": {"uv": [2, 3, 3, 10], "texture": "#all", "cullface": "north"},
				"down": {"uv": [13, 9, 14, 10], "rotation": 90, "texture": "#all", "cullface": "east"}
			}
		},
		{
			"from": [14, 7, 3],
			"to": [16, 8, 8],
			"faces": {
				"east": {"uv": [8, 8, 13, 9], "texture": "#all", "cullface": "east"},
				"south": {"uv": [8, 9, 9, 8], "texture": "#all", "cullface": "east"},
				"up": {"uv": [8, 8, 13, 9], "rotation": 270, "texture": "#all", "cullface": "east"}
			}
		},
		{
			"from": [14, 5, 3],
			"to": [16, 7, 11],
			"faces": {
				"north": {"uv": [12, 10, 13, 11], "texture": "#all", "cullface": "east"},
				"east": {"uv": [5, 9, 13, 11], "texture": "#all", "cullface": "east"},
				"south": {"uv": [5, 9, 6, 11], "texture": "#all", "cullface": "east"},
				"up": {"uv": [8, 9, 7, 10], "texture": "#all", "cullface": "east"},
				"down": {"uv": [5, 10, 13, 11], "rotation": 90, "texture": "#all", "cullface": "east"}
			}
		},
		{
			"from": [14, 8, 5],
			"to": [16, 11, 6],
			"faces": {
				"north": {"uv": [10, 5, 11, 8], "texture": "#all", "cullface": "east"},
				"east": {"uv": [10, 5, 11, 8], "texture": "#all", "cullface": "east"},
				"south": {"uv": [10, 5, 11, 8], "texture": "#all", "cullface": "east"}
			}
		},
		{
			"from": [14, 8, 8],
			"to": [16.01, 12, 11],
			"faces": {
				"north": {"uv": [7, 4, 8, 8], "texture": "#all", "cullface": "east"},
				"east": {"uv": [5, 4, 8, 8], "texture": "#all", "cullface": "east"},
				"south": {"uv": [5, 4, 6, 8], "texture": "#all", "cullface": "east"},
				"up": {"uv": [5, 4, 6, 5], "texture": "#all", "cullface": "east"},
				"down": {"uv": [7, 7, 8, 8], "texture": "#all", "cullface": "east"}
			}
		},
		{
			"from": [14, 11, 4],
			"to": [16, 12, 6],
			"faces": {
				"east": {"uv": [10, 4, 12, 5], "texture": "#all", "cullface": "east"},
				"up": {"uv": [10, 4, 12, 5], "rotation": 270, "texture": "#all", "cullface": "east"},
				"down": {"uv": [10, 4, 12, 5], "rotation": 90, "texture": "#all", "cullface": "east"}
			}
		},
		{
			"from": [14, 9, 6],
			"to": [16, 14, 10],
			"faces": {
				"north": {"uv": [9, 2, 10, 7], "texture": "#all", "cullface": "east"},
				"east": {"uv": [6, 2, 10, 7], "texture": "#all", "cullface": "east"},
				"south": {"uv": [6, 2, 7, 7], "texture": "#all", "cullface": "east"},
				"down": {"uv": [6, 6, 10, 7], "rotation": 90, "texture": "#all", "cullface": "east"}
			}
		},
		{
			"from": [14, 7, 9],
			"to": [16, 10, 13],
			"faces": {
				"north": {"uv": [6, 8, 7, 9], "texture": "#all", "cullface": "east"},
				"east": {"uv": [3, 6, 7, 9], "texture": "#all", "cullface": "east"},
				"up": {"uv": [4, 6, 5, 7], "texture": "#all", "cullface": "east"},
				"down": {"uv": [3, 8, 7, 9], "rotation": 90, "texture": "#all", "cullface": "east"}
			}
		},
		{
			"from": [14, 10, 12],
			"to": [16, 11, 13],
			"faces": {
				"north": {"uv": [3, 5, 4, 6], "texture": "#all", "cullface": "east"},
				"east": {"uv": [3, 5, 4, 6], "texture": "#all", "cullface": "east"},
				"up": {"uv": [4, 5, 3, 6], "texture": "#all", "cullface": "east"}
			}
		},
		{
			"from": [15, 13, 12],
			"to": [16, 16, 16],
			"faces": {
				"north": {"uv": [3, 2, 4, 3], "texture": "#all", "cullface": "east"},
				"east": {"uv": [0, 0, 4, 3], "texture": "#all", "cullface": "east"},
				"down": {"uv": [3, 2, 4, 3], "texture": "#all", "cullface": "east"}
			}
		},
		{
			"from": [15, 3, 0],
			"to": [16, 4, 7],
			"faces": {
				"east": {"uv": [9, 12, 16, 13], "texture": "#all", "cullface": "east"},
				"south": {"uv": [9, 13, 10, 12], "texture": "#all", "cullface": "east"},
				"up": {"uv": [9, 12, 16, 13], "rotation": 270, "texture": "#all", "cullface": "east"},
				"down": {"uv": [9, 12, 10, 13], "rotation": 90, "texture": "#all", "cullface": "east"}
			}
		},
		{
			"from": [9, 0, 0],
			"to": [14, 5, 1],
			"faces": {
				"north": {"uv": [2, 11, 7, 16], "texture": "#all", "cullface": "north"},
				"east": {"uv": [2, 12, 3, 11], "texture": "#all", "cullface": "north"},
				"south": {"uv": [9, 15, 14, 16], "texture": "#all", "cullface": "down"},
				"west": {"uv": [6, 11, 7, 16], "texture": "#all", "cullface": "north"},
				"up": {"uv": [7, 11, 2, 12], "texture": "#all", "cullface": "north"},
				"down": {"uv": [9, 15, 14, 16], "texture": "#all", "cullface": "down"}
			}
		},
		{
			"from": [14, 0, 0],
			"to": [16, 4, 1],
			"faces": {
				"north": {"uv": [0, 12, 2, 16], "texture": "#all", "cullface": "north"},
				"up": {"uv": [1, 12, 2, 13], "texture": "#all", "cullface": "north"}
			}
		},
		{
			"from": [12, 5, 0],
			"to": [15, 6, 2],
			"faces": {
				"north": {"uv": [1, 10, 4, 11], "texture": "#all", "cullface": "north"},
				"west": {"uv": [3, 10, 4, 11], "texture": "#all", "cullface": "north"},
				"up": {"uv": [3, 10, 4, 11], "texture": "#all", "cullface": "north"},
				"down": {"uv": [1, 10, 2, 11], "texture": "#all", "cullface": "north"}
			}
		},
		{
			"from": [4, 4, 0],
			"to": [8, 5, 2],
			"faces": {
				"north": {"uv": [8, 11, 12, 12], "texture": "#all", "cullface": "north"},
				"east": {"uv": [8, 12, 9, 11], "texture": "#all", "cullface": "north"},
				"west": {"uv": [11, 11, 12, 12], "texture": "#all", "cullface": "north"},
				"down": {"uv": [12, 11, 8, 12], "texture": "#all", "cullface": "north"}
			}
		},
		{
			"from": [2, 1, 0],
			"to": [6, 4, 2],
			"faces": {
				"north": {"uv": [10, 12, 14, 15], "texture": "#all", "cullface": "north"},
				"east": {"uv": [10, 12, 11, 15], "texture": "#all", "cullface": "north"},
				"up": {"uv": [14, 12, 10, 13], "texture": "#all", "cullface": "north"}
			}
		},
		{
			"from": [4, 13, 0],
			"to": [5, 14, 2],
			"faces": {
				"north": {"uv": [11, 2, 12, 3], "texture": "#all", "cullface": "north"},
				"east": {"uv": [11, 3, 12, 2], "texture": "#all", "cullface": "north"},
				"down": {"uv": [12, 2, 11, 3], "texture": "#all", "cullface": "north"}
			}
		},
		{
			"from": [3, 10, 0],
			"to": [4, 16, 1],
			"faces": {
				"north": {"uv": [12, 0, 13, 6], "texture": "#all", "cullface": "north"},
				"east": {"uv": [12, 0, 13, 6], "texture": "#all", "cullface": "north"},
				"down": {"uv": [13, 5, 12, 6], "texture": "#all", "cullface": "north"}
			}
		},
		{
			"from": [0, 6, 0],
			"to": [3, 16, 3],
			"faces": {
				"north": {"uv": [13, 0, 16, 10], "texture": "#all", "cullface": "north"},
				"east": {"uv": [13, 0, 14, 10], "texture": "#all", "cullface": "north"},
				"south": {"uv": [2, 0, 3, 10], "texture": "#all", "cullface": "west"},
				"west": {"uv": [0, 0, 3, 10], "texture": "#all", "cullface": "west"},
				"down": {"uv": [14, 9, 13, 10], "texture": "#all", "cullface": "north"}
			}
		},
		{
			"from": [3, 7, 0],
			"to": [8, 8, 2],
			"faces": {
				"north": {"uv": [8, 8, 13, 9], "texture": "#all", "cullface": "north"},
				"east": {"uv": [8, 9, 9, 8], "texture": "#all", "cullface": "north"},
				"up": {"uv": [13, 8, 8, 9], "texture": "#all", "cullface": "north"}
			}
		},
		{
			"from": [3, 5, 0],
			"to": [11, 7, 2],
			"faces": {
				"north": {"uv": [5, 9, 13, 11], "texture": "#all", "cullface": "north"},
				"east": {"uv": [5, 9, 6, 11], "texture": "#all", "cullface": "north"},
				"west": {"uv": [12, 10, 13, 11], "texture": "#all", "cullface": "north"},
				"up": {"uv": [7, 9, 8, 10], "texture": "#all", "cullface": "north"},
				"down": {"uv": [13, 10, 5, 11], "texture": "#all", "cullface": "north"}
			}
		},
		{
			"from": [5, 8, 0],
			"to": [6, 11, 2],
			"faces": {
				"north": {"uv": [10, 5, 11, 8], "texture": "#all", "cullface": "north"},
				"east": {"uv": [10, 5, 11, 8], "texture": "#all", "cullface": "north"},
				"west": {"uv": [10, 5, 11, 8], "texture": "#all", "cullface": "north"}
			}
		},
		{
			"from": [8, 8, -0.01],
			"to": [11, 12, 2],
			"faces": {
				"north": {"uv": [5, 4, 8, 8], "texture": "#all", "cullface": "north"},
				"east": {"uv": [5, 4, 6, 8], "texture": "#all", "cullface": "north"},
				"west": {"uv": [7, 4, 8, 8], "texture": "#all", "cullface": "north"},
				"up": {"uv": [5, 4, 6, 5], "texture": "#all", "cullface": "north"},
				"down": {"uv": [7, 7, 8, 8], "texture": "#all", "cullface": "north"}
			}
		},
		{
			"from": [4, 11, 0],
			"to": [6, 12, 2],
			"faces": {
				"north": {"uv": [10, 4, 12, 5], "texture": "#all", "cullface": "north"},
				"up": {"uv": [12, 4, 10, 5], "texture": "#all", "cullface": "north"},
				"down": {"uv": [12, 4, 10, 5], "texture": "#all", "cullface": "north"}
			}
		},
		{
			"from": [6, 9, 0],
			"to": [10, 14, 2],
			"faces": {
				"north": {"uv": [6, 2, 10, 7], "texture": "#all", "cullface": "north"},
				"east": {"uv": [6, 2, 7, 7], "texture": "#all", "cullface": "north"},
				"west": {"uv": [9, 2, 10, 7], "texture": "#all", "cullface": "north"},
				"down": {"uv": [10, 6, 6, 7], "texture": "#all", "cullface": "north"}
			}
		},
		{
			"from": [9, 7, 0],
			"to": [13, 10, 2],
			"faces": {
				"north": {"uv": [3, 6, 7, 9], "texture": "#all", "cullface": "north"},
				"west": {"uv": [6, 8, 7, 9], "texture": "#all", "cullface": "north"},
				"up": {"uv": [4, 6, 5, 7], "texture": "#all", "cullface": "north"},
				"down": {"uv": [7, 8, 3, 9], "texture": "#all", "cullface": "north"}
			}
		},
		{
			"from": [12, 10, 0],
			"to": [13, 11, 2],
			"faces": {
				"north": {"uv": [3, 5, 4, 6], "texture": "#all", "cullface": "north"},
				"west": {"uv": [3, 5, 4, 6], "texture": "#all", "cullface": "north"},
				"up": {"uv": [3, 5, 4, 6], "texture": "#all", "cullface": "north"}
			}
		},
		{
			"from": [12, 13, 0],
			"to": [16, 16, 1],
			"faces": {
				"north": {"uv": [0, 0, 4, 3], "texture": "#all", "cullface": "north"},
				"west": {"uv": [3, 2, 4, 3], "texture": "#all", "cullface": "north"},
				"down": {"uv": [4, 2, 3, 3], "texture": "#all", "cullface": "north"}
			}
		},
		{
			"from": [6, 3, 0],
			"to": [7, 4, 2],
			"faces": {
				"north": {"uv": [9, 12, 10, 13], "texture": "#all", "cullface": "north"},
				"east": {"uv": [9, 13, 10, 12], "texture": "#all", "cullface": "north"},
				"down": {"uv": [10, 12, 9, 13], "texture": "#all", "cullface": "north"}
			}
		},
		{
			"from": [0, 3, 9],
			"to": [2, 4, 10],
			"faces": {
				"north": {"uv": [9, 13, 10, 12], "texture": "#all", "cullface": "west"},
				"west": {"uv": [9, 12, 10, 13], "texture": "#all", "cullface": "west"},
				"down": {"uv": [10, 12, 9, 13], "rotation": 90, "texture": "#all", "cullface": "west"}
			}
		},
		{
			"from": [0, 1, 2],
			"to": [2, 5, 7],
			"faces": {
				"north": {"uv": [2, 12, 3, 11], "texture": "#all", "cullface": "west"},
				"south": {"uv": [6, 11, 7, 15], "texture": "#all", "cullface": "west"},
				"west": {"uv": [2, 11, 7, 15], "texture": "#all", "cullface": "west"},
				"up": {"uv": [2, 11, 7, 12], "rotation": 90, "texture": "#all", "cullface": "west"}
			}
		},
		{
			"from": [0, 1, 1],
			"to": [2, 4, 2],
			"faces": {
				"west": {"uv": [1, 12, 2, 15], "texture": "#all", "cullface": "west"},
				"up": {"uv": [1, 12, 2, 13], "texture": "#all", "cullface": "west"}
			}
		},
		{
			"from": [0, 5, 1],
			"to": [2, 6, 4],
			"faces": {
				"south": {"uv": [3, 10, 4, 11], "texture": "#all", "cullface": "west"},
				"west": {"uv": [1, 10, 4, 11], "texture": "#all", "cullface": "west"},
				"up": {"uv": [3, 10, 4, 11], "texture": "#all", "cullface": "west"},
				"down": {"uv": [1, 10, 2, 11], "texture": "#all", "cullface": "west"}
			}
		},
		{
			"from": [0, 1, 7],
			"to": [2, 2, 9],
			"faces": {
				"south": {"uv": [8, 14, 9, 15], "texture": "#all", "cullface": "west"},
				"west": {"uv": [7, 14, 9, 15], "texture": "#all", "cullface": "west"},
				"up": {"uv": [9, 14, 7, 15], "rotation": 270, "texture": "#all", "cullface": "west"}
			}
		},
		{
			"from": [0, 4, 8],
			"to": [2, 5, 12],
			"faces": {
				"north": {"uv": [8, 12, 9, 11], "texture": "#all", "cullface": "west"},
				"south": {"uv": [11, 11, 12, 12], "texture": "#all", "cullface": "west"},
				"west": {"uv": [8, 11, 12, 12], "texture": "#all", "cullface": "west"},
				"down": {"uv": [12, 11, 8, 12], "rotation": 90, "texture": "#all", "cullface": "west"}
			}
		},
		{
			"from": [0, 1, 10],
			"to": [2, 4, 14],
			"faces": {
				"north": {"uv": [10, 12, 11, 15], "texture": "#all", "cullface": "west"},
				"west": {"uv": [10, 12, 14, 15], "texture": "#all", "cullface": "west"},
				"up": {"uv": [14, 12, 10, 13], "rotation": 270, "texture": "#all", "cullface": "west"}
			}
		},
		{
			"from": [0, 13, 11],
			"to": [1, 16, 12],
			"faces": {
				"north": {"uv": [11, 3, 12, 2], "texture": "#all", "cullface": "west"},
				"east": {"uv": [0, 11, 1, 12], "texture": "#all", "cullface": "up"},
				"west": {"uv": [11, 0, 12, 3], "texture": "#all", "cullface": "west"},
				"up": {"uv": [0, 11, 1, 12], "texture": "#all", "cullface": "up"},
				"down": {"uv": [11, 2, 12, 3], "texture": "#all", "cullface": "west"}
			}
		},
		{
			"from": [0, 10, 12],
			"to": [2, 16, 13],
			"faces": {
				"north": {"uv": [12, 0, 13, 6], "texture": "#all", "cullface": "west"},
				"west": {"uv": [12, 0, 13, 6], "texture": "#all", "cullface": "west"},
				"down": {"uv": [13, 5, 12, 6], "rotation": 90, "texture": "#all", "cullface": "west"}
			}
		},
		{
			"from": [0, 6, 13],
			"to": [3, 16, 16],
			"faces": {
				"north": {"uv": [13, 0, 14, 10], "texture": "#all", "cullface": "west"},
				"east": {"uv": [2, 0, 3, 10], "texture": "#all", "cullface": "south"},
				"south": {"uv": [0, 0, 3, 10], "texture": "#all", "cullface": "south"},
				"west": {"uv": [13, 0, 16, 10], "texture": "#all", "cullface": "west"},
				"down": {"uv": [14, 9, 13, 10], "rotation": 90, "texture": "#all", "cullface": "west"}
			}
		},
		{
			"from": [0, 7, 8],
			"to": [2, 8, 13],
			"faces": {
				"north": {"uv": [8, 9, 9, 8], "texture": "#all", "cullface": "west"},
				"west": {"uv": [8, 8, 13, 9], "texture": "#all", "cullface": "west"},
				"up": {"uv": [13, 8, 8, 9], "rotation": 270, "texture": "#all", "cullface": "west"}
			}
		},
		{
			"from": [0, 5, 5],
			"to": [2, 7, 13],
			"faces": {
				"north": {"uv": [5, 9, 6, 11], "texture": "#all", "cullface": "west"},
				"south": {"uv": [12, 10, 13, 11], "texture": "#all", "cullface": "west"},
				"west": {"uv": [5, 9, 13, 11], "texture": "#all", "cullface": "west"},
				"up": {"uv": [7, 9, 8, 10], "texture": "#all", "cullface": "west"},
				"down": {"uv": [13, 10, 5, 11], "rotation": 90, "texture": "#all", "cullface": "west"}
			}
		},
		{
			"from": [0, 8, 10],
			"to": [2, 11, 11],
			"faces": {
				"north": {"uv": [10, 5, 11, 8], "texture": "#all", "cullface": "west"},
				"south": {"uv": [10, 5, 11, 8], "texture": "#all", "cullface": "west"},
				"west": {"uv": [10, 5, 11, 8], "texture": "#all", "cullface": "west"}
			}
		},
		{
			"from": [-0.01, 8, 5],
			"to": [2, 12, 8],
			"faces": {
				"north": {"uv": [5, 4, 6, 8], "texture": "#all", "cullface": "west"},
				"south": {"uv": [7, 4, 8, 8], "texture": "#all", "cullface": "west"},
				"west": {"uv": [5, 4, 8, 8], "texture": "#all", "cullface": "west"},
				"up": {"uv": [5, 4, 6, 5], "texture": "#all", "cullface": "west"},
				"down": {"uv": [7, 7, 8, 8], "texture": "#all", "cullface": "west"}
			}
		},
		{
			"from": [0, 11, 10],
			"to": [2, 12, 12],
			"faces": {
				"west": {"uv": [10, 4, 12, 5], "texture": "#all", "cullface": "west"},
				"up": {"uv": [10, 4, 12, 5], "rotation": 90, "texture": "#all", "cullface": "west"},
				"down": {"uv": [10, 4, 12, 5], "rotation": 270, "texture": "#all", "cullface": "west"}
			}
		},
		{
			"from": [0, 9, 6],
			"to": [3, 14, 10],
			"faces": {
				"north": {"uv": [6, 2, 7, 7], "texture": "#all", "cullface": "west"},
				"south": {"uv": [9, 2, 10, 7], "texture": "#all", "cullface": "west"},
				"west": {"uv": [6, 2, 10, 7], "texture": "#all", "cullface": "west"},
				"down": {"uv": [6, 6, 10, 7], "rotation": 270, "texture": "#all", "cullface": "west"}
			}
		},
		{
			"from": [0, 7, 3],
			"to": [2, 10, 7],
			"faces": {
				"south": {"uv": [6, 8, 7, 9], "texture": "#all", "cullface": "west"},
				"west": {"uv": [3, 6, 7, 9], "texture": "#all", "cullface": "west"},
				"up": {"uv": [4, 6, 5, 7], "texture": "#all", "cullface": "west"},
				"down": {"uv": [3, 8, 7, 9], "rotation": 270, "texture": "#all", "cullface": "west"}
			}
		},
		{
			"from": [0, 10, 3],
			"to": [2, 11, 4],
			"faces": {
				"south": {"uv": [3, 5, 4, 6], "texture": "#all", "cullface": "west"},
				"west": {"uv": [3, 5, 4, 6], "texture": "#all", "cullface": "west"},
				"up": {"uv": [3, 5, 4, 6], "texture": "#all", "cullface": "west"}
			}
		},
		{
			"from": [0, 13, 3],
			"to": [2, 14, 4],
			"faces": {
				"south": {"uv": [3, 2, 4, 3], "texture": "#all", "cullface": "west"},
				"west": {"uv": [3, 2, 4, 3], "texture": "#all", "cullface": "west"},
				"down": {"uv": [4, 2, 3, 3], "texture": "#all", "cullface": "west"}
			}
		},
		{
			"from": [9, 0, 3],
			"to": [10, 2, 4],
			"faces": {
				"north": {"uv": [10, 12, 9, 13], "texture": "#all", "cullface": "down"},
				"west": {"uv": [9, 13, 10, 12], "rotation": 90, "texture": "#all", "cullface": "down"},
				"down": {"uv": [9, 12, 10, 13], "texture": "#all", "cullface": "down"}
			}
		},
		{
			"from": [3, 0, 13],
			"to": [4, 2, 14],
			"faces": {
				"north": {"uv": [4, 2, 3, 3], "texture": "#all", "cullface": "down"},
				"east": {"uv": [3, 2, 4, 3], "rotation": 270, "texture": "#all", "cullface": "down"},
				"down": {"uv": [3, 2, 4, 3], "texture": "#all", "cullface": "down"}
			}
		},
		{
			"from": [3, 0, 10],
			"to": [4, 2, 11],
			"faces": {
				"east": {"uv": [3, 5, 4, 6], "rotation": 270, "texture": "#all", "cullface": "down"},
				"south": {"uv": [4, 5, 3, 6], "texture": "#all", "cullface": "down"},
				"down": {"uv": [3, 5, 4, 6], "texture": "#all", "cullface": "down"}
			}
		},
		{
			"from": [3, 0, 7],
			"to": [7, 2, 10],
			"faces": {
				"north": {"uv": [7, 8, 3, 9], "texture": "#all", "cullface": "down"},
				"east": {"uv": [6, 8, 7, 9], "texture": "#all", "cullface": "down"},
				"south": {"uv": [3, 6, 7, 7], "texture": "#all", "cullface": "down"},
				"down": {"uv": [3, 6, 7, 9], "texture": "#all", "cullface": "down"}
			}
		},
		{
			"from": [6, 0, 9],
			"to": [10, 2, 14],
			"faces": {
				"north": {"uv": [6, 6, 10, 7], "texture": "#all", "cullface": "down"},
				"east": {"uv": [9, 2, 10, 7], "rotation": 270, "texture": "#all", "cullface": "down"},
				"west": {"uv": [6, 2, 7, 7], "rotation": 90, "texture": "#all", "cullface": "down"},
				"down": {"uv": [6, 2, 10, 7], "texture": "#all", "cullface": "down"}
			}
		},
		{
			"from": [10, 0, 11],
			"to": [12, 2, 12],
			"faces": {
				"north": {"uv": [10, 4, 12, 5], "texture": "#all", "cullface": "down"},
				"south": {"uv": [10, 4, 12, 5], "texture": "#all", "cullface": "down"},
				"down": {"uv": [10, 4, 12, 5], "texture": "#all", "cullface": "down"}
			}
		},
		{
			"from": [5, -0.01, 8],
			"to": [8, 2, 12],
			"faces": {
				"north": {"uv": [7, 7, 8, 8], "texture": "#all", "cullface": "down"},
				"east": {"uv": [7, 4, 8, 8], "rotation": 270, "texture": "#all", "cullface": "down"},
				"south": {"uv": [5, 4, 6, 5], "texture": "#all", "cullface": "down"},
				"west": {"uv": [5, 4, 6, 8], "rotation": 90, "texture": "#all", "cullface": "down"},
				"down": {"uv": [5, 4, 8, 8], "texture": "#all", "cullface": "down"}
			}
		},
		{
			"from": [10, 0, 8],
			"to": [11, 2, 11],
			"faces": {
				"east": {"uv": [10, 5, 11, 8], "rotation": 270, "texture": "#all", "cullface": "down"},
				"west": {"uv": [10, 5, 11, 8], "rotation": 90, "texture": "#all", "cullface": "down"},
				"down": {"uv": [10, 5, 11, 8], "texture": "#all", "cullface": "down"}
			}
		},
		{
			"from": [5, 0, 5],
			"to": [13, 2, 7],
			"faces": {
				"north": {"uv": [13, 10, 5, 11], "texture": "#all", "cullface": "down"},
				"east": {"uv": [12, 10, 13, 11], "rotation": 270, "texture": "#all", "cullface": "down"},
				"south": {"uv": [8, 9, 7, 10], "texture": "#all", "cullface": "down"},
				"west": {"uv": [5, 9, 6, 11], "rotation": 90, "texture": "#all", "cullface": "down"},
				"down": {"uv": [5, 9, 13, 11], "texture": "#all", "cullface": "down"}
			}
		},
		{
			"from": [8, 0, 7],
			"to": [13, 2, 8],
			"faces": {
				"south": {"uv": [8, 8, 13, 9], "texture": "#all", "cullface": "down"},
				"west": {"uv": [8, 9, 9, 8], "rotation": 90, "texture": "#all", "cullface": "down"},
				"down": {"uv": [8, 8, 13, 9], "texture": "#all", "cullface": "down"}
			}
		},
		{
			"from": [13, 0, 6],
			"to": [16, 1, 14],
			"faces": {
				"north": {"uv": [14, 9, 13, 10], "texture": "#all", "cullface": "down"},
				"east": {"uv": [2, 15, 10, 16], "texture": "#all", "cullface": "east"},
				"west": {"uv": [13, 2, 14, 10], "rotation": 90, "texture": "#all", "cullface": "down"},
				"up": {"uv": [10, 15, 2, 16], "rotation": 90, "texture": "#all", "cullface": "east"},
				"down": {"uv": [13, 2, 16, 10], "texture": "#all", "cullface": "down"}
			}
		},
		{
			"from": [12, 0, 10],
			"to": [13, 2, 14],
			"faces": {
				"north": {"uv": [13, 5, 12, 6], "texture": "#all", "cullface": "down"},
				"west": {"uv": [12, 2, 13, 6], "rotation": 90, "texture": "#all", "cullface": "down"},
				"down": {"uv": [12, 2, 13, 6], "texture": "#all", "cullface": "down"}
			}
		},
		{
			"from": [11, 0, 13],
			"to": [12, 2, 14],
			"faces": {
				"north": {"uv": [12, 2, 11, 3], "texture": "#all", "cullface": "down"},
				"west": {"uv": [11, 3, 12, 2], "rotation": 90, "texture": "#all", "cullface": "down"},
				"down": {"uv": [11, 2, 12, 3], "texture": "#all", "cullface": "down"}
			}
		},
		{
			"from": [10, 0, 1],
			"to": [14, 2, 4],
			"faces": {
				"south": {"uv": [10, 12, 14, 13], "texture": "#all", "cullface": "down"},
				"west": {"uv": [10, 12, 11, 15], "rotation": 90, "texture": "#all", "cullface": "down"},
				"down": {"uv": [10, 12, 14, 15], "texture": "#all", "cullface": "down"}
			}
		},
		{
			"from": [8, 0, 4],
			"to": [12, 2, 5],
			"faces": {
				"north": {"uv": [12, 11, 8, 12], "texture": "#all", "cullface": "down"},
				"east": {"uv": [11, 11, 12, 12], "rotation": 270, "texture": "#all", "cullface": "down"},
				"west": {"uv": [8, 12, 9, 11], "rotation": 90, "texture": "#all", "cullface": "down"},
				"down": {"uv": [8, 11, 12, 12], "texture": "#all", "cullface": "down"}
			}
		},
		{
			"from": [7, 0, 0],
			"to": [9, 2, 2],
			"faces": {
				"north": {"uv": [7, 14, 9, 16], "texture": "#all", "cullface": "north"},
				"east": {"uv": [8, 14, 9, 15], "rotation": 270, "texture": "#all", "cullface": "down"},
				"south": {"uv": [7, 14, 9, 15], "texture": "#all", "cullface": "down"},
				"west": {"uv": [8, 14, 9, 16], "texture": "#all", "cullface": "north"},
				"up": {"uv": [9, 14, 7, 15], "texture": "#all", "cullface": "north"},
				"down": {"uv": [7, 14, 9, 16], "texture": "#all", "cullface": "down"}
			}
		},
		{
			"from": [3, 0, 5],
			"to": [4, 2, 6],
			"faces": {
				"east": {"uv": [3, 10, 4, 11], "rotation": 270, "texture": "#all", "cullface": "down"},
				"south": {"uv": [4, 10, 3, 11], "texture": "#all", "cullface": "down"},
				"down": {"uv": [3, 10, 4, 11], "texture": "#all", "cullface": "down"}
			}
		},
		{
			"from": [1, 0, 0],
			"to": [2, 1, 4],
			"faces": {
				"south": {"uv": [2, 12, 1, 13], "texture": "#all", "cullface": "down"},
				"down": {"uv": [1, 12, 2, 16], "texture": "#all", "cullface": "down"}
			}
		},
		{
			"from": [2, 0, 0],
			"to": [7, 1, 5],
			"faces": {
				"north": {"uv": [9, 15, 14, 16], "texture": "#all", "cullface": "north"},
				"east": {"uv": [6, 11, 7, 16], "rotation": 270, "texture": "#all", "cullface": "down"},
				"south": {"uv": [2, 11, 7, 12], "texture": "#all", "cullface": "down"},
				"west": {"uv": [2, 12, 3, 11], "rotation": 90, "texture": "#all", "cullface": "down"},
				"up": {"uv": [14, 15, 9, 16], "texture": "#all", "cullface": "north"},
				"down": {"uv": [2, 11, 7, 16], "texture": "#all", "cullface": "down"}
			}
		},
		{
			"from": [1, 0, 5],
			"to": [3, 2, 14],
			"faces": {
				"north": {"uv": [3, 10, 1, 11], "texture": "#all", "cullface": "down"},
				"east": {"uv": [2, 2, 3, 11], "rotation": 270, "texture": "#all", "cullface": "down"},
				"down": {"uv": [1, 2, 3, 11], "texture": "#all", "cullface": "down"}
			}
		}
	]
}