{
	"credit": "Made with The_Wild_Thomas (Discord : thomas0535)",
	"ambientocclusion": false,
	"textures": {
		"0": "block/doors/oak_door_top",
		"particle": "block/doors/oak_door_top"
	},
	"elements": [
		{
			"from": [0.5, 0, 2],
			"to": [3.5, 3, 14],
			"rotation": {"angle": 0, "axis": "y", "origin": [2, 0, 0]},
			"faces": {
				"east": {"uv": [2, 13, 14, 16], "texture": "#0"},
				"west": {"uv": [14, 13, 2, 16], "texture": "#0"}
			}
		},
		{
			"from": [0, 3, 2],
			"to": [4, 5, 7],
			"rotation": {"angle": 0, "axis": "y", "origin": [2, 0, 0]},
			"faces": {
				"east": {"uv": [5, 12, 10, 14], "texture": "#0"},
				"west": {"uv": [8, 11, 13, 13], "texture": "#0"},
				"up": {"uv": [2, 11, 6, 16], "texture": "#0"},
				"down": {"uv": [7, 11, 11, 16], "texture": "#0"}
			}
		},
		{
			"from": [0, 0, 7],
			"to": [4, 14, 9],
			"rotation": {"angle": 0, "axis": "y", "origin": [2, 0, 0]},
			"faces": {
				"north": {"uv": [2, 16, 16, 12], "rotation": 90, "texture": "#0"},
				"east": {"uv": [7, 2, 9, 16], "texture": "#0"},
				"south": {"uv": [2, 16, 16, 12], "rotation": 90, "texture": "#0"},
				"west": {"uv": [7, 2, 9, 16], "texture": "#0"}
			}
		},
		{
			"from": [2, 14, 0],
			"to": [4, 16, 16],
			"rotation": {"angle": 0, "axis": "y", "origin": [2, 0, 0]},
			"faces": {
				"north": {"uv": [2, 0, 4, 2], "texture": "#0"},
				"east": {"uv": [0, 0, 16, 2], "texture": "#0"},
				"south": {"uv": [3, 11, 5, 13], "texture": "#0"},
				"west": {"uv": [0, 0, 16, 2], "texture": "#0"},
				"up": {"uv": [0, 11, 16, 13], "rotation": 90, "texture": "#0"},
				"down": {"uv": [7, 16, 9, 0], "texture": "#0"}
			}
		},
		{
			"from": [0, 14, 0],
			"to": [2, 16, 16],
			"rotation": {"angle": 0, "axis": "y", "origin": [2, 0, 0]},
			"faces": {
				"north": {"uv": [0, 0, 2, 2], "texture": "#0"},
				"east": {"uv": [0, 0, 16, 2], "texture": "#0"},
				"south": {"uv": [16, 11, 14, 13], "rotation": 270, "texture": "#0"},
				"west": {"uv": [0, 12, 16, 14], "texture": "#0"},
				"up": {"uv": [7, 0, 9, 16], "texture": "#0"},
				"down": {"uv": [16, 16, 14, 0], "texture": "#0"}
			}
		},
		{
			"from": [0, 8, 9],
			"to": [4, 10, 14],
			"rotation": {"angle": 0, "axis": "y", "origin": [2, 0, 0]},
			"faces": {
				"east": {"uv": [2, 6, 7, 8], "texture": "#0"},
				"west": {"uv": [3, 6, 8, 8], "texture": "#0"},
				"up": {"uv": [2, 11, 7, 15], "rotation": 270, "texture": "#0"},
				"down": {"uv": [7, 11, 11, 16], "texture": "#0"}
			}
		},
		{
			"from": [0, 3, 9],
			"to": [4, 5, 14],
			"rotation": {"angle": 0, "axis": "y", "origin": [2, 0, 0]},
			"faces": {
				"east": {"uv": [9, 11, 14, 13], "texture": "#0"},
				"west": {"uv": [1, 11, 6, 13], "texture": "#0"},
				"up": {"uv": [7, 11, 11, 16], "texture": "#0"},
				"down": {"uv": [1, 11, 5, 16], "texture": "#0"}
			}
		},
		{
			"from": [0, 8, 2],
			"to": [4, 10, 7],
			"rotation": {"angle": 0, "axis": "y", "origin": [2, 0, 0]},
			"faces": {
				"east": {"uv": [9, 6, 14, 8], "texture": "#0"},
				"west": {"uv": [8, 6, 13, 8], "texture": "#0"},
				"up": {"uv": [5, 11, 9, 16], "rotation": 180, "texture": "#0"},
				"down": {"uv": [5, 11, 9, 16], "rotation": 180, "texture": "#0"}
			}
		},
		{
			"from": [0, 0, 14],
			"to": [2, 14, 16],
			"rotation": {"angle": 0, "axis": "y", "origin": [2, 0, 0]},
			"faces": {
				"north": {"uv": [14, 13, 0, 11], "rotation": 90, "texture": "#0"},
				"south": {"uv": [0, 2, 2, 16], "texture": "#0"},
				"west": {"uv": [2, 2, 0, 16], "texture": "#0"}
			}
		},
		{
			"from": [2, 0, 14],
			"to": [4, 14, 16],
			"rotation": {"angle": 0, "axis": "y", "origin": [2, 0, 0]},
			"faces": {
				"north": {"uv": [0, 12, 14, 14], "rotation": 90, "texture": "#0"},
				"east": {"uv": [7, 2, 9, 16], "texture": "#0"},
				"south": {"uv": [1, 11, 15, 13], "rotation": 90, "texture": "#0"}
			}
		},
		{
			"from": [2, 0, 0],
			"to": [4, 14, 2],
			"rotation": {"angle": 0, "axis": "y", "origin": [2, 0, 0]},
			"faces": {
				"north": {"uv": [7, 2, 9, 16], "texture": "#0"},
				"east": {"uv": [14, 0, 16, 14], "texture": "#0"},
				"south": {"uv": [0, 11, 14, 13], "rotation": 90, "texture": "#0"}
			}
		},
		{
			"from": [0, 0, 0],
			"to": [2, 14, 2],
			"rotation": {"angle": 0, "axis": "y", "origin": [2, 0, 0]},
			"faces": {
				"north": {"uv": [16, 12, 2, 14], "rotation": 90, "texture": "#0"},
				"south": {"uv": [2, 12, 16, 14], "rotation": 90, "texture": "#0"},
				"west": {"uv": [14, 0, 16, 14], "texture": "#0"}
			}
		},
		{
			"from": [3.25, 0, 4],
			"to": [4.25, 1, 5],
			"rotation": {"angle": 0, "axis": "y", "origin": [2, 0, 0]},
			"faces": {
				"north": {"uv": [13, 14, 14, 15], "texture": "#0"},
				"east": {"uv": [11, 15, 12, 16], "texture": "#0"},
				"south": {"uv": [11, 14, 12, 15], "texture": "#0"}
			}
		},
		{
			"from": [3.25, 1, 2],
			"to": [4.25, 2, 5],
			"rotation": {"angle": 0, "axis": "y", "origin": [2, 0, 0]},
			"faces": {
				"north": {"uv": [11, 15, 12, 16], "texture": "#0"},
				"east": {"uv": [11, 14, 14, 15], "texture": "#0"},
				"south": {"uv": [12, 14, 13, 15], "texture": "#0"},
				"up": {"uv": [14, 14, 11, 15], "rotation": 270, "texture": "#0"},
				"down": {"uv": [14, 15, 11, 14], "rotation": 270, "texture": "#0"}
			}
		},
		{
			"from": [-0.25, 0, 4],
			"to": [0.75, 1, 5],
			"rotation": {"angle": 0, "axis": "y", "origin": [2, 0, 0]},
			"faces": {
				"north": {"uv": [13, 14, 14, 15], "texture": "#0"},
				"south": {"uv": [11, 14, 12, 15], "texture": "#0"},
				"west": {"uv": [12, 14, 13, 15], "texture": "#0"}
			}
		},
		{
			"from": [-0.25, 1, 2],
			"to": [0.75, 2, 5],
			"rotation": {"angle": 0, "axis": "y", "origin": [2, 0, 0]},
			"faces": {
				"north": {"uv": [11, 15, 12, 16], "texture": "#0"},
				"south": {"uv": [12, 14, 13, 15], "texture": "#0"},
				"west": {"uv": [11, 14, 14, 15], "texture": "#0"},
				"up": {"uv": [14, 14, 11, 15], "rotation": 270, "texture": "#0"},
				"down": {"uv": [14, 15, 11, 14], "rotation": 270, "texture": "#0"}
			}
		}
	],
	"groups": [
		{
			"name": "door_top_left",
			"origin": [8, 8, 8],
			"color": 0,
			"children": []
		},
		0,
		1,
		2,
		3,
		4,
		5,
		6,
		7,
		8,
		9,
		10,
		11,
		12,
		13,
		14,
		15
	]
}