{
	"credit": "Made by awildthomas",
	"ambientocclusion": false,
	"textures": {
		"0": "block/oak_trapdoor1",
		"1": "block/oak_trapdoor2",
		"particle": "block/oak_trapdoor"
	},
	"elements": [
		{
			"from": [13, 0, 13],
			"to": [16, 16, 16],
			"faces": {
				"north": {"uv": [16, 0, 13, 16], "texture": "#particle"},
				"east": {"uv": [13, 0, 16, 16], "texture": "#1", "cullface": "east"},
				"south": {"uv": [13, 0, 16, 16], "texture": "#particle", "cullface": "south"},
				"west": {"uv": [13, 0, 16, 16], "texture": "#0"},
				"up": {"uv": [13, 0, 16, 3], "texture": "#0", "cullface": "up"},
				"down": {"uv": [13, 13, 16, 16], "texture": "#0", "cullface": "down"}
			}
		},
		{
			"from": [0, 0, 13],
			"to": [3, 16, 16],
			"faces": {
				"north": {"uv": [3, 0, 0, 16], "texture": "#particle"},
				"east": {"uv": [0, 0, 3, 16], "texture": "#0"},
				"south": {"uv": [0, 0, 3, 16], "texture": "#particle", "cullface": "south"},
				"west": {"uv": [0, 0, 3, 16], "texture": "#1", "cullface": "west"},
				"up": {"uv": [0, 0, 3, 3], "texture": "#0", "cullface": "up"},
				"down": {"uv": [0, 13, 3, 16], "texture": "#0", "cullface": "down"}
			}
		},
		{
			"from": [3, 0, 13],
			"to": [13, 3, 16],
			"faces": {
				"north": {"uv": [13, 13, 3, 16], "texture": "#particle"},
				"east": {"uv": [0, 0, 3, 16], "texture": "#0"},
				"south": {"uv": [3, 13, 13, 16], "texture": "#particle", "cullface": "south"},
				"west": {"uv": [0, 16, 3, 0], "rotation": 180, "texture": "#1"},
				"up": {"uv": [3, 13, 13, 16], "texture": "#1"},
				"down": {"uv": [3, 13, 13, 16], "texture": "#0", "cullface": "down"}
			}
		},
		{
			"from": [3, 13, 13],
			"to": [13, 16, 16],
			"faces": {
				"north": {"uv": [13, 0, 3, 3], "texture": "#particle"},
				"east": {"uv": [0, 0, 3, 16], "texture": "#0"},
				"south": {"uv": [3, 0, 13, 3], "texture": "#particle", "cullface": "south"},
				"west": {"uv": [0, 16, 3, 0], "rotation": 180, "texture": "#1"},
				"up": {"uv": [3, 0, 13, 3], "texture": "#0", "cullface": "up"},
				"down": {"uv": [3, 0, 13, 3], "texture": "#1"}
			}
		},
		{
			"from": [10, 6, 13],
			"to": [13, 10, 16],
			"faces": {
				"north": {"uv": [13, 6, 10, 10], "texture": "#particle"},
				"south": {"uv": [10, 6, 13, 10], "texture": "#particle", "cullface": "south"},
				"up": {"uv": [10, 5, 13, 8], "texture": "#0"},
				"down": {"uv": [10, 8, 13, 11], "texture": "#0"}
			}
		},
		{
			"from": [3, 6, 13],
			"to": [6, 10, 16],
			"faces": {
				"north": {"uv": [6, 6, 3, 10], "texture": "#particle"},
				"south": {"uv": [3, 6, 6, 10], "texture": "#particle", "cullface": "south"},
				"up": {"uv": [3, 5, 6, 8], "texture": "#0"},
				"down": {"uv": [3, 8, 6, 11], "texture": "#0"}
			}
		},
		{
			"from": [6, 3, 13],
			"to": [10, 13, 16],
			"faces": {
				"north": {"uv": [10, 3, 6, 13], "texture": "#particle"},
				"east": {"uv": [8, 3, 11, 13], "texture": "#1"},
				"south": {"uv": [6, 3, 10, 13], "texture": "#particle", "cullface": "south"},
				"west": {"uv": [5, 3, 8, 13], "texture": "#1"}
			}
		}
	]
}