{
	"credit": "Made with The_Wild_Thomas (Discord : thomas0535)",
	"parent": "minecraft:block/door_top_left",
	"ambientocclusion": false,
	"textures": {
		"0": "block/doors/oak_door_bottom",
		"particle": "block/doors/oak_door_bottom"
	},
	"elements": [
		{
			"from": [0.5, 0, 2],
			"to": [3.5, 16, 14],
			"rotation": {"angle": 0, "axis": "y", "origin": [2, 7.75, 8]},
			"faces": {
				"east": {"uv": [14, 0, 2, 16], "texture": "#0"},
				"west": {"uv": [2, 0, 14, 16], "texture": "#0", "cullface": "west"},
				"down": {"uv": [14, 11.5, 2, 14.5], "rotation": 90, "texture": "#0", "cullface": "down"}
			}
		},
		{
			"from": [0, 3, 7],
			"to": [4, 16, 9],
			"rotation": {"angle": 0, "axis": "y", "origin": [2, 7.75, 8]},
			"faces": {
				"north": {"uv": [3, 0, 7, 13], "texture": "#0"},
				"east": {"uv": [7, 0, 9, 13], "texture": "#0"},
				"south": {"uv": [4, 0, 8, 13], "texture": "#0"},
				"west": {"uv": [7, 0, 9, 13], "texture": "#0"}
			}
		},
		{
			"from": [0, 0, 0],
			"to": [4, 16, 2],
			"rotation": {"angle": 0, "axis": "y", "origin": [2, 7.75, 8]},
			"faces": {
				"north": {"uv": [0, 0, 4, 16], "texture": "#0"},
				"east": {"uv": [2, 0, 0, 16], "texture": "#0"},
				"south": {"uv": [4, 0, 8, 16], "texture": "#0"},
				"west": {"uv": [0, 15, 16, 13], "rotation": 90, "texture": "#0"},
				"down": {"uv": [0, 0, 4, 2], "texture": "#0"}
			}
		},
		{
			"from": [0, 0, 14],
			"to": [4, 16, 16],
			"rotation": {"angle": 0, "axis": "y", "origin": [2, 7.75, 8]},
			"faces": {
				"north": {"uv": [4, 0, 8, 16], "texture": "#0"},
				"east": {"uv": [14, 0, 16, 16], "texture": "#0"},
				"south": {"uv": [8, 0, 12, 16], "texture": "#0"},
				"west": {"uv": [15, 0, 13, 16], "texture": "#0"},
				"down": {"uv": [0, 0, 4, 2], "texture": "#0"}
			}
		},
		{
			"from": [3.5, 0, 2],
			"to": [4, 3, 14],
			"rotation": {"angle": 0, "axis": "y", "origin": [2, 7.75, 8]},
			"faces": {
				"east": {"uv": [2, 13, 14, 16], "texture": "#0"},
				"up": {"uv": [10, 4, 10.5, 16], "texture": "#0"},
				"down": {"uv": [2, 11, 14, 11.5], "rotation": 270, "texture": "#0"}
			}
		},
		{
			"from": [3.5, 7, 9],
			"to": [4, 9, 14],
			"rotation": {"angle": 0, "axis": "y", "origin": [2, 7.75, 8]},
			"faces": {
				"east": {"uv": [2, 7, 7, 9], "texture": "#0"},
				"up": {"uv": [6, 5, 6.75, 10], "texture": "#0"},
				"down": {"uv": [4, 2, 4.75, 7], "texture": "#0"}
			}
		},
		{
			"from": [3.5, 13, 2],
			"to": [4, 15, 7],
			"rotation": {"angle": 0, "axis": "y", "origin": [2, 7.75, 8]},
			"faces": {
				"east": {"uv": [10, 1, 15, 3], "texture": "#0"},
				"up": {"uv": [10, 0, 10.75, 5], "texture": "#0"},
				"down": {"uv": [12, 0, 12.75, 5], "texture": "#0"}
			}
		},
		{
			"from": [0, 0, 2],
			"to": [0.5, 3, 14],
			"rotation": {"angle": 0, "axis": "y", "origin": [2, 7.75, 8]},
			"faces": {
				"west": {"uv": [2, 13, 7, 16], "texture": "#0"},
				"up": {"uv": [6, 4, 6.5, 16], "rotation": 180, "texture": "#0"},
				"down": {"uv": [2, 14.5, 14, 15], "rotation": 270, "texture": "#0"}
			}
		},
		{
			"from": [0, 7, 9],
			"to": [0.5, 9, 14],
			"rotation": {"angle": 0, "axis": "y", "origin": [2, 7.75, 8]},
			"faces": {
				"west": {"uv": [9, 7, 14, 9], "texture": "#0"},
				"up": {"uv": [10, 5, 10.75, 10], "rotation": 180, "texture": "#0"},
				"down": {"uv": [12, 2, 12.75, 7], "rotation": 180, "texture": "#0"}
			}
		},
		{
			"from": [0, 7, 2],
			"to": [0.5, 9, 7],
			"rotation": {"angle": 0, "axis": "y", "origin": [2, 7.75, 8]},
			"faces": {
				"west": {"uv": [2, 7, 7, 9], "texture": "#0"},
				"up": {"uv": [6, 5, 6.75, 10], "rotation": 180, "texture": "#0"},
				"down": {"uv": [4, 2, 4.75, 7], "rotation": 180, "texture": "#0"}
			}
		},
		{
			"from": [0, 13, 2],
			"to": [0.5, 15, 7],
			"rotation": {"angle": 0, "axis": "y", "origin": [2, 7.75, 8]},
			"faces": {
				"west": {"uv": [2, 1, 7, 3], "texture": "#0"},
				"up": {"uv": [15, 0.75, 10, 0], "rotation": 270, "texture": "#0"},
				"down": {"uv": [4, 0, 4.75, 5], "rotation": 180, "texture": "#0"}
			}
		},
		{
			"from": [0, 13, 9],
			"to": [0.5, 15, 14],
			"rotation": {"angle": 0, "axis": "y", "origin": [2, 7.75, 8]},
			"faces": {
				"west": {"uv": [10, 1, 15, 3], "texture": "#0"},
				"up": {"uv": [10, 0, 10.75, 5], "rotation": 180, "texture": "#0"},
				"down": {"uv": [12, 0, 12.75, 5], "rotation": 180, "texture": "#0"}
			}
		},
		{
			"from": [3.5, 13, 9],
			"to": [4, 15, 14],
			"rotation": {"angle": 0, "axis": "y", "origin": [2, 7.75, 8]},
			"faces": {
				"east": {"uv": [2, 1, 7, 3], "texture": "#0"},
				"up": {"uv": [15, 0.75, 10, 0], "rotation": 90, "texture": "#0"},
				"down": {"uv": [4, 0, 4.75, 5], "texture": "#0"}
			}
		},
		{
			"from": [3.5, 7, 2],
			"to": [4, 9, 7],
			"rotation": {"angle": 0, "axis": "y", "origin": [2, 7.75, 8]},
			"faces": {
				"east": {"uv": [9, 7, 14, 9], "texture": "#0"},
				"up": {"uv": [10, 5, 10.75, 10], "texture": "#0"},
				"down": {"uv": [12, 2, 12.75, 7], "texture": "#0"}
			}
		}
	],
	"groups": [
		{
			"name": "door_bottom_left",
			"origin": [8, 8, 8],
			"color": 0,
			"children": []
		},
		0,
		1,
		2,
		3,
		4,
		5,
		6,
		7,
		8,
		9,
		10,
		11,
		12,
		13
	]
}