{
	"credit": "Made by awildthomas",
	"textures": {
		"0": "block/observer_back",
		"2": "block/observer_front",
		"3": "block/observer_side",
		"4": "block/observer_top",
		"particle": "block/observer_side"
	},
	"elements": [
		{
			"name": "base",
			"from": [0, 0, 1],
			"to": [16, 16, 15],
			"faces": {
				"north": {"uv": [0, 0, 16, 16], "texture": "#2", "cullface": "north"},
				"east": {"uv": [1, 0, 15, 16], "texture": "#3", "cullface": "east"},
				"south": {"uv": [0, 0, 16, 16], "texture": "#0", "cullface": "south"},
				"west": {"uv": [1, 0, 15, 16], "texture": "#3", "cullface": "west"},
				"up": {"uv": [0, 1, 16, 15], "texture": "#4", "cullface": "up"},
				"down": {"uv": [0, 1, 16, 15], "texture": "#4", "cullface": "down"}
			}
		},
		{
			"from": [0, 0, 0],
			"to": [16, 3, 1],
			"faces": {
				"north": {"uv": [0, 13, 16, 16], "texture": "#2", "cullface": "north"},
				"east": {"uv": [15, 13, 16, 16], "texture": "#3", "cullface": "east"},
				"west": {"uv": [0, 13, 1, 16], "texture": "#3", "cullface": "west"},
				"up": {"uv": [0, 13, 16, 14], "texture": "#2", "cullface": "north"},
				"down": {"uv": [0, 15, 16, 16], "texture": "#4", "cullface": "down"}
			}
		},
		{
			"from": [0, 3, 0],
			"to": [7, 5, 1],
			"rotation": {"angle": 0, "axis": "y", "origin": [8, 11, 8]},
			"faces": {
				"north": {"uv": [9, 11, 16, 13], "texture": "#2", "cullface": "north"},
				"east": {"uv": [9, 11, 10, 13], "texture": "#2", "cullface": "north"},
				"west": {"uv": [0, 11, 1, 13], "texture": "#3", "cullface": "west"},
				"up": {"uv": [0, 11, 7, 12], "texture": "#2", "cullface": "north"}
			}
		},
		{
			"from": [9, 3, 0],
			"to": [16, 5, 1],
			"rotation": {"angle": 0, "axis": "y", "origin": [17, 11, 8]},
			"faces": {
				"north": {"uv": [0, 11, 7, 13], "texture": "#2", "cullface": "north"},
				"east": {"uv": [15, 11, 16, 13], "texture": "#3", "cullface": "east"},
				"west": {"uv": [6, 11, 7, 13], "texture": "#2", "cullface": "north"},
				"up": {"uv": [0, 11, 7, 12], "texture": "#2", "cullface": "north"}
			}
		},
		{
			"from": [6, 5, 0],
			"to": [10, 16, 1],
			"rotation": {"angle": 0, "axis": "y", "origin": [15, 12, 8]},
			"faces": {
				"north": {"uv": [6, 0, 10, 11], "texture": "#2", "cullface": "north"},
				"up": {"uv": [6, 0, 10, 1], "texture": "#4", "cullface": "up"}
			}
		},
		{
			"from": [0, 5, 0],
			"to": [3, 16, 1],
			"rotation": {"angle": 0, "axis": "y", "origin": [8, 13, 8]},
			"faces": {
				"north": {"uv": [13, 0, 16, 11], "texture": "#2", "cullface": "north"},
				"east": {"uv": [5, 0, 6, 11], "texture": "#2", "cullface": "north"},
				"west": {"uv": [0, 0, 1, 11], "texture": "#3", "cullface": "west"},
				"up": {"uv": [0, 0, 3, 1], "texture": "#4", "cullface": "up"}
			}
		},
		{
			"from": [13, 5, 0],
			"to": [16, 16, 1],
			"rotation": {"angle": 0, "axis": "y", "origin": [21, 13, 8]},
			"faces": {
				"north": {"uv": [0, 0, 3, 11], "texture": "#2", "cullface": "north"},
				"east": {"uv": [15, 0, 16, 11], "texture": "#3", "cullface": "east"},
				"west": {"uv": [2, 0, 3, 11], "texture": "#2", "cullface": "north"},
				"up": {"uv": [13, 0, 16, 1], "texture": "#4", "cullface": "up"}
			}
		},
		{
			"from": [7, 4, 0],
			"to": [9, 5, 1],
			"rotation": {"angle": 0, "axis": "y", "origin": [15, 12, 8]},
			"faces": {
				"north": {"uv": [7, 11, 9, 12], "texture": "#2", "cullface": "north"},
				"down": {"uv": [7, 11, 9, 12], "texture": "#2", "cullface": "north"}
			}
		},
		{
			"from": [5, 5, 0],
			"to": [6, 16, 1],
			"rotation": {"angle": 0, "axis": "y", "origin": [13, 13, 8]},
			"faces": {
				"north": {"uv": [10, 0, 11, 11], "texture": "#2", "cullface": "north"},
				"west": {"uv": [2, 0, 3, 11], "texture": "#2", "cullface": "north"},
				"up": {"uv": [5, 0, 6, 1], "texture": "#4", "cullface": "up"}
			}
		},
		{
			"from": [10, 5, 0],
			"to": [11, 16, 1],
			"rotation": {"angle": 0, "axis": "y", "origin": [18, 13, 8]},
			"faces": {
				"north": {"uv": [5, 0, 6, 11], "texture": "#2", "cullface": "north"},
				"east": {"uv": [5, 0, 6, 11], "texture": "#2", "cullface": "north"},
				"up": {"uv": [10, 0, 11, 1], "texture": "#4", "cullface": "up"}
			}
		},
		{
			"from": [3, 7, 0],
			"to": [5, 16, 1],
			"rotation": {"angle": 0, "axis": "y", "origin": [11, 15, 8]},
			"faces": {
				"north": {"uv": [11, 0, 13, 9], "texture": "#2", "cullface": "north"},
				"up": {"uv": [3, 0, 5, 1], "texture": "#4", "cullface": "up"},
				"down": {"uv": [3, 8, 5, 9], "texture": "#2", "cullface": "north"}
			}
		},
		{
			"from": [11, 7, 0],
			"to": [13, 16, 1],
			"rotation": {"angle": 0, "axis": "y", "origin": [19, 15, 8]},
			"faces": {
				"north": {"uv": [3, 0, 5, 9], "texture": "#2", "cullface": "north"},
				"up": {"uv": [11, 0, 13, 1], "texture": "#4", "cullface": "up"},
				"down": {"uv": [3, 8, 5, 9], "texture": "#2", "cullface": "north"}
			}
		},
		{
			"from": [0, 0, 15],
			"to": [16, 7, 16],
			"rotation": {"angle": 0, "axis": "y", "origin": [8, 8, 23]},
			"faces": {
				"east": {"uv": [0, 9, 1, 16], "texture": "#3", "cullface": "east"},
				"south": {"uv": [0, 9, 16, 16], "texture": "#0", "cullface": "south"},
				"west": {"uv": [15, 9, 16, 16], "texture": "#3", "cullface": "west"},
				"up": {"uv": [0, 9, 16, 10], "texture": "#0", "cullface": "south"},
				"down": {"uv": [0, 0, 16, 1], "texture": "#4", "cullface": "down"}
			}
		},
		{
			"from": [0, 11, 15],
			"to": [16, 16, 16],
			"rotation": {"angle": 0, "axis": "y", "origin": [8, 19, 23]},
			"faces": {
				"east": {"uv": [0, 0, 1, 5], "texture": "#3", "cullface": "east"},
				"south": {"uv": [0, 0, 16, 5], "texture": "#0", "cullface": "south"},
				"west": {"uv": [15, 0, 16, 5], "texture": "#3", "cullface": "west"},
				"up": {"uv": [0, 15, 16, 16], "texture": "#4", "cullface": "up"}
			}
		},
		{
			"from": [9, 7, 15],
			"to": [16, 11, 16],
			"rotation": {"angle": 0, "axis": "y", "origin": [8, 15, 23]},
			"faces": {
				"east": {"uv": [0, 5, 1, 9], "texture": "#3", "cullface": "east"},
				"south": {"uv": [9, 5, 16, 9], "texture": "#0", "cullface": "south"},
				"west": {"uv": [9, 5, 10, 9], "texture": "#0", "cullface": "south"}
			}
		},
		{
			"from": [7, 9, 15],
			"to": [9, 11, 16],
			"rotation": {"angle": 0, "axis": "y", "origin": [6, 15, 23]},
			"faces": {
				"south": {"uv": [7, 5, 9, 7], "texture": "#0", "cullface": "south"},
				"down": {"uv": [7, 6, 9, 7], "texture": "#0", "cullface": "south"}
			}
		},
		{
			"from": [0, 7, 15],
			"to": [7, 11, 16],
			"rotation": {"angle": 0, "axis": "y", "origin": [-2, 15, 23]},
			"faces": {
				"east": {"uv": [6, 5, 7, 9], "texture": "#0", "cullface": "south"},
				"south": {"uv": [0, 5, 7, 9], "texture": "#0", "cullface": "south"},
				"west": {"uv": [15, 5, 16, 9], "texture": "#3", "cullface": "west"}
			}
		}
	],
	"display": {
		"thirdperson_righthand": {
			"rotation": [75, 45, 0],
			"translation": [0, 2.5, 0],
			"scale": [0.375, 0.375, 0.375]
		},
		"thirdperson_lefthand": {
			"rotation": [75, 45, 0],
			"translation": [0, 2.5, 0],
			"scale": [0.375, 0.375, 0.375]
		},
		"firstperson_righthand": {
			"rotation": [0, 45, 0],
			"scale": [0.4, 0.4, 0.4]
		},
		"firstperson_lefthand": {
			"rotation": [0, 225, 0],
			"scale": [0.4, 0.4, 0.4]
		},
		"ground": {
			"translation": [0, 3, 0],
			"scale": [0.25, 0.25, 0.25]
		},
		"gui": {
			"rotation": [30, 225, 0],
			"scale": [0.625, 0.625, 0.625]
		},
		"fixed": {
			"scale": [0.5, 0.5, 0.5]
		}
	},
	"groups": [
		0,
		{
			"name": "frente",
			"origin": [19, 15, 8],
			"color": 0,
			"children": [1, 2, 3, 4, 5, 6, 7, 8, 9, 10, 11]
		},
		12,
		13,
		14,
		15,
		16
	]
}