{
	"credit": "Made by awildthomas",
	"ambientocclusion": false,
	"textures": {
		"0": "block/oxeye_daisy",
		"1": "block/oxeye_daisy_back",
		"particle": "block/oxeye_daisy"
	},
	"elements": [
		{
			"from": [8, 6, 6],
			"to": [9, 7, 7],
			"rotation": {"angle": 0, "axis": "y", "origin": [8, 0, 8]},
			"faces": {
				"north": {"uv": [8, 13, 9, 14], "texture": "#0"},
				"east": {"uv": [8, 13, 9, 14], "texture": "#0"},
				"south": {"uv": [8, 9, 9, 10], "texture": "#0"},
				"west": {"uv": [8, 13, 9, 14], "texture": "#0"},
				"up": {"uv": [8, 13, 9, 14], "texture": "#0"},
				"down": {"uv": [8, 13, 9, 14], "texture": "#0"}
			}
		},
		{
			"from": [7, 0, 6],
			"to": [8, 7, 7],
			"rotation": {"angle": 0, "axis": "y", "origin": [8, 0, 8]},
			"faces": {
				"north": {"uv": [7, 9, 8, 16], "texture": "#0"},
				"east": {"uv": [7, 8, 8, 15], "texture": "#0"},
				"south": {"uv": [7, 16, 8, 9], "texture": "#0"},
				"west": {"uv": [7, 9, 8, 16], "texture": "#0"},
				"up": {"uv": [5, 11, 6, 12], "texture": "#0"},
				"down": {"uv": [8, 9, 9, 10], "texture": "#0"}
			}
		},
		{
			"from": [4.87868, 3, 6.79289],
			"to": [5.87868, 5, 7.79289],
			"rotation": {"angle": -45, "axis": "y", "origin": [8, 0, 8]},
			"faces": {
				"north": {"uv": [8, 13, 9, 15], "texture": "#0"},
				"east": {"uv": [7, 14, 8, 16], "texture": "#0"},
				"south": {"uv": [6, 11, 7, 13], "texture": "#0"},
				"west": {"uv": [7, 10, 8, 12], "texture": "#0"},
				"up": {"uv": [7, 13, 8, 14], "texture": "#0"},
				"down": {"uv": [8, 9, 9, 10], "texture": "#0"}
			}
		},
		{
			"from": [3.87868, 4, 6.79289],
			"to": [4.87868, 5, 7.79289],
			"rotation": {"angle": -45, "axis": "y", "origin": [8, 0, 8]},
			"faces": {
				"north": {"uv": [6, 12, 7, 13], "texture": "#0"},
				"east": {"uv": [6, 12, 7, 13], "texture": "#0"},
				"south": {"uv": [5, 11, 6, 12], "texture": "#0"},
				"west": {"uv": [6, 12, 7, 13], "texture": "#0"},
				"up": {"uv": [5, 11, 6, 12], "texture": "#0"},
				"down": {"uv": [6, 12, 7, 13], "texture": "#0"}
			}
		},
		{
			"from": [9, 3, 6],
			"to": [10, 4, 7],
			"rotation": {"angle": 0, "axis": "y", "origin": [8, 0, 8]},
			"faces": {
				"north": {"uv": [5, 11, 6, 12], "texture": "#0"},
				"east": {"uv": [5, 11, 6, 12], "texture": "#0"},
				"south": {"uv": [9, 12, 10, 13], "texture": "#0"},
				"west": {"uv": [5, 11, 6, 12], "texture": "#0"},
				"up": {"uv": [5, 11, 6, 12], "texture": "#0"},
				"down": {"uv": [5, 11, 6, 12], "texture": "#0"}
			}
		},
		{
			"from": [8, 1, 6],
			"to": [9, 3, 7],
			"rotation": {"angle": 0, "axis": "y", "origin": [8, 0, 8]},
			"faces": {
				"north": {"uv": [7, 9, 8, 11], "texture": "#0"},
				"east": {"uv": [6, 11, 7, 13], "texture": "#0"},
				"south": {"uv": [8, 13, 9, 15], "texture": "#0"},
				"west": {"uv": [0, 0, 1, 2], "texture": "#missing"},
				"up": {"uv": [8, 9, 9, 10], "texture": "#0"},
				"down": {"uv": [5, 11, 6, 12], "texture": "#0"}
			}
		},
		{
			"from": [6, 3.76777, -1.58148],
			"to": [9, 4.76777, -0.58148],
			"rotation": {"angle": 45, "axis": "x", "origin": [8, 0, 8]},
			"faces": {
				"north": {"uv": [0, 0, 3, 1], "texture": "#1"},
				"east": {"uv": [3, 0, 4, 1], "texture": "#1"},
				"south": {"uv": [0, 1, 3, 2], "texture": "#1"},
				"west": {"uv": [3, 1, 4, 2], "texture": "#1"},
				"up": {"uv": [3, 3, 0, 2], "texture": "#1"},
				"down": {"uv": [3, 3, 0, 4], "texture": "#1"}
			}
		},
		{
			"from": [4, 3.76777, 0.41852],
			"to": [6, 4.76777, 3.41852],
			"rotation": {"angle": 45, "axis": "x", "origin": [8, 0, 8]},
			"faces": {
				"north": {"uv": [10, 4, 11, 6], "rotation": 270, "texture": "#0"},
				"east": {"uv": [7, 7, 10, 8], "rotation": 180, "texture": "#0"},
				"south": {"uv": [4, 4, 5, 6], "rotation": 90, "texture": "#0"},
				"west": {"uv": [7, 3, 10, 4], "texture": "#0"},
				"up": {"uv": [4, 4, 6, 7], "texture": "#0"},
				"down": {"uv": [9, 4, 11, 7], "texture": "#0"}
			}
		},
		{
			"from": [6, 3.76777, 0.41852],
			"to": [9, 4.26777, 3.41852],
			"rotation": {"angle": 45, "axis": "x", "origin": [8, 0, 8]},
			"faces": {
				"north": {"uv": [0, 0, 3, 0.5], "rotation": 180, "texture": "#missing"},
				"east": {"uv": [0, 0, 0.5, 3], "rotation": 90, "texture": "#missing"},
				"south": {"uv": [0, 0, 3, 0.5], "texture": "#missing"},
				"west": {"uv": [0, 0, 0.5, 3], "rotation": 270, "texture": "#missing"},
				"up": {"uv": [6, 4, 9, 7], "texture": "#0"},
				"down": {"uv": [0, 0, 3, 3], "rotation": 180, "texture": "#1"}
			}
		},
		{
			"from": [9, 3.76777, 0.41852],
			"to": [11, 4.76777, 3.41852],
			"rotation": {"angle": 45, "axis": "x", "origin": [8, 0, 8]},
			"faces": {
				"north": {"uv": [10, 5, 11, 7], "rotation": 270, "texture": "#0"},
				"east": {"uv": [5, 3, 8, 4], "rotation": 180, "texture": "#0"},
				"south": {"uv": [10, 4, 11, 6], "rotation": 90, "texture": "#0"},
				"west": {"uv": [7, 7, 10, 8], "texture": "#0"},
				"up": {"uv": [9, 4, 11, 7], "texture": "#0"},
				"down": {"uv": [4, 4, 6, 7], "texture": "#0"}
			}
		},
		{
			"from": [6, 3.76777, 4.41852],
			"to": [9, 4.76777, 5.41852],
			"rotation": {"angle": 45, "axis": "x", "origin": [8, 0, 8]},
			"faces": {
				"north": {"uv": [0, 0, 3, 1], "rotation": 180, "texture": "#missing"},
				"east": {"uv": [7, 8, 8, 9], "rotation": 90, "texture": "#0"},
				"south": {"uv": [7, 3, 10, 4], "texture": "#0"},
				"west": {"uv": [10, 5, 11, 6], "rotation": 270, "texture": "#0"},
				"up": {"uv": [6, 8, 9, 9], "texture": "#0"},
				"down": {"uv": [6, 7, 9, 8], "rotation": 180, "texture": "#0"}
			}
		},
		{
			"from": [5, 3.76777, 3.41852],
			"to": [10, 4.76777, 4.41852],
			"rotation": {"angle": 45, "axis": "x", "origin": [8, 0, 8]},
			"faces": {
				"north": {"uv": [5, 3, 10, 4], "rotation": 180, "texture": "#0"},
				"east": {"uv": [9, 6, 10, 7], "rotation": 90, "texture": "#0"},
				"south": {"uv": [5, 7, 10, 8], "texture": "#0"},
				"west": {"uv": [4, 6, 5, 7], "rotation": 270, "texture": "#0"},
				"up": {"uv": [5, 7, 10, 8], "texture": "#0"},
				"down": {"uv": [5, 7, 10, 8], "rotation": 180, "texture": "#0"}
			}
		},
		{
			"from": [5, 3.76777, -0.58148],
			"to": [10, 4.76777, 0.41852],
			"rotation": {"angle": 45, "axis": "x", "origin": [8, 0, 8]},
			"faces": {
				"north": {"uv": [5, 3, 10, 4], "rotation": 180, "texture": "#0"},
				"east": {"uv": [10, 4, 11, 5], "rotation": 90, "texture": "#0"},
				"south": {"uv": [5, 3, 10, 4], "texture": "#0"},
				"west": {"uv": [4, 4, 5, 5], "rotation": 270, "texture": "#0"},
				"up": {"uv": [5, 3, 10, 4], "texture": "#0"},
				"down": {"uv": [5, 7, 10, 8], "rotation": 180, "texture": "#0"}
			}
		}
	],
	"groups": [
		{
			"name": "group",
			"origin": [0, 0, 0],
			"color": 0,
			"children": [0, 1, 2, 3, 4, 5]
		},
		{
			"name": "group",
			"origin": [7.5, 10.5, 0],
			"color": 0,
			"children": [6, 7, 8, 9, 10, 11, 12]
		}
	]
}