{
	"credit": "Made by awildthomas",
	"textures": {
		"0": "block/pink_tulip",
		"particle": "block/pink_tulip"
	},
	"elements": [
		{
			"from": [8, 0, 7],
			"to": [9, 10, 8],
			"faces": {
				"north": {"uv": [7, 6, 8, 16], "texture": "#0"},
				"east": {"uv": [7, 6, 8, 16], "texture": "#0"},
				"south": {"uv": [7, 6, 8, 16], "texture": "#0"},
				"west": {"uv": [7, 6, 8, 16], "texture": "#0"},
				"up": {"uv": [7, 7, 8, 8], "texture": "#0"},
				"down": {"uv": [7, 7, 8, 8], "texture": "#0"}
			}
		},
		{
			"from": [9, 11, 7],
			"to": [10, 12, 8],
			"faces": {
				"north": {"uv": [6, 3, 7, 4], "texture": "#0"},
				"east": {"uv": [6, 3, 7, 4], "texture": "#0"},
				"south": {"uv": [6, 3, 7, 4], "texture": "#0"},
				"west": {"uv": [6, 3, 7, 4], "texture": "#0"},
				"up": {"uv": [6, 3, 7, 4], "texture": "#0"},
				"down": {"uv": [6, 3, 7, 4], "texture": "#0"}
			}
		},
		{
			"from": [7, 11, 7],
			"to": [8, 12, 8],
			"faces": {
				"north": {"uv": [8, 3, 9, 4], "texture": "#0"},
				"east": {"uv": [8, 3, 9, 4], "texture": "#0"},
				"south": {"uv": [8, 3, 9, 4], "texture": "#0"},
				"west": {"uv": [8, 3, 9, 4], "texture": "#0"},
				"up": {"uv": [8, 3, 9, 4], "texture": "#0"},
				"down": {"uv": [8, 3, 9, 4], "texture": "#0"}
			}
		},
		{
			"from": [8, 10, 6],
			"to": [9, 12, 7],
			"faces": {
				"north": {"uv": [8, 3, 9, 5], "texture": "#0"},
				"east": {"uv": [6, 3, 7, 5], "texture": "#0"},
				"south": {"uv": [6, 3, 7, 5], "texture": "#0"},
				"west": {"uv": [6, 3, 7, 5], "texture": "#0"},
				"up": {"uv": [6, 3, 7, 4], "texture": "#0"},
				"down": {"uv": [6, 3, 7, 4], "texture": "#0"}
			}
		},
		{
			"from": [8, 10, 8],
			"to": [9, 12, 9],
			"faces": {
				"north": {"uv": [7, 4, 8, 6], "texture": "#0"},
				"east": {"uv": [7, 4, 8, 6], "texture": "#0"},
				"south": {"uv": [7, 4, 8, 6], "texture": "#0"},
				"west": {"uv": [7, 4, 8, 6], "texture": "#0"},
				"up": {"uv": [7, 4, 8, 5], "texture": "#0"},
				"down": {"uv": [7, 4, 8, 5], "texture": "#0"}
			}
		},
		{
			"from": [7, 1, 7],
			"to": [8, 8, 8],
			"faces": {
				"north": {"uv": [6, 8, 7, 15], "texture": "#0"},
				"east": {"uv": [6, 8, 7, 15], "texture": "#0"},
				"south": {"uv": [6, 8, 7, 15], "texture": "#0"},
				"west": {"uv": [6, 8, 7, 15], "texture": "#0"},
				"up": {"uv": [6, 8, 7, 9], "texture": "#0"},
				"down": {"uv": [6, 8, 7, 9], "texture": "#0"}
			}
		},
		{
			"from": [6, 3, 7],
			"to": [7, 9, 8],
			"faces": {
				"north": {"uv": [5, 7, 6, 13], "texture": "#0"},
				"east": {"uv": [5, 7, 6, 13], "texture": "#0"},
				"south": {"uv": [5, 7, 6, 13], "texture": "#0"},
				"west": {"uv": [5, 7, 6, 13], "texture": "#0"},
				"up": {"uv": [5, 7, 6, 8], "texture": "#0"},
				"down": {"uv": [5, 7, 6, 8], "texture": "#0"}
			}
		},
		{
			"from": [9, 1, 7],
			"to": [10, 6, 8],
			"faces": {
				"north": {"uv": [8, 10, 9, 15], "texture": "#0"},
				"east": {"uv": [8, 10, 9, 15], "texture": "#0"},
				"south": {"uv": [8, 10, 9, 15], "texture": "#0"},
				"west": {"uv": [8, 10, 9, 15], "texture": "#0"},
				"up": {"uv": [8, 10, 9, 11], "texture": "#0"},
				"down": {"uv": [8, 10, 9, 11], "texture": "#0"}
			}
		},
		{
			"from": [10, 3, 7],
			"to": [11, 8, 8],
			"faces": {
				"north": {"uv": [9, 8, 10, 13], "texture": "#0"},
				"east": {"uv": [9, 8, 10, 13], "texture": "#0"},
				"south": {"uv": [9, 8, 10, 13], "texture": "#0"},
				"west": {"uv": [9, 8, 10, 13], "texture": "#0"},
				"up": {"uv": [9, 8, 10, 9], "texture": "#0"},
				"down": {"uv": [9, 8, 10, 9], "texture": "#0"}
			}
		},
		{
			"from": [8, 1, 6],
			"to": [9, 6, 7],
			"faces": {
				"north": {"uv": [8, 10, 9, 15], "texture": "#0"},
				"east": {"uv": [8, 10, 9, 15], "texture": "#0"},
				"south": {"uv": [8, 10, 9, 15], "texture": "#0"},
				"west": {"uv": [8, 10, 9, 15], "texture": "#0"},
				"up": {"uv": [8, 10, 9, 11], "texture": "#0"},
				"down": {"uv": [8, 10, 9, 11], "texture": "#0"}
			}
		},
		{
			"from": [8, 2, 5],
			"to": [9, 7, 6],
			"faces": {
				"north": {"uv": [5, 8, 6, 13], "texture": "#0"},
				"east": {"uv": [5, 8, 6, 13], "texture": "#0"},
				"south": {"uv": [5, 8, 6, 13], "texture": "#0"},
				"west": {"uv": [5, 8, 6, 13], "texture": "#0"},
				"up": {"uv": [5, 8, 6, 9], "texture": "#0"},
				"down": {"uv": [5, 8, 6, 9], "texture": "#0"}
			}
		},
		{
			"from": [8, 3, 9],
			"to": [9, 9, 10],
			"faces": {
				"north": {"uv": [5, 7, 6, 13], "texture": "#0"},
				"east": {"uv": [5, 7, 6, 13], "texture": "#0"},
				"south": {"uv": [5, 7, 6, 13], "texture": "#0"},
				"west": {"uv": [5, 7, 6, 13], "texture": "#0"},
				"up": {"uv": [5, 7, 6, 8], "texture": "#0"},
				"down": {"uv": [5, 7, 6, 8], "texture": "#0"}
			}
		},
		{
			"from": [8, 2, 8],
			"to": [9, 7, 9],
			"faces": {
				"north": {"uv": [8, 10, 9, 15], "texture": "#0"},
				"east": {"uv": [8, 10, 9, 15], "texture": "#0"},
				"south": {"uv": [8, 10, 9, 15], "texture": "#0"},
				"west": {"uv": [8, 10, 9, 15], "texture": "#0"},
				"up": {"uv": [8, 10, 9, 11], "texture": "#0"},
				"down": {"uv": [8, 10, 9, 11], "texture": "#0"}
			}
		},
		{
			"from": [7, 10, 7],
			"to": [10, 11, 8],
			"faces": {
				"north": {"uv": [6, 4, 9, 5], "texture": "#0"},
				"east": {"uv": [6, 4, 7, 5], "texture": "#0"},
				"south": {"uv": [6, 4, 9, 5], "texture": "#0"},
				"west": {"uv": [6, 4, 7, 5], "texture": "#0"},
				"up": {"uv": [6, 4, 9, 5], "texture": "#0"},
				"down": {"uv": [6, 4, 9, 5], "texture": "#0"}
			}
		}
	]
}