{"parent": "minecraft:block/pointed_dripstone", "textures": {"1": "block/dripstone_block", "particle": "block/dripstone_block", "cross": "block/pointed_dripstone_up_tip_merge"}, "elements": [{"from": [4, 0, 4], "to": [12, 2, 12], "faces": {"north": {"uv": [4, 14, 12, 16], "texture": "#cross"}, "east": {"uv": [4, 14, 12, 16], "texture": "#cross"}, "south": {"uv": [12, 14, 4, 16], "texture": "#cross"}, "west": {"uv": [12, 14, 4, 16], "texture": "#cross"}, "up": {"uv": [4, 4, 12, 12], "texture": "#1"}, "down": {"uv": [4, 4, 12, 12], "texture": "#1"}}}, {"from": [5, 2, 5], "to": [12, 5, 12], "faces": {"north": {"uv": [4, 11, 11, 14], "texture": "#cross"}, "east": {"uv": [4, 11, 11, 14], "texture": "#cross"}, "south": {"uv": [11, 11, 4, 14], "texture": "#cross"}, "west": {"uv": [11, 11, 4, 14], "texture": "#cross"}, "up": {"uv": [5, 4, 12, 11], "texture": "#1"}}}, {"from": [6, 5, 6], "to": [12, 6, 12], "faces": {"north": {"uv": [4, 10, 10, 11], "texture": "#cross"}, "east": {"uv": [4, 10, 10, 11], "texture": "#cross"}, "south": {"uv": [10, 10, 4, 11], "texture": "#cross"}, "west": {"uv": [10, 10, 4, 11], "texture": "#cross"}, "up": {"uv": [6, 4, 12, 10], "texture": "#1"}}}, {"from": [6, 6, 6], "to": [11, 12, 11], "faces": {"north": {"uv": [5, 4, 10, 10], "texture": "#cross"}, "east": {"uv": [5, 4, 10, 10], "texture": "#cross"}, "south": {"uv": [10, 4, 5, 10], "texture": "#cross"}, "west": {"uv": [10, 4, 5, 10], "texture": "#cross"}, "up": {"uv": [6, 5, 11, 10], "texture": "#1"}}}, {"from": [7, 12, 7], "to": [11, 13, 11], "faces": {"north": {"uv": [5, 3, 9, 4], "texture": "#cross"}, "east": {"uv": [5, 3, 9, 4], "texture": "#cross"}, "south": {"uv": [9, 3, 5, 4], "texture": "#cross"}, "west": {"uv": [9, 3, 5, 4], "texture": "#cross"}, "up": {"uv": [7, 5, 11, 9], "texture": "#1"}}}, {"from": [7, 13, 7], "to": [10, 16, 10], "faces": {"north": {"uv": [6, 0, 9, 3], "texture": "#cross"}, "east": {"uv": [6, 0, 9, 3], "texture": "#cross"}, "south": {"uv": [9, 0, 6, 3], "texture": "#cross"}, "west": {"uv": [9, 0, 6, 3], "texture": "#cross"}}}]}