{"parent": "minecraft:block/pointed_dripstone", "textures": {"1": "block/dripstone_block", "particle": "block/dripstone_block", "cross": "block/pointed_dripstone_down_tip_merge"}, "elements": [{"from": [7, 0, 7], "to": [10, 3, 10], "faces": {"north": {"uv": [6, 13, 9, 16], "texture": "#cross"}, "east": {"uv": [6, 13, 9, 16], "texture": "#cross"}, "south": {"uv": [9, 13, 6, 16], "texture": "#cross"}, "west": {"uv": [9, 13, 6, 16], "texture": "#cross"}, "up": {"uv": [7, 7, 10, 10], "texture": "#1"}}}, {"from": [7, 3, 7], "to": [11, 4, 11], "faces": {"north": {"uv": [5, 12, 9, 13], "texture": "#cross"}, "east": {"uv": [5, 12, 9, 13], "texture": "#cross"}, "south": {"uv": [9, 12, 5, 13], "texture": "#cross"}, "west": {"uv": [9, 12, 5, 13], "texture": "#cross"}, "up": {"uv": [7, 7, 11, 11], "texture": "#1"}, "down": {"uv": [7, 5, 11, 9], "texture": "#1"}}}, {"from": [6, 4, 6], "to": [11, 10, 11], "faces": {"north": {"uv": [5, 6, 10, 12], "texture": "#cross"}, "east": {"uv": [5, 6, 10, 12], "texture": "#cross"}, "south": {"uv": [10, 6, 5, 12], "texture": "#cross"}, "west": {"uv": [10, 6, 5, 12], "texture": "#cross"}, "up": {"uv": [6, 6, 11, 11], "texture": "#1"}, "down": {"uv": [6, 5, 11, 10], "texture": "#1"}}}, {"from": [6, 10, 6], "to": [12, 11, 12], "faces": {"north": {"uv": [4, 5, 10, 6], "texture": "#cross"}, "east": {"uv": [4, 5, 10, 6], "texture": "#cross"}, "south": {"uv": [10, 5, 4, 6], "texture": "#cross"}, "west": {"uv": [10, 5, 4, 6], "texture": "#cross"}, "up": {"uv": [6, 6, 12, 12], "texture": "#1"}, "down": {"uv": [6, 4, 12, 10], "texture": "#1"}}}, {"from": [5, 11, 5], "to": [12, 14, 12], "faces": {"north": {"uv": [4, 2, 11, 5], "texture": "#cross"}, "east": {"uv": [4, 2, 11, 5], "texture": "#cross"}, "south": {"uv": [11, 2, 4, 5], "texture": "#cross"}, "west": {"uv": [11, 2, 4, 5], "texture": "#cross"}, "up": {"uv": [5, 5, 12, 12], "texture": "#1"}, "down": {"uv": [5, 4, 12, 11], "texture": "#1"}}}, {"from": [4, 14, 4], "to": [12, 16, 12], "faces": {"north": {"uv": [4, 0, 12, 2], "texture": "#cross"}, "east": {"uv": [4, 0, 12, 2], "texture": "#cross"}, "south": {"uv": [12, 0, 4, 2], "texture": "#cross"}, "west": {"uv": [12, 0, 4, 2], "texture": "#cross"}, "up": {"uv": [4, 4, 12, 12], "texture": "#1"}, "down": {"uv": [4, 4, 12, 12], "texture": "#1"}}}]}