{
	"credit": "Made by awildthomas",
	"ambientocclusion": false,
	"textures": {
		"0": "block/poppy",
		"particle": "block/poppy"
	},
	"elements": [
		{
			"from": [6.5, 6.25, 10.75],
			"to": [8.5, 6.75, 12.75],
			"rotation": {"angle": -45, "axis": "x", "origin": [8, 0, 8]},
			"faces": {
				"north": {"uv": [0, 0, 2, 0.5], "rotation": 180, "texture": "#missing"},
				"east": {"uv": [0, 0, 0.5, 2], "rotation": 90, "texture": "#missing"},
				"south": {"uv": [0, 0, 2, 0.5], "texture": "#missing"},
				"west": {"uv": [0, 0, 0.5, 2], "rotation": 270, "texture": "#missing"},
				"up": {"uv": [7, 6, 9, 8], "texture": "#0"},
				"down": {"uv": [7, 6, 9, 8], "rotation": 180, "texture": "#0"}
			}
		},
		{
			"from": [8.5, 6.25, 10.75],
			"to": [10, 7.25, 12.75],
			"rotation": {"angle": -45, "axis": "x", "origin": [8, 0, 8]},
			"faces": {
				"north": {"uv": [10, 6, 11, 7.5], "rotation": 270, "texture": "#0"},
				"east": {"uv": [6, 6, 8, 7], "rotation": 180, "texture": "#0"},
				"south": {"uv": [9, 5, 10, 6.5], "rotation": 90, "texture": "#0"},
				"west": {"uv": [7, 7, 9, 8], "texture": "#0"},
				"up": {"uv": [5, 9, 6.5, 7], "texture": "#0"},
				"down": {"uv": [5, 7, 6.5, 9], "texture": "#0"}
			}
		},
		{
			"from": [8.5, 6.25, 9.75],
			"to": [9.5, 7.25, 10.75],
			"rotation": {"angle": -45, "axis": "x", "origin": [8, 0, 8]},
			"faces": {
				"north": {"uv": [10, 6, 11, 7], "rotation": 270, "texture": "#0"},
				"east": {"uv": [9, 8, 10, 9], "rotation": 180, "texture": "#0"},
				"south": {"uv": [10, 4, 11, 5], "rotation": 90, "texture": "#missing"},
				"west": {"uv": [7, 7, 8, 8], "texture": "#missing"},
				"up": {"uv": [6, 9, 7, 10], "texture": "#0"},
				"down": {"uv": [5, 7, 6, 8], "texture": "#0"}
			}
		},
		{
			"from": [5.5, 6.25, 9.75],
			"to": [6.5, 7.25, 10.75],
			"rotation": {"angle": -45, "axis": "x", "origin": [8, 0, 8]},
			"faces": {
				"north": {"uv": [8, 5, 9, 6], "rotation": 270, "texture": "#0"},
				"east": {"uv": [5, 3, 6, 4], "rotation": 180, "texture": "#missing"},
				"south": {"uv": [10, 4, 11, 5], "rotation": 90, "texture": "#missing"},
				"west": {"uv": [8, 7, 9, 8], "texture": "#0"},
				"up": {"uv": [10, 7, 11, 8], "texture": "#0"},
				"down": {"uv": [5, 7, 6, 8], "texture": "#0"}
			}
		},
		{
			"from": [8.5, 6.25, 12.75],
			"to": [9.5, 7.25, 13.75],
			"rotation": {"angle": -45, "axis": "x", "origin": [8, 0, 8]},
			"faces": {
				"north": {"uv": [10, 5, 11, 6], "rotation": 270, "texture": "#missing"},
				"east": {"uv": [7, 6, 8, 7], "rotation": 180, "texture": "#0"},
				"south": {"uv": [9, 8, 10, 9], "rotation": 90, "texture": "#0"},
				"west": {"uv": [7, 7, 8, 8], "texture": "#missing"},
				"up": {"uv": [6, 6, 7, 7], "texture": "#0"},
				"down": {"uv": [5, 7, 6, 8], "texture": "#0"}
			}
		},
		{
			"from": [5.5, 6.25, 12.75],
			"to": [6.5, 7.25, 13.75],
			"rotation": {"angle": -45, "axis": "x", "origin": [8, 0, 8]},
			"faces": {
				"north": {"uv": [10, 5, 11, 6], "rotation": 270, "texture": "#missing"},
				"east": {"uv": [5, 3, 6, 4], "rotation": 180, "texture": "#missing"},
				"south": {"uv": [9, 5, 10, 6], "rotation": 90, "texture": "#0"},
				"west": {"uv": [6, 6, 7, 7], "texture": "#0"},
				"up": {"uv": [9, 6, 10, 7], "texture": "#0"},
				"down": {"uv": [5, 7, 6, 8], "texture": "#0"}
			}
		},
		{
			"from": [6.5, 6.25, 12.75],
			"to": [8.5, 7.25, 14.25],
			"rotation": {"angle": -45, "axis": "x", "origin": [8, 0, 8]},
			"faces": {
				"north": {"uv": [10, 6, 11, 8], "rotation": 270, "texture": "#0"},
				"east": {"uv": [7.5, 8, 9, 9], "rotation": 180, "texture": "#0"},
				"south": {"uv": [9, 7, 10, 9], "rotation": 90, "texture": "#0"},
				"west": {"uv": [5, 8, 6.5, 9], "texture": "#0"},
				"up": {"uv": [8, 5, 10, 6.5], "texture": "#0"},
				"down": {"uv": [5, 8.5, 7, 7], "texture": "#0"}
			}
		},
		{
			"from": [6.5, 6.25, 9.25],
			"to": [8.5, 7.25, 10.75],
			"rotation": {"angle": -45, "axis": "x", "origin": [8, 0, 8]},
			"faces": {
				"north": {"uv": [8, 7, 9, 9], "rotation": 270, "texture": "#0"},
				"east": {"uv": [6, 7, 7.5, 8], "rotation": 180, "texture": "#0"},
				"south": {"uv": [9, 7, 10, 9], "rotation": 90, "texture": "#0"},
				"west": {"uv": [8, 6, 9.5, 7], "texture": "#0"},
				"up": {"uv": [10.5, 6, 9, 8], "rotation": 90, "texture": "#0"},
				"down": {"uv": [5, 7, 7, 8.5], "texture": "#0"}
			}
		},
		{
			"from": [5, 6.25, 10.75],
			"to": [6.5, 7.25, 12.75],
			"rotation": {"angle": -45, "axis": "x", "origin": [8, 0, 8]},
			"faces": {
				"north": {"uv": [10, 6, 11, 7.5], "rotation": 270, "texture": "#0"},
				"east": {"uv": [5, 8, 7, 9], "rotation": 180, "texture": "#0"},
				"south": {"uv": [9, 7, 10, 8.5], "rotation": 90, "texture": "#0"},
				"west": {"uv": [7, 6, 9, 7], "texture": "#0"},
				"up": {"uv": [8.5, 6, 10, 8], "texture": "#0"},
				"down": {"uv": [6.5, 7, 5, 9], "texture": "#0"}
			}
		},
		{
			"from": [7, 0, 6],
			"to": [8, 7, 7],
			"rotation": {"angle": 0, "axis": "y", "origin": [8, 0, 8]},
			"faces": {
				"north": {"uv": [8, 9, 9, 16], "texture": "#0"},
				"east": {"uv": [9, 16, 8, 9], "rotation": 180, "texture": "#0"},
				"south": {"uv": [8, 9, 9, 16], "texture": "#0"},
				"west": {"uv": [8, 16, 9, 9], "texture": "#0"},
				"up": {"uv": [6, 13, 7, 14], "texture": "#0"},
				"down": {"uv": [11, 13, 12, 14], "texture": "#0"}
			}
		},
		{
			"from": [7.12868, 1, 6.04289],
			"to": [8.12868, 3, 7.04289],
			"rotation": {"angle": 45, "axis": "y", "origin": [8, 0, 8]},
			"faces": {
				"north": {"uv": [8, 14, 9, 16], "texture": "#0"},
				"east": {"uv": [8, 14, 9, 16], "texture": "#0"},
				"south": {"uv": [6, 13, 7, 15], "texture": "#0"},
				"west": {"uv": [6, 13, 7, 15], "texture": "#0"},
				"up": {"uv": [8, 13, 9, 14], "texture": "#0"},
				"down": {"uv": [11, 13, 12, 14], "texture": "#0"}
			}
		},
		{
			"from": [6.12868, 2, 6.04289],
			"to": [7.12868, 3, 7.04289],
			"rotation": {"angle": 45, "axis": "y", "origin": [8, 0, 8]},
			"faces": {
				"north": {"uv": [7, 15, 8, 16], "texture": "#0"},
				"east": {"uv": [7, 15, 8, 16], "texture": "#0"},
				"south": {"uv": [6, 14, 7, 15], "texture": "#0"},
				"west": {"uv": [7, 15, 8, 16], "texture": "#0"},
				"up": {"uv": [6, 14, 7, 15], "texture": "#0"},
				"down": {"uv": [7, 15, 8, 16], "texture": "#0"}
			}
		},
		{
			"from": [10, 2, 6],
			"to": [11, 3, 7],
			"rotation": {"angle": 0, "axis": "y", "origin": [8, 0, 8]},
			"faces": {
				"north": {"uv": [5, 13, 6, 14], "texture": "#0"},
				"east": {"uv": [5, 13, 6, 14], "texture": "#0"},
				"south": {"uv": [6, 14, 7, 15], "texture": "#0"},
				"west": {"uv": [5, 13, 6, 14], "texture": "#0"},
				"up": {"uv": [5, 13, 6, 14], "texture": "#0"},
				"down": {"uv": [5, 13, 6, 14], "texture": "#0"}
			}
		},
		{
			"from": [8, 0, 6],
			"to": [9, 1, 7],
			"rotation": {"angle": 0, "axis": "y", "origin": [8, 0, 8]},
			"faces": {
				"north": {"uv": [7, 15, 8, 16], "texture": "#0"},
				"east": {"uv": [7, 15, 8, 16], "texture": "#0"},
				"south": {"uv": [7, 15, 8, 16], "texture": "#0"},
				"west": {"uv": [7, 15, 8, 16], "texture": "#0"},
				"up": {"uv": [7, 15, 8, 16], "texture": "#0"},
				"down": {"uv": [7, 15, 8, 16], "texture": "#0"}
			}
		},
		{
			"from": [9, 1, 6],
			"to": [10, 3, 7],
			"rotation": {"angle": 0, "axis": "y", "origin": [8, 0, 8]},
			"faces": {
				"north": {"uv": [8, 13, 9, 15], "texture": "#0"},
				"east": {"uv": [6, 13, 7, 15], "texture": "#0"},
				"south": {"uv": [9, 14, 10, 16], "texture": "#0"},
				"west": {"uv": [8, 14, 9, 16], "texture": "#0"},
				"up": {"uv": [10, 13, 11, 14], "texture": "#0"},
				"down": {"uv": [5, 13, 6, 14], "texture": "#0"}
			}
		}
	],
	"groups": [
		{
			"name": "group",
			"origin": [7.5, 10.5, 0],
			"color": 0,
			"children": [0, 1, 2, 3, 4, 5, 6, 7, 8]
		},
		{
			"name": "group",
			"origin": [0, 0, 0],
			"color": 0,
			"children": [9, 10, 11, 12, 13, 14]
		}
	]
}