{
    "credit": "Made by The_Wild_Thomas (Discord : thomas0535)",
    "parent": "block/display_block",
    "textures": {
        "particle": "block/redstone_ore",
        "all": "block/redstone_ore"
    },
    "elements": [
        {
            "from": [0.5, 0.5, 0.5],
            "to": [15.5, 15.5, 15.5],
            "faces": {
                "north": {"uv": [0.4706, 0.4706, 15.5294, 15.5294], "texture": "#all", "cullface": "north"},
                "east": {"uv": [0.4706, 0.4706, 15.5294, 15.5294], "texture": "#all", "cullface": "east"},
                "south": {"uv": [0.4706, 0.4706, 15.5294, 15.5294], "texture": "#all", "cullface": "south"},
                "west": {"uv": [0.4706, 0.4706, 15.5294, 15.5294], "texture": "#all", "cullface": "west"},
                "up": {"uv": [0.4706, 0.4706, 15.5294, 15.5294], "texture": "#all", "cullface": "up"},
                "down": {"uv": [0.4706, 0.4706, 15.5294, 15.5294], "texture": "#all", "cullface": "down"}
            }
        },
        {
            "from": [1, 13, 14],
            "to": [16, 16, 16],
            "faces": {
                "north": {"uv": [16, 14, 1, 15], "texture": "#all", "cullface": "up"},
                "east": {"uv": [0, 0, 2, 3], "texture": "#all", "cullface": "east"},
                "south": {"uv": [1, 0, 16, 3], "texture": "#all", "cullface": "south"},
                "up": {"uv": [1, 14, 16, 16], "texture": "#all", "cullface": "up"},
                "down": {"uv": [1, 3, 16, 2], "texture": "#all", "cullface": "south"}
            }
        },
        {
            "from": [15, 13, 0],
            "to": [16, 16, 14],
            "faces": {
                "north": {"uv": [0, 0, 1, 3], "texture": "#all", "cullface": "north"},
                "east": {"uv": [2, 0, 16, 3], "texture": "#all", "cullface": "east"},
                "west": {"uv": [15, 14, 16, 0], "rotation": 90, "texture": "#all", "cullface": "up"},
                "up": {"uv": [15, 0, 16, 14], "texture": "#all", "cullface": "up"},
                "down": {"uv": [2, 3, 16, 2], "rotation": 90, "texture": "#all", "cullface": "east"}
            }
        },
        {
            "from": [13, 15, 12],
            "to": [15, 16, 14],
            "faces": {
                "west": {"uv": [13, 14, 14, 12], "rotation": 90, "texture": "#all", "cullface": "up"},
                "up": {"uv": [13, 12, 15, 14], "texture": "#all", "cullface": "up"}
            }
        },
        {
            "from": [6, 15, 13],
            "to": [13, 16, 14],
            "faces": {
                "north": {"uv": [13, 13, 6, 14], "texture": "#all", "cullface": "up"},
                "west": {"uv": [6, 13, 7, 14], "texture": "#all", "cullface": "up"},
                "up": {"uv": [6, 13, 13, 14], "texture": "#all", "cullface": "up"}
            }
        },
        {
            "from": [8, 15, 12],
            "to": [11, 16, 13],
            "faces": {
                "east": {"uv": [10, 12, 11, 13], "texture": "#all", "cullface": "up"},
                "west": {"uv": [8, 12, 9, 13], "texture": "#all", "cullface": "up"},
                "up": {"uv": [8, 12, 11, 13], "texture": "#all", "cullface": "up"}
            }
        },
        {
            "from": [3, 15, 13],
            "to": [4, 16, 14],
            "faces": {
                "north": {"uv": [3, 13, 4, 14], "texture": "#all", "cullface": "up"},
                "east": {"uv": [3, 13, 4, 14], "texture": "#all", "cullface": "up"},
                "up": {"uv": [3, 13, 4, 14], "texture": "#all", "cullface": "up"}
            }
        },
        {
            "from": [1, 15, 12],
            "to": [3, 16, 14],
            "faces": {
                "east": {"uv": [2, 12, 3, 14], "rotation": 90, "texture": "#all", "cullface": "up"},
                "up": {"uv": [1, 12, 3, 14], "texture": "#all", "cullface": "up"}
            }
        },
        {
            "from": [1, 15, 10],
            "to": [15, 16, 12],
            "faces": {
                "north": {"uv": [15, 10, 1, 11], "texture": "#all", "cullface": "up"},
                "south": {"uv": [1, 11, 15, 12], "texture": "#all", "cullface": "up"},
                "up": {"uv": [1, 10, 15, 12], "texture": "#all", "cullface": "up"}
            }
        },
        {
            "from": [14, 15, 9],
            "to": [15, 16, 10],
            "faces": {
                "north": {"uv": [14, 9, 15, 10], "texture": "#all", "cullface": "up"},
                "west": {"uv": [14, 9, 15, 10], "texture": "#all", "cullface": "up"},
                "up": {"uv": [14, 9, 15, 10], "texture": "#all", "cullface": "up"}
            }
        },
        {
            "from": [3, 15, 9],
            "to": [11, 16, 10],
            "faces": {
                "north": {"uv": [11, 9, 3, 10], "texture": "#all", "cullface": "up"},
                "east": {"uv": [10, 9, 11, 10], "texture": "#all", "cullface": "up"},
                "west": {"uv": [3, 9, 4, 10], "texture": "#all", "cullface": "up"},
                "up": {"uv": [3, 9, 11, 10], "texture": "#all", "cullface": "up"}
            }
        },
        {
            "from": [4, 15, 8],
            "to": [9, 16, 9],
            "faces": {
                "east": {"uv": [8, 8, 9, 9], "texture": "#all", "cullface": "up"},
                "west": {"uv": [4, 8, 5, 9], "texture": "#all", "cullface": "up"},
                "up": {"uv": [4, 8, 9, 9], "texture": "#all", "cullface": "up"}
            }
        },
        {
            "from": [4, 15, 6],
            "to": [15, 16, 8],
            "faces": {
                "north": {"uv": [15, 6, 4, 7], "texture": "#all", "cullface": "up"},
                "south": {"uv": [4, 7, 15, 8], "texture": "#all", "cullface": "up"},
                "up": {"uv": [4, 6, 15, 8], "texture": "#all", "cullface": "up"}
            }
        },
        {
            "from": [0, 13, 5],
            "to": [4, 16, 8],
            "faces": {
                "north": {"uv": [4, 5, 0, 6], "texture": "#all", "cullface": "up"},
                "east": {"uv": [3, 5, 4, 6], "texture": "#all", "cullface": "up"},
                "south": {"uv": [0, 7, 4, 8], "texture": "#all", "cullface": "up"},
                "west": {"uv": [5, 0, 8, 3], "texture": "#all", "cullface": "west"},
                "up": {"uv": [0, 5, 4, 8], "texture": "#all", "cullface": "up"},
                "down": {"uv": [8, 2, 5, 3], "rotation": 90, "texture": "#all", "cullface": "west"}
            }
        },
        {
            "from": [0, 12, 3],
            "to": [3, 16, 5],
            "faces": {
                "east": {"uv": [2, 3, 3, 5], "rotation": 90, "texture": "#all", "cullface": "up"},
                "south": {"uv": [4, 0, 5, 4], "texture": "#all", "cullface": "west"},
                "west": {"uv": [3, 0, 5, 4], "texture": "#all", "cullface": "west"},
                "up": {"uv": [0, 3, 3, 5], "texture": "#all", "cullface": "up"},
                "down": {"uv": [5, 3, 3, 4], "rotation": 90, "texture": "#all", "cullface": "west"}
            }
        },
        {
            "from": [3, 15, 3],
            "to": [5, 16, 4],
            "faces": {
                "east": {"uv": [4, 3, 5, 4], "texture": "#all", "cullface": "up"},
                "south": {"uv": [3, 3, 5, 4], "texture": "#all", "cullface": "up"},
                "up": {"uv": [3, 3, 5, 4], "texture": "#all", "cullface": "up"}
            }
        },
        {
            "from": [8, 15, 5],
            "to": [12, 16, 6],
            "faces": {
                "north": {"uv": [12, 5, 8, 6], "texture": "#all", "cullface": "up"},
                "east": {"uv": [11, 5, 12, 6], "texture": "#all", "cullface": "up"},
                "west": {"uv": [8, 5, 9, 6], "texture": "#all", "cullface": "up"},
                "up": {"uv": [8, 5, 12, 6], "texture": "#all", "cullface": "up"}
            }
        },
        {
            "from": [14, 15, 5],
            "to": [15, 16, 6],
            "faces": {
                "west": {"uv": [14, 5, 15, 6], "texture": "#all", "cullface": "up"},
                "up": {"uv": [14, 5, 15, 6], "texture": "#all", "cullface": "up"}
            }
        },
        {
            "from": [10, 15, 4],
            "to": [15, 16, 5],
            "faces": {
                "south": {"uv": [10, 4, 15, 5], "texture": "#all", "cullface": "up"},
                "west": {"uv": [10, 4, 11, 5], "texture": "#all", "cullface": "up"},
                "up": {"uv": [10, 4, 15, 5], "texture": "#all", "cullface": "up"}
            }
        },
        {
            "from": [8, 13, 0],
            "to": [15, 16, 4],
            "faces": {
                "north": {"uv": [1, 0, 8, 3], "texture": "#all", "cullface": "north"},
                "south": {"uv": [8, 3, 16, 4], "texture": "#all", "cullface": "up"},
                "west": {"uv": [8, 3, 9, 4], "texture": "#all", "cullface": "up"},
                "up": {"uv": [8, 0, 15, 4], "texture": "#all", "cullface": "up"},
                "down": {"uv": [8, 2, 1, 3], "texture": "#all", "cullface": "north"}
            }
        },
        {
            "from": [8, 0, 12],
            "to": [16, 1, 13],
            "faces": {
                "north": {"uv": [16, 3, 8, 4], "texture": "#all", "cullface": "down"},
                "west": {"uv": [8, 3, 9, 4], "rotation": 180, "texture": "#all", "cullface": "down"},
                "down": {"uv": [8, 3, 16, 4], "texture": "#all", "cullface": "down"}
            }
        },
        {
            "from": [10, 0, 11],
            "to": [14, 1, 12],
            "faces": {
                "north": {"uv": [14, 4, 10, 5], "texture": "#all", "cullface": "down"},
                "west": {"uv": [10, 4, 11, 5], "texture": "#all", "cullface": "down"},
                "down": {"uv": [10, 4, 14, 5], "texture": "#all", "cullface": "down"}
            }
        },
        {
            "from": [14, 0, 10],
            "to": [16, 2, 12],
            "faces": {
                "east": {"uv": [4, 14, 6, 16], "texture": "#all", "cullface": "east"},
                "west": {"uv": [14, 5, 15, 6], "rotation": 180, "texture": "#all", "cullface": "down"},
                "up": {"uv": [6, 14, 4, 15], "rotation": 90, "texture": "#all", "cullface": "east"},
                "down": {"uv": [14, 4, 16, 6], "texture": "#all", "cullface": "down"}
            }
        },
        {
            "from": [8, 0, 10],
            "to": [12, 1, 11],
            "faces": {
                "east": {"uv": [11, 5, 12, 6], "texture": "#all", "cullface": "down"},
                "south": {"uv": [8, 5, 12, 6], "texture": "#all", "cullface": "down"},
                "west": {"uv": [8, 5, 9, 6], "texture": "#all", "cullface": "down"},
                "down": {"uv": [8, 5, 12, 6], "texture": "#all", "cullface": "down"}
            }
        },
        {
            "from": [3, 0, 12],
            "to": [5, 1, 13],
            "faces": {
                "north": {"uv": [5, 3, 3, 4], "texture": "#all", "cullface": "down"},
                "east": {"uv": [4, 3, 5, 4], "rotation": 180, "texture": "#all", "cullface": "down"},
                "down": {"uv": [3, 3, 5, 4], "texture": "#all", "cullface": "down"}
            }
        },
        {
            "from": [1, 0, 11],
            "to": [3, 1, 13],
            "faces": {
                "east": {"uv": [2, 3, 3, 5], "rotation": 270, "texture": "#all", "cullface": "down"},
                "down": {"uv": [1, 3, 3, 5], "texture": "#all", "cullface": "down"}
            }
        },
        {
            "from": [1, 0, 10],
            "to": [4, 1, 11],
            "faces": {
                "east": {"uv": [3, 5, 4, 6], "rotation": 180, "texture": "#all", "cullface": "down"},
                "south": {"uv": [1, 5, 4, 6], "texture": "#all", "cullface": "down"},
                "down": {"uv": [1, 5, 4, 6], "texture": "#all", "cullface": "down"}
            }
        },
        {
            "from": [1, 0, 8],
            "to": [15, 1, 10],
            "faces": {
                "north": {"uv": [15, 7, 1, 8], "texture": "#all", "cullface": "down"},
                "south": {"uv": [1, 6, 15, 7], "texture": "#all", "cullface": "down"},
                "down": {"uv": [1, 6, 15, 8], "texture": "#all", "cullface": "down"}
            }
        },
        {
            "from": [4, 0, 7],
            "to": [9, 1, 8],
            "faces": {
                "east": {"uv": [8, 8, 9, 9], "rotation": 180, "texture": "#all", "cullface": "down"},
                "west": {"uv": [4, 8, 5, 9], "rotation": 180, "texture": "#all", "cullface": "down"},
                "down": {"uv": [4, 8, 9, 9], "texture": "#all", "cullface": "down"}
            }
        },
        {
            "from": [3, 0, 6],
            "to": [11, 1, 7],
            "faces": {
                "east": {"uv": [10, 9, 11, 10], "rotation": 180, "texture": "#all", "cullface": "down"},
                "south": {"uv": [3, 9, 11, 10], "texture": "#all", "cullface": "down"},
                "west": {"uv": [3, 9, 4, 10], "rotation": 180, "texture": "#all", "cullface": "down"},
                "down": {"uv": [3, 9, 11, 10], "texture": "#all", "cullface": "down"}
            }
        },
        {
            "from": [14, 0, 6],
            "to": [15, 1, 7],
            "faces": {
                "south": {"uv": [15, 9, 14, 10], "texture": "#all", "cullface": "down"},
                "west": {"uv": [14, 9, 15, 10], "rotation": 180, "texture": "#all", "cullface": "down"},
                "down": {"uv": [14, 9, 15, 10], "texture": "#all", "cullface": "down"}
            }
        },
        {
            "from": [0, 0, 4],
            "to": [15, 2, 6],
            "faces": {
                "north": {"uv": [15, 11, 0, 12], "texture": "#all", "cullface": "down"},
                "south": {"uv": [0, 10, 15, 11], "texture": "#all", "cullface": "down"},
                "west": {"uv": [4, 14, 6, 16], "texture": "#all", "cullface": "west"},
                "up": {"uv": [4, 14, 6, 15], "rotation": 90, "texture": "#all", "cullface": "west"},
                "down": {"uv": [0, 10, 15, 12], "texture": "#all", "cullface": "down"}
            }
        },
        {
            "from": [3, 0, 2],
            "to": [4, 1, 3],
            "faces": {
                "east": {"uv": [3, 13, 4, 14], "rotation": 180, "texture": "#all", "cullface": "down"},
                "south": {"uv": [4, 13, 3, 14], "texture": "#all", "cullface": "down"},
                "down": {"uv": [3, 13, 4, 14], "texture": "#all", "cullface": "down"}
            }
        },
        {
            "from": [8, 0, 3],
            "to": [11, 1, 4],
            "faces": {
                "east": {"uv": [10, 12, 11, 13], "rotation": 180, "texture": "#all", "cullface": "down"},
                "west": {"uv": [8, 12, 9, 13], "rotation": 180, "texture": "#all", "cullface": "down"},
                "down": {"uv": [8, 12, 11, 13], "texture": "#all", "cullface": "down"}
            }
        },
        {
            "from": [6, 0, 2],
            "to": [13, 2, 3],
            "faces": {
                "south": {"uv": [6, 13, 13, 14], "texture": "#all", "cullface": "down"},
                "west": {"uv": [6, 13, 7, 14], "rotation": 180, "texture": "#all", "cullface": "down"},
                "down": {"uv": [6, 13, 13, 14], "texture": "#all", "cullface": "down"}
            }
        },
        {
            "from": [13, 0, 3],
            "to": [15, 1, 4],
            "faces": {
                "west": {"uv": [13, 12, 14, 13], "rotation": 270, "texture": "#all", "cullface": "down"},
                "down": {"uv": [13, 12, 15, 13], "texture": "#all", "cullface": "down"}
            }
        },
        {
            "from": [3, 0, 0],
            "to": [13, 2, 2],
            "faces": {
                "north": {"uv": [3, 14, 13, 16], "texture": "#all", "cullface": "north"},
                "south": {"uv": [3, 14, 13, 15], "texture": "#all", "cullface": "down"},
                "up": {"uv": [13, 15, 3, 14], "texture": "#all", "cullface": "north"},
                "down": {"uv": [3, 14, 13, 16], "texture": "#all", "cullface": "down"}
            }
        },
        {
            "from": [0, 0, 13],
            "to": [16, 2, 16],
            "faces": {
                "north": {"uv": [16, 2, 0, 3], "texture": "#all", "cullface": "down"},
                "south": {"uv": [0, 14, 16, 16], "texture": "#all", "cullface": "south"},
                "west": {"uv": [13, 14, 16, 16], "texture": "#all", "cullface": "west"},
                "up": {"uv": [0, 14, 16, 15], "texture": "#all", "cullface": "south"},
                "down": {"uv": [0, 0, 16, 3], "texture": "#all", "cullface": "down"}
            }
        },
        {
            "from": [0, 4, 0],
            "to": [1, 10, 1],
            "faces": {
                "north": {"uv": [15, 6, 16, 12], "texture": "#all", "cullface": "north"},
                "east": {"uv": [15, 6, 16, 12], "texture": "#all", "cullface": "north"},
                "south": {"uv": [0, 6, 1, 12], "texture": "#all", "cullface": "west"},
                "west": {"uv": [0, 6, 1, 12], "texture": "#all", "cullface": "west"}
            }
        },
        {
            "from": [0, 4, 15],
            "to": [1, 10, 16],
            "faces": {
                "north": {"uv": [15, 6, 16, 12], "texture": "#all", "cullface": "west"},
                "east": {"uv": [0, 6, 1, 12], "texture": "#all", "cullface": "south"},
                "south": {"uv": [0, 6, 1, 12], "texture": "#all", "cullface": "south"},
                "west": {"uv": [15, 6, 16, 12], "texture": "#all", "cullface": "west"}
            }
        },
        {
            "from": [15, 4, 15],
            "to": [16, 10, 16],
            "faces": {
                "north": {"uv": [0, 6, 1, 12], "texture": "#all", "cullface": "east"},
                "east": {"uv": [0, 6, 1, 12], "texture": "#all", "cullface": "east"},
                "south": {"uv": [15, 6, 16, 12], "texture": "#all", "cullface": "south"},
                "west": {"uv": [15, 6, 16, 12], "texture": "#all", "cullface": "south"}
            }
        },
        {
            "from": [15, 4, 0],
            "to": [16, 10, 1],
            "faces": {
                "north": {"uv": [0, 6, 1, 12], "texture": "#all", "cullface": "north"},
                "east": {"uv": [15, 6, 16, 12], "texture": "#all", "cullface": "east"},
                "south": {"uv": [15, 6, 16, 12], "texture": "#all", "cullface": "east"},
                "west": {"uv": [0, 6, 1, 12], "texture": "#all", "cullface": "north"}
            }
        },
        {
            "from": [3, 2, 15],
            "to": [4, 3, 16],
            "faces": {
                "east": {"uv": [3, 13, 4, 14], "texture": "#all", "cullface": "south"},
                "south": {"uv": [3, 13, 4, 14], "texture": "#all", "cullface": "south"},
                "up": {"uv": [4, 13, 3, 14], "texture": "#all", "cullface": "south"}
            }
        },
        {
            "from": [6, 2, 15],
            "to": [16, 3, 16],
            "faces": {
                "south": {"uv": [6, 13, 16, 14], "texture": "#all", "cullface": "south"},
                "west": {"uv": [6, 14, 7, 13], "texture": "#all", "cullface": "south"},
                "up": {"uv": [6, 13, 16, 14], "texture": "#all", "cullface": "south"}
            }
        },
        {
            "from": [8, 3, 15],
            "to": [11, 4, 16],
            "faces": {
                "east": {"uv": [10, 12, 11, 13], "texture": "#all", "cullface": "south"},
                "south": {"uv": [8, 12, 11, 13], "texture": "#all", "cullface": "south"},
                "west": {"uv": [8, 13, 9, 12], "texture": "#all", "cullface": "south"}
            }
        },
        {
            "from": [13, 3, 13],
            "to": [16, 4, 16],
            "faces": {
                "north": {"uv": [2, 12, 3, 13], "texture": "#all", "cullface": "east"},
                "east": {"uv": [0, 12, 3, 13], "texture": "#all", "cullface": "east"},
                "south": {"uv": [13, 12, 16, 13], "texture": "#all", "cullface": "south"},
                "west": {"uv": [13, 12, 14, 13], "texture": "#all", "cullface": "south"}
            }
        },
        {
            "from": [1, 4, 15],
            "to": [15, 6, 16],
            "faces": {
                "south": {"uv": [1, 10, 15, 12], "texture": "#all", "cullface": "south"},
                "up": {"uv": [1, 10, 15, 11], "texture": "#all", "cullface": "south"},
                "down": {"uv": [1, 11, 15, 12], "texture": "#all", "cullface": "south"}
            }
        },
        {
            "from": [3, 6, 15],
            "to": [11, 7, 16],
            "faces": {
                "east": {"uv": [10, 9, 11, 10], "texture": "#all", "cullface": "south"},
                "south": {"uv": [3, 9, 11, 10], "texture": "#all", "cullface": "south"},
                "west": {"uv": [3, 10, 4, 9], "texture": "#all", "cullface": "south"},
                "up": {"uv": [3, 9, 11, 10], "texture": "#all", "cullface": "south"}
            }
        },
        {
            "from": [4, 7, 15],
            "to": [9, 8, 16],
            "faces": {
                "east": {"uv": [8, 8, 9, 9], "texture": "#all", "cullface": "south"},
                "south": {"uv": [4, 8, 9, 9], "texture": "#all", "cullface": "south"},
                "west": {"uv": [4, 9, 5, 8], "texture": "#all", "cullface": "south"}
            }
        },
        {
            "from": [14, 6, 15],
            "to": [15, 7, 16],
            "faces": {
                "south": {"uv": [14, 9, 15, 10], "texture": "#all", "cullface": "south"},
                "west": {"uv": [14, 10, 15, 9], "texture": "#all", "cullface": "south"},
                "up": {"uv": [15, 9, 14, 10], "texture": "#all", "cullface": "south"}
            }
        },
        {
            "from": [1, 8, 15],
            "to": [15, 10, 16],
            "faces": {
                "south": {"uv": [1, 6, 15, 8], "texture": "#all", "cullface": "south"},
                "up": {"uv": [1, 6, 15, 7], "texture": "#all", "cullface": "south"},
                "down": {"uv": [1, 7, 15, 8], "texture": "#all", "cullface": "south"}
            }
        },
        {
            "from": [8, 10, 15],
            "to": [12, 11, 16],
            "faces": {
                "east": {"uv": [11, 5, 12, 6], "texture": "#all", "cullface": "south"},
                "south": {"uv": [8, 5, 12, 6], "texture": "#all", "cullface": "south"},
                "west": {"uv": [8, 6, 9, 5], "texture": "#all", "cullface": "south"},
                "up": {"uv": [8, 5, 12, 6], "texture": "#all", "cullface": "south"}
            }
        },
        {
            "from": [10, 11, 13],
            "to": [16, 13, 16],
            "faces": {
                "north": {"uv": [2, 3, 3, 5], "texture": "#all", "cullface": "east"},
                "east": {"uv": [0, 3, 3, 5], "texture": "#all", "cullface": "east"},
                "south": {"uv": [10, 3, 16, 5], "texture": "#all", "cullface": "south"},
                "west": {"uv": [10, 3, 11, 5], "texture": "#all", "cullface": "south"},
                "down": {"uv": [10, 4, 16, 5], "texture": "#all", "cullface": "south"}
            }
        },
        {
            "from": [8, 12, 15],
            "to": [10, 13, 16],
            "faces": {
                "south": {"uv": [8, 3, 10, 4], "texture": "#all", "cullface": "south"},
                "west": {"uv": [8, 4, 9, 3], "texture": "#all", "cullface": "south"},
                "down": {"uv": [8, 3, 10, 4], "texture": "#all", "cullface": "south"}
            }
        },
        {
            "from": [0, 10, 14],
            "to": [4, 11, 16],
            "faces": {
                "north": {"uv": [14, 5, 15, 6], "texture": "#all", "cullface": "west"},
                "east": {"uv": [3, 5, 4, 6], "texture": "#all", "cullface": "south"},
                "south": {"uv": [0, 5, 4, 6], "texture": "#all", "cullface": "south"},
                "west": {"uv": [14, 5, 16, 6], "texture": "#all", "cullface": "west"},
                "up": {"uv": [0, 5, 4, 6], "texture": "#all", "cullface": "south"}
            }
        },
        {
            "from": [1, 12, 15],
            "to": [5, 13, 16],
            "faces": {
                "east": {"uv": [4, 3, 5, 4], "texture": "#all", "cullface": "south"},
                "south": {"uv": [1, 3, 5, 4], "texture": "#all", "cullface": "south"},
                "down": {"uv": [1, 3, 5, 4], "texture": "#all", "cullface": "south"}
            }
        },
        {
            "from": [15, 12, 11],
            "to": [16, 13, 13],
            "faces": {
                "north": {"uv": [4, 3, 5, 4], "texture": "#all", "cullface": "east"},
                "east": {"uv": [3, 3, 5, 4], "texture": "#all", "cullface": "east"},
                "down": {"uv": [3, 3, 5, 4], "rotation": 90, "texture": "#all", "cullface": "east"}
            }
        },
        {
            "from": [14, 10, 12],
            "to": [16, 11, 16],
            "faces": {
                "north": {"uv": [3, 5, 4, 6], "texture": "#all", "cullface": "east"},
                "east": {"uv": [0, 5, 4, 6], "texture": "#all", "cullface": "east"},
                "south": {"uv": [14, 5, 16, 6], "texture": "#all", "cullface": "south"},
                "west": {"uv": [14, 5, 15, 6], "texture": "#all", "cullface": "south"},
                "up": {"uv": [0, 5, 4, 6], "rotation": 270, "texture": "#all", "cullface": "east"}
            }
        },
        {
            "from": [15, 12, 6],
            "to": [16, 13, 8],
            "faces": {
                "east": {"uv": [8, 3, 10, 4], "texture": "#all", "cullface": "east"},
                "south": {"uv": [8, 4, 9, 3], "texture": "#all", "cullface": "east"},
                "down": {"uv": [8, 3, 10, 4], "rotation": 90, "texture": "#all", "cullface": "east"}
            }
        },
        {
            "from": [13, 11, 0],
            "to": [16, 13, 6],
            "faces": {
                "north": {"uv": [0, 3, 3, 5], "texture": "#all", "cullface": "north"},
                "east": {"uv": [10, 3, 16, 5], "texture": "#all", "cullface": "east"},
                "south": {"uv": [10, 3, 11, 5], "texture": "#all", "cullface": "east"},
                "west": {"uv": [2, 3, 3, 5], "texture": "#all", "cullface": "north"},
                "down": {"uv": [10, 4, 16, 5], "rotation": 90, "texture": "#all", "cullface": "east"}
            }
        },
        {
            "from": [15, 10, 4],
            "to": [16, 11, 8],
            "faces": {
                "north": {"uv": [11, 5, 12, 6], "texture": "#all", "cullface": "east"},
                "east": {"uv": [8, 5, 12, 6], "texture": "#all", "cullface": "east"},
                "south": {"uv": [8, 6, 9, 5], "texture": "#all", "cullface": "east"},
                "up": {"uv": [8, 5, 12, 6], "rotation": 270, "texture": "#all", "cullface": "east"}
            }
        },
        {
            "from": [15, 8, 1],
            "to": [16, 10, 15],
            "faces": {
                "east": {"uv": [1, 6, 15, 8], "texture": "#all", "cullface": "east"},
                "up": {"uv": [1, 6, 15, 7], "rotation": 270, "texture": "#all", "cullface": "east"},
                "down": {"uv": [1, 7, 15, 8], "rotation": 90, "texture": "#all", "cullface": "east"}
            }
        },
        {
            "from": [15, 6, 1],
            "to": [16, 7, 2],
            "faces": {
                "east": {"uv": [14, 9, 15, 10], "texture": "#all", "cullface": "east"},
                "south": {"uv": [14, 10, 15, 9], "texture": "#all", "cullface": "east"},
                "up": {"uv": [15, 9, 14, 10], "rotation": 270, "texture": "#all", "cullface": "east"}
            }
        },
        {
            "from": [15, 7, 7],
            "to": [16, 8, 12],
            "faces": {
                "north": {"uv": [8, 8, 9, 9], "texture": "#all", "cullface": "east"},
                "east": {"uv": [4, 8, 9, 9], "texture": "#all", "cullface": "east"},
                "south": {"uv": [4, 9, 5, 8], "texture": "#all", "cullface": "east"}
            }
        },
        {
            "from": [15, 6, 5],
            "to": [16, 7, 13],
            "faces": {
                "north": {"uv": [10, 9, 11, 10], "texture": "#all", "cullface": "east"},
                "east": {"uv": [3, 9, 11, 10], "texture": "#all", "cullface": "east"},
                "south": {"uv": [3, 10, 4, 9], "texture": "#all", "cullface": "east"},
                "up": {"uv": [3, 9, 11, 10], "rotation": 270, "texture": "#all", "cullface": "east"}
            }
        },
        {
            "from": [15, 4, 1],
            "to": [16, 6, 15],
            "faces": {
                "east": {"uv": [1, 10, 15, 12], "texture": "#all", "cullface": "east"},
                "up": {"uv": [1, 10, 15, 11], "rotation": 270, "texture": "#all", "cullface": "east"},
                "down": {"uv": [1, 11, 15, 12], "rotation": 90, "texture": "#all", "cullface": "east"}
            }
        },
        {
            "from": [13, 0, 0],
            "to": [16, 4, 3],
            "faces": {
                "north": {"uv": [0, 12, 3, 16], "texture": "#all", "cullface": "north"},
                "east": {"uv": [13, 12, 16, 16], "texture": "#all", "cullface": "east"},
                "south": {"uv": [13, 12, 14, 16], "texture": "#all", "cullface": "east"},
                "west": {"uv": [2, 12, 3, 16], "texture": "#all", "cullface": "north"},
                "down": {"uv": [13, 13, 16, 16], "texture": "#all", "cullface": "down"}
            }
        },
        {
            "from": [15, 3, 5],
            "to": [16, 4, 8],
            "faces": {
                "north": {"uv": [10, 12, 11, 13], "texture": "#all", "cullface": "east"},
                "east": {"uv": [8, 12, 11, 13], "texture": "#all", "cullface": "east"},
                "south": {"uv": [8, 13, 9, 12], "texture": "#all", "cullface": "east"}
            }
        },
        {
            "from": [15, 0, 3],
            "to": [16, 3, 10],
            "faces": {
                "east": {"uv": [6, 13, 13, 16], "texture": "#all", "cullface": "east"},
                "south": {"uv": [6, 14, 7, 13], "texture": "#all", "cullface": "east"},
                "west": {"uv": [15, 6, 16, 13], "rotation": 90, "texture": "#all", "cullface": "down"},
                "up": {"uv": [6, 13, 13, 14], "rotation": 270, "texture": "#all", "cullface": "east"},
                "down": {"uv": [15, 6, 16, 13], "texture": "#all", "cullface": "down"}
            }
        },
        {
            "from": [15, 0, 12],
            "to": [16, 3, 16],
            "faces": {
                "north": {"uv": [3, 13, 4, 16], "texture": "#all", "cullface": "east"},
                "east": {"uv": [0, 13, 4, 16], "texture": "#all", "cullface": "east"},
                "up": {"uv": [4, 13, 0, 14], "rotation": 270, "texture": "#all", "cullface": "east"}
            }
        },
        {
            "from": [11, 12, 0],
            "to": [13, 13, 1],
            "faces": {
                "north": {"uv": [3, 3, 5, 4], "texture": "#all", "cullface": "north"},
                "west": {"uv": [4, 3, 5, 4], "texture": "#all", "cullface": "north"},
                "down": {"uv": [5, 3, 3, 4], "texture": "#all", "cullface": "north"}
            }
        },
        {
            "from": [12, 10, 0],
            "to": [16, 11, 2],
            "faces": {
                "north": {"uv": [0, 5, 4, 6], "texture": "#all", "cullface": "north"},
                "east": {"uv": [14, 5, 16, 6], "texture": "#all", "cullface": "east"},
                "south": {"uv": [14, 5, 15, 6], "texture": "#all", "cullface": "east"},
                "west": {"uv": [3, 5, 4, 6], "texture": "#all", "cullface": "north"},
                "up": {"uv": [4, 5, 0, 6], "texture": "#all", "cullface": "north"}
            }
        },
        {
            "from": [0, 12, 0],
            "to": [8, 16, 3],
            "faces": {
                "north": {"uv": [8, 0, 16, 4], "texture": "#all", "cullface": "north"},
                "east": {"uv": [8, 0, 9, 4], "texture": "#all", "cullface": "north"},
                "south": {"uv": [0, 2, 8, 3], "texture": "#all", "cullface": "up"},
                "west": {"uv": [0, 0, 3, 4], "texture": "#all", "cullface": "west"},
                "up": {"uv": [0, 0, 8, 3], "texture": "#all", "cullface": "up"},
                "down": {"uv": [16, 3, 8, 4], "texture": "#all", "cullface": "north"}
            }
        },
        {
            "from": [0, 11, 0],
            "to": [6, 12, 3],
            "faces": {
                "north": {"uv": [10, 4, 16, 5], "texture": "#all", "cullface": "north"},
                "east": {"uv": [10, 4, 11, 5], "texture": "#all", "cullface": "north"},
                "south": {"uv": [2, 4, 3, 5], "texture": "#all", "cullface": "west"},
                "west": {"uv": [0, 4, 3, 5], "texture": "#all", "cullface": "west"},
                "down": {"uv": [16, 4, 10, 5], "texture": "#all", "cullface": "north"}
            }
        },
        {
            "from": [4, 10, 0],
            "to": [8, 11, 1],
            "faces": {
                "north": {"uv": [8, 5, 12, 6], "texture": "#all", "cullface": "north"},
                "east": {"uv": [8, 6, 9, 5], "texture": "#all", "cullface": "north"},
                "west": {"uv": [11, 5, 12, 6], "texture": "#all", "cullface": "north"},
                "up": {"uv": [12, 5, 8, 6], "texture": "#all", "cullface": "north"}
            }
        },
        {
            "from": [1, 8, 0],
            "to": [15, 10, 1],
            "faces": {
                "north": {"uv": [1, 6, 15, 8], "texture": "#all", "cullface": "north"},
                "up": {"uv": [15, 6, 1, 7], "texture": "#all", "cullface": "north"},
                "down": {"uv": [15, 7, 1, 8], "texture": "#all", "cullface": "north"}
            }
        },
        {
            "from": [1, 6, 0],
            "to": [2, 7, 1],
            "faces": {
                "north": {"uv": [14, 9, 15, 10], "texture": "#all", "cullface": "north"},
                "east": {"uv": [14, 10, 15, 9], "texture": "#all", "cullface": "north"},
                "up": {"uv": [14, 9, 15, 10], "texture": "#all", "cullface": "north"}
            }
        },
        {
            "from": [7, 7, 0],
            "to": [12, 8, 1],
            "faces": {
                "north": {"uv": [4, 8, 9, 9], "texture": "#all", "cullface": "north"},
                "east": {"uv": [4, 9, 5, 8], "texture": "#all", "cullface": "north"},
                "west": {"uv": [8, 8, 9, 9], "texture": "#all", "cullface": "north"}
            }
        },
        {
            "from": [5, 6, 0],
            "to": [13, 7, 1],
            "faces": {
                "north": {"uv": [3, 9, 11, 10], "texture": "#all", "cullface": "north"},
                "east": {"uv": [3, 10, 4, 9], "texture": "#all", "cullface": "north"},
                "west": {"uv": [10, 9, 11, 10], "texture": "#all", "cullface": "north"},
                "up": {"uv": [11, 9, 3, 10], "texture": "#all", "cullface": "north"}
            }
        },
        {
            "from": [1, 4, 0],
            "to": [15, 6, 1],
            "faces": {
                "north": {"uv": [1, 10, 15, 12], "texture": "#all", "cullface": "north"},
                "up": {"uv": [15, 10, 1, 11], "texture": "#all", "cullface": "north"},
                "down": {"uv": [15, 11, 1, 12], "texture": "#all", "cullface": "north"}
            }
        },
        {
            "from": [0, 0, 0],
            "to": [3, 4, 3],
            "faces": {
                "north": {"uv": [13, 12, 16, 16], "texture": "#all", "cullface": "north"},
                "east": {"uv": [13, 12, 14, 16], "texture": "#all", "cullface": "north"},
                "south": {"uv": [2, 12, 3, 16], "texture": "#all", "cullface": "west"},
                "west": {"uv": [0, 12, 3, 16], "texture": "#all", "cullface": "west"},
                "down": {"uv": [0, 13, 3, 16], "texture": "#all", "cullface": "down"}
            }
        },
        {
            "from": [5, 3, 0],
            "to": [8, 4, 1],
            "faces": {
                "north": {"uv": [8, 12, 11, 13], "texture": "#all", "cullface": "north"},
                "east": {"uv": [8, 13, 9, 12], "texture": "#all", "cullface": "north"},
                "west": {"uv": [10, 12, 11, 13], "texture": "#all", "cullface": "north"}
            }
        },
        {
            "from": [3, 2, 0],
            "to": [10, 3, 1],
            "faces": {
                "north": {"uv": [6, 13, 13, 14], "texture": "#all", "cullface": "north"},
                "east": {"uv": [6, 14, 7, 13], "texture": "#all", "cullface": "north"},
                "up": {"uv": [13, 13, 6, 14], "texture": "#all", "cullface": "north"}
            }
        },
        {
            "from": [12, 2, 0],
            "to": [13, 3, 1],
            "faces": {
                "north": {"uv": [3, 13, 4, 14], "texture": "#all", "cullface": "north"},
                "west": {"uv": [3, 13, 4, 14], "texture": "#all", "cullface": "north"},
                "up": {"uv": [3, 13, 4, 14], "texture": "#all", "cullface": "north"}
            }
        },
        {
            "from": [0, 0, 3],
            "to": [3, 3, 4],
            "faces": {
                "east": {"uv": [2, 12, 3, 13], "texture": "#all", "cullface": "down"},
                "south": {"uv": [3, 13, 4, 16], "texture": "#all", "cullface": "west"},
                "west": {"uv": [3, 13, 4, 16], "texture": "#all", "cullface": "west"},
                "up": {"uv": [3, 13, 4, 14], "rotation": 270, "texture": "#all", "cullface": "west"},
                "down": {"uv": [0, 12, 3, 13], "texture": "#all", "cullface": "down"}
            }
        },
        {
            "from": [0, 0, 6],
            "to": [1, 3, 13],
            "faces": {
                "north": {"uv": [6, 13, 7, 16], "texture": "#all", "cullface": "west"},
                "east": {"uv": [0, 10, 1, 3], "rotation": 90, "texture": "#all", "cullface": "down"},
                "west": {"uv": [6, 13, 13, 16], "texture": "#all", "cullface": "west"},
                "up": {"uv": [13, 13, 6, 14], "rotation": 270, "texture": "#all", "cullface": "west"},
                "down": {"uv": [0, 3, 1, 10], "texture": "#all", "cullface": "down"}
            }
        },
        {
            "from": [0, 3, 8],
            "to": [1, 4, 11],
            "faces": {
                "north": {"uv": [8, 13, 9, 12], "texture": "#all", "cullface": "west"},
                "south": {"uv": [10, 12, 11, 13], "texture": "#all", "cullface": "west"},
                "west": {"uv": [8, 12, 11, 13], "texture": "#all", "cullface": "west"}
            }
        },
        {
            "from": [0, 2, 13],
            "to": [3, 4, 16],
            "faces": {
                "north": {"uv": [13, 12, 14, 14], "texture": "#all", "cullface": "west"},
                "east": {"uv": [2, 12, 3, 14], "texture": "#all", "cullface": "south"},
                "south": {"uv": [0, 12, 3, 14], "texture": "#all", "cullface": "south"},
                "west": {"uv": [13, 12, 16, 14], "texture": "#all", "cullface": "west"}
            }
        },
        {
            "from": [0, 4, 1],
            "to": [1, 6, 15],
            "faces": {
                "west": {"uv": [1, 10, 15, 12], "texture": "#all", "cullface": "west"},
                "up": {"uv": [15, 10, 1, 11], "rotation": 270, "texture": "#all", "cullface": "west"},
                "down": {"uv": [15, 11, 1, 12], "rotation": 90, "texture": "#all", "cullface": "west"}
            }
        },
        {
            "from": [0, 6, 3],
            "to": [1, 7, 11],
            "faces": {
                "north": {"uv": [3, 10, 4, 9], "texture": "#all", "cullface": "west"},
                "south": {"uv": [10, 9, 11, 10], "texture": "#all", "cullface": "west"},
                "west": {"uv": [3, 9, 11, 10], "texture": "#all", "cullface": "west"},
                "up": {"uv": [11, 9, 3, 10], "rotation": 270, "texture": "#all", "cullface": "west"}
            }
        },
        {
            "from": [0, 7, 4],
            "to": [1, 8, 9],
            "faces": {
                "north": {"uv": [4, 9, 5, 8], "texture": "#all", "cullface": "west"},
                "south": {"uv": [8, 8, 9, 9], "texture": "#all", "cullface": "west"},
                "west": {"uv": [4, 8, 9, 9], "texture": "#all", "cullface": "west"}
            }
        },
        {
            "from": [0, 6, 14],
            "to": [1, 7, 15],
            "faces": {
                "north": {"uv": [14, 10, 15, 9], "texture": "#all", "cullface": "west"},
                "west": {"uv": [14, 9, 15, 10], "texture": "#all", "cullface": "west"},
                "up": {"uv": [14, 9, 15, 10], "rotation": 270, "texture": "#all", "cullface": "west"}
            }
        },
        {
            "from": [0, 8, 1],
            "to": [1, 10, 15],
            "faces": {
                "west": {"uv": [1, 6, 15, 8], "texture": "#all", "cullface": "west"},
                "up": {"uv": [15, 6, 1, 7], "rotation": 270, "texture": "#all", "cullface": "west"},
                "down": {"uv": [15, 7, 1, 8], "rotation": 90, "texture": "#all", "cullface": "west"}
            }
        },
        {
            "from": [0, 10, 8],
            "to": [1, 11, 12],
            "faces": {
                "north": {"uv": [8, 6, 9, 5], "texture": "#all", "cullface": "west"},
                "south": {"uv": [11, 5, 12, 6], "texture": "#all", "cullface": "west"},
                "west": {"uv": [8, 5, 12, 6], "texture": "#all", "cullface": "west"},
                "up": {"uv": [12, 5, 8, 6], "rotation": 270, "texture": "#all", "cullface": "west"}
            }
        },
        {
            "from": [0, 11, 10],
            "to": [3, 12, 16],
            "faces": {
                "north": {"uv": [10, 4, 11, 5], "texture": "#all", "cullface": "west"},
                "east": {"uv": [2, 4, 3, 5], "texture": "#all", "cullface": "south"},
                "south": {"uv": [0, 4, 3, 5], "texture": "#all", "cullface": "south"},
                "west": {"uv": [10, 4, 16, 5], "texture": "#all", "cullface": "west"},
                "down": {"uv": [16, 4, 10, 5], "rotation": 90, "texture": "#all", "cullface": "west"}
            }
        },
        {
            "from": [0, 12, 8],
            "to": [1, 16, 16],
            "faces": {
                "north": {"uv": [8, 0, 9, 4], "texture": "#all", "cullface": "west"},
                "east": {"uv": [0, 8, 1, 16], "rotation": 90, "texture": "#all", "cullface": "up"},
                "south": {"uv": [0, 0, 1, 4], "texture": "#all", "cullface": "south"},
                "west": {"uv": [8, 0, 16, 4], "texture": "#all", "cullface": "west"},
                "up": {"uv": [0, 8, 1, 16], "texture": "#all", "cullface": "up"},
                "down": {"uv": [16, 3, 8, 4], "rotation": 90, "texture": "#all", "cullface": "west"}
            }
        },
        {
            "from": [0, 10, 0],
            "to": [2, 11, 4],
            "faces": {
                "north": {"uv": [14, 5, 16, 6], "texture": "#all", "cullface": "north"},
                "east": {"uv": [14, 5, 15, 6], "texture": "#all", "cullface": "north"},
                "south": {"uv": [3, 5, 4, 6], "texture": "#all", "cullface": "west"},
                "west": {"uv": [0, 5, 4, 6], "texture": "#all", "cullface": "west"},
                "up": {"uv": [4, 5, 0, 6], "rotation": 270, "texture": "#all", "cullface": "west"}
            }
        }
    ]
}