{"parent": "block/template_torch", "textures": {"torch": "block/redstone_torch", "particle": "block/redstone_torch"}, "elements": [{"from": [1, 8.5, 7], "to": [3, 10.5, 9], "rotation": {"angle": -22.5, "axis": "z", "origin": [8, 8, 8]}, "faces": {"north": {"uv": [7, 6, 9, 8], "texture": "#torch"}, "east": {"uv": [7, 6, 9, 8], "texture": "#torch"}, "south": {"uv": [7, 6, 9, 8], "texture": "#torch"}, "west": {"uv": [7, 6, 9, 8], "texture": "#torch"}, "up": {"uv": [7, 6, 9, 8], "texture": "#torch"}}}, {"from": [1, 0.5, 7], "to": [3, 7.5, 9], "rotation": {"angle": -22.5, "axis": "z", "origin": [8, 8, 8]}, "faces": {"north": {"uv": [7, 9, 9, 16], "texture": "#torch"}, "east": {"uv": [7, 9, 9, 16], "texture": "#torch"}, "south": {"uv": [7, 9, 9, 16], "texture": "#torch"}, "west": {"uv": [7, 9, 9, 16], "texture": "#torch"}, "down": {"uv": [7, 14, 9, 16], "texture": "#torch"}}}, {"from": [1, 7.5, 7], "to": [3, 8.5, 9], "rotation": {"angle": -22.5, "axis": "z", "origin": [8, 8, 8]}, "faces": {"north": {"uv": [7, 15, 9, 16], "texture": "#torch"}, "east": {"uv": [7, 15, 9, 16], "texture": "#torch"}, "south": {"uv": [7, 15, 9, 16], "texture": "#torch"}, "west": {"uv": [7, 15, 9, 16], "texture": "#torch"}}}, {"from": [1, 7.74, 6.25], "to": [3, 8.49, 7], "rotation": {"angle": -22.5, "axis": "z", "origin": [8, 8, 8]}, "faces": {"north": {"uv": [7, 8, 9, 9], "texture": "#torch"}, "east": {"uv": [7, 8, 8, 9], "texture": "#torch"}, "west": {"uv": [8, 8, 9, 9], "texture": "#torch"}, "up": {"uv": [7, 8, 9, 9], "rotation": 180, "texture": "#torch"}, "down": {"uv": [7, 8, 9, 9], "rotation": 180, "texture": "#torch"}}}, {"from": [0.25, 7.75, 7], "to": [1, 8.5, 9], "rotation": {"angle": -22.5, "axis": "z", "origin": [8, 8, 8]}, "faces": {"north": {"uv": [7, 8, 8, 9], "texture": "#torch"}, "south": {"uv": [8, 8, 9, 9], "texture": "#torch"}, "west": {"uv": [7, 8, 9, 9], "texture": "#torch"}, "up": {"uv": [7, 8, 9, 9], "rotation": 90, "texture": "#torch"}, "down": {"uv": [7, 8, 9, 9], "rotation": 270, "texture": "#torch"}}}, {"from": [1, 7.74, 9], "to": [3, 8.49, 9.75], "rotation": {"angle": -22.5, "axis": "z", "origin": [8, 8, 8]}, "faces": {"east": {"uv": [8, 8, 9, 9], "texture": "#torch"}, "south": {"uv": [7, 8, 9, 9], "texture": "#torch"}, "west": {"uv": [7, 8, 8, 9], "texture": "#torch"}, "up": {"uv": [7, 8, 9, 9], "texture": "#torch"}, "down": {"uv": [7, 8, 9, 9], "texture": "#torch"}}}, {"from": [3, 7.74, 7], "to": [3.75, 8.49, 9], "rotation": {"angle": -22.5, "axis": "z", "origin": [8, 8, 8]}, "faces": {"north": {"uv": [8, 8, 9, 9], "texture": "#torch"}, "east": {"uv": [7, 8, 9, 9], "texture": "#torch"}, "south": {"uv": [7, 8, 8, 9], "texture": "#torch"}, "up": {"uv": [7, 8, 9, 9], "rotation": 270, "texture": "#torch"}, "down": {"uv": [7, 8, 9, 9], "rotation": 90, "texture": "#torch"}}}, {"from": [3, 10.49, 7], "to": [3.75, 11.24, 9], "rotation": {"angle": -22.5, "axis": "z", "origin": [8, 8, 8]}, "faces": {"north": {"uv": [7, 5, 9, 6], "texture": "#torch"}, "east": {"uv": [7, 5, 9, 6], "texture": "#torch"}, "south": {"uv": [7, 5, 9, 6], "texture": "#torch"}, "west": {"uv": [7, 5, 9, 6], "texture": "#torch"}, "up": {"uv": [7, 5, 9, 6], "texture": "#torch"}, "down": {"uv": [7, 5, 9, 6], "texture": "#torch"}}}, {"from": [1, 10.49, 6.25], "to": [3, 11.24, 7], "rotation": {"angle": -22.5, "axis": "z", "origin": [8, 8, 8]}, "faces": {"north": {"uv": [7, 5, 9, 6], "rotation": 180, "texture": "#torch"}, "east": {"uv": [7, 5, 9, 6], "rotation": 180, "texture": "#torch"}, "south": {"uv": [7, 5, 9, 6], "rotation": 180, "texture": "#torch"}, "west": {"uv": [7, 5, 9, 6], "rotation": 180, "texture": "#torch"}, "up": {"uv": [7, 5, 9, 6], "rotation": 180, "texture": "#torch"}, "down": {"uv": [7, 5, 9, 6], "rotation": 180, "texture": "#torch"}}}, {"from": [0.25, 10.49, 7], "to": [1, 11.24, 9], "rotation": {"angle": -22.5, "axis": "z", "origin": [8, 8, 8]}, "faces": {"north": {"uv": [7, 5, 9, 6], "rotation": 90, "texture": "#torch"}, "east": {"uv": [7, 5, 9, 6], "rotation": 90, "texture": "#torch"}, "south": {"uv": [7, 5, 9, 6], "rotation": 90, "texture": "#torch"}, "west": {"uv": [7, 5, 9, 6], "rotation": 90, "texture": "#torch"}, "up": {"uv": [7, 5, 9, 6], "rotation": 90, "texture": "#torch"}, "down": {"uv": [7, 5, 9, 6], "rotation": 90, "texture": "#torch"}}}, {"from": [1, 10.49, 9], "to": [3, 11.24, 9.75], "rotation": {"angle": -22.5, "axis": "z", "origin": [8, 8, 8]}, "faces": {"north": {"uv": [7, 5, 9, 6], "texture": "#torch"}, "east": {"uv": [7, 5, 9, 6], "texture": "#torch"}, "south": {"uv": [7, 5, 9, 6], "texture": "#torch"}, "west": {"uv": [7, 5, 9, 6], "texture": "#torch"}, "up": {"uv": [7, 5, 9, 6], "texture": "#torch"}, "down": {"uv": [7, 5, 9, 6], "texture": "#torch"}}}, {"from": [3, 8.49, 6.25], "to": [3.75, 10.49, 7], "rotation": {"angle": -22.5, "axis": "z", "origin": [8, 8, 8]}, "faces": {"north": {"uv": [9, 6, 10, 8], "texture": "#torch"}, "east": {"uv": [9, 6, 10, 8], "texture": "#torch"}, "south": {"uv": [9, 6, 10, 8], "texture": "#torch"}, "west": {"uv": [9, 6, 10, 8], "texture": "#torch"}, "up": {"uv": [9, 6, 10, 8], "texture": "#torch"}, "down": {"uv": [9, 6, 10, 8], "texture": "#torch"}}}, {"from": [0.25, 8.49, 6.25], "to": [1, 10.49, 7], "rotation": {"angle": -22.5, "axis": "z", "origin": [8, 8, 8]}, "faces": {"north": {"uv": [9, 6, 10, 8], "texture": "#torch"}, "east": {"uv": [9, 6, 10, 8], "texture": "#torch"}, "south": {"uv": [9, 6, 10, 8], "texture": "#torch"}, "west": {"uv": [9, 6, 10, 8], "texture": "#torch"}, "up": {"uv": [9, 6, 10, 8], "texture": "#torch"}, "down": {"uv": [9, 6, 10, 8], "texture": "#torch"}}}, {"from": [0.25, 8.49, 9], "to": [1, 10.49, 9.75], "rotation": {"angle": -22.5, "axis": "z", "origin": [8, 8, 8]}, "faces": {"north": {"uv": [9, 6, 10, 8], "texture": "#torch"}, "east": {"uv": [9, 6, 10, 8], "texture": "#torch"}, "south": {"uv": [9, 6, 10, 8], "texture": "#torch"}, "west": {"uv": [9, 6, 10, 8], "texture": "#torch"}, "up": {"uv": [9, 6, 10, 8], "texture": "#torch"}, "down": {"uv": [9, 6, 10, 8], "texture": "#torch"}}}, {"from": [3, 8.49, 9], "to": [3.75, 10.49, 9.75], "rotation": {"angle": -22.5, "axis": "z", "origin": [8, 8, 8]}, "faces": {"north": {"uv": [9, 6, 10, 8], "texture": "#torch"}, "east": {"uv": [9, 6, 10, 8], "texture": "#torch"}, "south": {"uv": [9, 6, 10, 8], "texture": "#torch"}, "west": {"uv": [9, 6, 10, 8], "texture": "#torch"}, "up": {"uv": [9, 6, 10, 8], "texture": "#torch"}, "down": {"uv": [9, 6, 10, 8], "texture": "#torch"}}}], "display": {"thirdperson_righthand": {"translation": [0, 3, 1], "scale": [0.55, 0.55, 0.55]}, "thirdperson_lefthand": {"translation": [0, 3, 1], "scale": [0.55, 0.55, 0.55]}, "firstperson_righthand": {"rotation": [0, -90, 25], "translation": [1.13, 3.2, 1.13], "scale": [0.68, 0.68, 0.68]}, "firstperson_lefthand": {"rotation": [0, -90, 25], "translation": [1.13, 3.2, 1.13], "scale": [0.68, 0.68, 0.68]}, "ground": {"translation": [0, 2, 0], "scale": [0.5, 0.5, 0.5]}, "gui": {"rotation": [30, 225, 0], "translation": [0, 2, 0]}, "head": {"rotation": [0, 180, 0], "translation": [0, 13, 7]}, "fixed": {"rotation": [0, 180, 0]}}}