{
	"credit": "Made by awildthomas",
	"textures": {
		"top": "block/respawn_anchor_top",
		"bottom": "block/respawn_anchor_bottom",
		"particle": "block/respawn_anchor_side3",
		"side": "block/respawn_anchor_side3"
	},
	"elements": [
		{
			"from": [0, 0, 0],
			"to": [16, 9, 16],
			"faces": {
				"north": {"uv": [0, 7, 16, 16], "texture": "#side", "cullface": "north"},
				"east": {"uv": [0, 7, 16, 16], "texture": "#side", "cullface": "east"},
				"south": {"uv": [0, 7, 16, 16], "texture": "#side", "cullface": "south"},
				"west": {"uv": [0, 7, 16, 16], "texture": "#side", "cullface": "west"},
				"up": {"uv": [7, 7, 9, 8], "texture": "#side"},
				"down": {"uv": [0, 0, 16, 16], "texture": "#bottom", "cullface": "down"}
			}
		},
		{
			"from": [0, 9, 0],
			"to": [16, 13, 6],
			"faces": {
				"east": {"uv": [10, 3, 16, 7], "texture": "#side", "cullface": "east"},
				"south": {"uv": [5, 3, 11, 7], "texture": "#side"},
				"west": {"uv": [0, 3, 6, 7], "texture": "#side", "cullface": "west"}
			}
		},
		{
			"from": [0, 9, 0],
			"to": [6, 13, 16],
			"faces": {
				"north": {"uv": [10, 3, 16, 7], "texture": "#side", "cullface": "north"},
				"east": {"uv": [5, 3, 11, 7], "texture": "#side"},
				"south": {"uv": [0, 3, 6, 7], "texture": "#side", "cullface": "south"}
			}
		},
		{
			"from": [0, 9, 10],
			"to": [16, 13, 16],
			"faces": {
				"north": {"uv": [5, 3, 11, 7], "texture": "#side"},
				"east": {"uv": [0, 3, 6, 7], "texture": "#side", "cullface": "east"},
				"west": {"uv": [10, 3, 16, 7], "texture": "#side", "cullface": "west"}
			}
		},
		{
			"from": [10, 9, 0],
			"to": [16, 13, 16],
			"faces": {
				"north": {"uv": [0, 3, 6, 7], "texture": "#side", "cullface": "north"},
				"south": {"uv": [10, 3, 16, 7], "texture": "#side", "cullface": "south"},
				"west": {"uv": [5, 3, 11, 7], "texture": "#side"}
			}
		},
		{
			"from": [1, 9, 1],
			"to": [15, 15, 15],
			"faces": {
				"north": {"uv": [1, 1, 15, 7], "texture": "#side", "cullface": "north"},
				"east": {"uv": [1, 1, 15, 7], "texture": "#side", "cullface": "east"},
				"south": {"uv": [1, 1, 15, 7], "texture": "#side", "cullface": "south"},
				"west": {"uv": [1, 1, 15, 7], "texture": "#side", "cullface": "west"},
				"up": {"uv": [1, 1, 15, 15], "texture": "#top", "cullface": "up"}
			}
		},
		{
			"from": [0, 13, 0],
			"to": [16, 16, 2],
			"faces": {
				"north": {"uv": [0, 0, 16, 3], "texture": "#side", "cullface": "north"},
				"east": {"uv": [14, 0, 16, 3], "texture": "#side", "cullface": "east"},
				"south": {"uv": [0, 1, 16, 2], "texture": "#top", "cullface": "up"},
				"west": {"uv": [0, 0, 2, 3], "texture": "#side", "cullface": "west"},
				"up": {"uv": [0, 0, 16, 2], "texture": "#top", "cullface": "up"},
				"down": {"uv": [7, 2, 9, 3], "texture": "#side", "cullface": "north"}
			}
		},
		{
			"from": [0, 13, 14],
			"to": [16, 16, 16],
			"faces": {
				"north": {"uv": [16, 14, 0, 15], "texture": "#top", "cullface": "up"},
				"east": {"uv": [0, 0, 2, 3], "texture": "#side", "cullface": "east"},
				"south": {"uv": [0, 0, 16, 3], "texture": "#side", "cullface": "south"},
				"west": {"uv": [14, 0, 16, 3], "texture": "#side", "cullface": "west"},
				"up": {"uv": [0, 14, 16, 16], "texture": "#top", "cullface": "up"},
				"down": {"uv": [7, 2, 9, 3], "texture": "#side", "cullface": "south"}
			}
		},
		{
			"from": [14, 13, 2],
			"to": [16, 16, 14],
			"faces": {
				"east": {"uv": [2, 0, 14, 3], "texture": "#side", "cullface": "east"},
				"west": {"uv": [14, 14, 15, 2], "rotation": 90, "texture": "#top", "cullface": "up"},
				"up": {"uv": [14, 2, 16, 14], "texture": "#top", "cullface": "up"},
				"down": {"uv": [7, 2, 9, 3], "texture": "#side", "cullface": "east"}
			}
		},
		{
			"from": [0, 13, 2],
			"to": [2, 16, 14],
			"faces": {
				"east": {"uv": [1, 2, 2, 14], "rotation": 90, "texture": "#top", "cullface": "up"},
				"west": {"uv": [2, 0, 14, 3], "texture": "#side", "cullface": "west"},
				"up": {"uv": [0, 2, 2, 14], "texture": "#top", "cullface": "up"},
				"down": {"uv": [7, 2, 9, 3], "texture": "#side", "cullface": "west"}
			}
		},
		{
			"from": [0, 9, 6],
			"to": [16, 10, 7],
			"faces": {
				"east": {"uv": [9, 6, 10, 7], "texture": "#side", "cullface": "east"},
				"south": {"uv": [6, 6, 7, 7], "texture": "#side"},
				"west": {"uv": [6, 6, 7, 7], "texture": "#side", "cullface": "west"},
				"up": {"uv": [6, 6, 7, 7], "texture": "#side"}
			}
		},
		{
			"from": [0, 9, 9],
			"to": [16, 10, 10],
			"faces": {
				"north": {"uv": [6, 6, 7, 7], "texture": "#side"},
				"east": {"uv": [6, 6, 7, 7], "texture": "#side", "cullface": "east"},
				"west": {"uv": [6, 6, 7, 7], "texture": "#side", "cullface": "west"},
				"up": {"uv": [6, 6, 7, 7], "texture": "#side"}
			}
		},
		{
			"from": [0, 12, 9],
			"to": [16, 13, 10],
			"faces": {
				"north": {"uv": [6, 3, 7, 4], "texture": "#side"},
				"east": {"uv": [6, 3, 7, 4], "texture": "#side", "cullface": "east"},
				"west": {"uv": [6, 3, 7, 4], "texture": "#side", "cullface": "west"},
				"down": {"uv": [6, 3, 7, 4], "texture": "#side"}
			}
		},
		{
			"from": [0, 12, 6],
			"to": [16, 13, 7],
			"faces": {
				"east": {"uv": [9, 3, 10, 4], "texture": "#side", "cullface": "east"},
				"south": {"uv": [9, 3, 10, 4], "texture": "#side"},
				"west": {"uv": [9, 3, 10, 4], "texture": "#side", "cullface": "west"},
				"down": {"uv": [9, 3, 10, 4], "texture": "#side"}
			}
		},
		{
			"from": [6, 12, 0],
			"to": [7, 13, 16],
			"faces": {
				"north": {"uv": [6, 3, 7, 4], "texture": "#side", "cullface": "north"},
				"east": {"uv": [6, 3, 7, 4], "texture": "#side"},
				"south": {"uv": [6, 3, 7, 4], "texture": "#side", "cullface": "south"},
				"down": {"uv": [6, 3, 7, 4], "texture": "#side"}
			}
		},
		{
			"from": [6, 9, 0],
			"to": [7, 10, 16],
			"faces": {
				"north": {"uv": [6, 6, 7, 7], "texture": "#side", "cullface": "north"},
				"east": {"uv": [6, 6, 7, 7], "texture": "#side"},
				"south": {"uv": [6, 6, 7, 7], "texture": "#side", "cullface": "south"},
				"up": {"uv": [6, 6, 7, 7], "texture": "#side"}
			}
		},
		{
			"from": [9, 9, 0],
			"to": [10, 10, 16],
			"faces": {
				"north": {"uv": [6, 6, 7, 7], "texture": "#side", "cullface": "north"},
				"south": {"uv": [9, 6, 10, 7], "texture": "#side", "cullface": "south"},
				"west": {"uv": [6, 6, 7, 7], "texture": "#side"},
				"up": {"uv": [6, 6, 7, 7], "texture": "#side"}
			}
		},
		{
			"from": [9, 12, 0],
			"to": [10, 13, 16],
			"faces": {
				"north": {"uv": [9, 3, 10, 4], "texture": "#side", "cullface": "north"},
				"south": {"uv": [9, 3, 10, 4], "texture": "#side", "cullface": "south"},
				"west": {"uv": [9, 3, 10, 4], "texture": "#side"},
				"down": {"uv": [9, 3, 10, 4], "texture": "#side"}
			}
		},
		{
			"from": [6, 11, 15],
			"to": [10, 13, 15.5],
			"faces": {
				"south": {"uv": [6, 3, 10, 5], "texture": "#side", "cullface": "south"},
				"down": {"uv": [6, 4, 10, 5], "texture": "#side", "cullface": "south"}
			}
		},
		{
			"from": [8, 9, 15],
			"to": [10, 11, 15.5],
			"faces": {
				"south": {"uv": [8, 5, 10, 7], "texture": "#side", "cullface": "south"},
				"west": {"uv": [8, 5, 9, 7], "texture": "#side", "cullface": "south"}
			}
		},
		{
			"from": [0.5, 11, 6],
			"to": [1, 13, 10],
			"faces": {
				"west": {"uv": [6, 3, 10, 5], "texture": "#side", "cullface": "west"},
				"down": {"uv": [6, 4, 10, 5], "rotation": 270, "texture": "#side", "cullface": "west"}
			}
		},
		{
			"from": [0.5, 9, 8],
			"to": [1, 11, 10],
			"faces": {
				"north": {"uv": [8, 5, 9, 7], "texture": "#side", "cullface": "west"},
				"west": {"uv": [8, 5, 10, 7], "texture": "#side", "cullface": "west"}
			}
		},
		{
			"from": [6, 11, 0.5],
			"to": [10, 13, 1],
			"faces": {
				"north": {"uv": [6, 3, 10, 5], "texture": "#side", "cullface": "north"},
				"down": {"uv": [10, 4, 6, 5], "texture": "#side", "cullface": "north"}
			}
		},
		{
			"from": [6, 9, 0.5],
			"to": [8, 11, 1],
			"faces": {
				"north": {"uv": [8, 5, 10, 7], "texture": "#side", "cullface": "north"},
				"east": {"uv": [8, 5, 9, 7], "texture": "#side", "cullface": "north"}
			}
		},
		{
			"from": [15, 11, 6],
			"to": [15.5, 13, 10],
			"faces": {
				"east": {"uv": [6, 3, 10, 5], "texture": "#side", "cullface": "east"},
				"down": {"uv": [6, 4, 10, 5], "rotation": 90, "texture": "#side", "cullface": "east"}
			}
		},
		{
			"from": [15, 9, 6],
			"to": [15.5, 11, 8],
			"faces": {
				"east": {"uv": [8, 5, 10, 7], "texture": "#side", "cullface": "east"},
				"south": {"uv": [8, 5, 9, 7], "texture": "#side", "cullface": "east"}
			}
		}
	]
}