{
    "credit": "Made by The_Wild_Thomas (Discord : thomas0535)",
    "textures": {
        "0": "block/small_amethyst_bud",
        "particle": "block/small_amethyst_bud"
    },
    "elements": [{
            "from": [3, 0, 8],
            "to": [13, 2, 10],
            "rotation": { "angle": 0, "axis": "y", "origin": [7.5, 0.5, 8.5] },
            "faces": {
                "north": { "uv": [3, 14, 13, 16], "texture": "#0" },
                "east": { "uv": [3, 14, 5, 16], "texture": "#0" },
                "south": { "uv": [3, 16, 13, 14], "texture": "#0" },
                "west": { "uv": [11, 14, 13, 16], "texture": "#0" },
                "up": { "uv": [3, 14, 13, 16], "texture": "#0" },
                "down": { "uv": [3, 14, 13, 16], "texture": "#0" }
            }
        },
        {
            "from": [3, 0, 8],
            "to": [13, 2, 10],
            "rotation": { "angle": 45, "axis": "y", "origin": [8, 1.75, 9] },
            "faces": {
                "north": { "uv": [3, 14, 13, 16], "texture": "#0" },
                "east": { "uv": [3, 14, 5, 16], "texture": "#0" },
                "south": { "uv": [3, 16, 13, 14], "texture": "#0" },
                "west": { "uv": [11, 14, 13, 16], "texture": "#0" },
                "up": { "uv": [3, 14, 13, 16], "texture": "#0" },
                "down": { "uv": [3, 14, 13, 16], "texture": "#0" }
            }
        },
        {
            "from": [7, 0, 4],
            "to": [9, 2, 14],
            "rotation": { "angle": 22.5, "axis": "y", "origin": [8, 1.75, 9] },
            "faces": {
                "north": { "uv": [3, 14, 5, 16], "texture": "#0" },
                "east": { "uv": [3, 16, 13, 14], "texture": "#0" },
                "south": { "uv": [11, 14, 13, 16], "texture": "#0" },
                "west": { "uv": [3, 14, 13, 16], "texture": "#0" },
                "up": { "uv": [3, 14, 13, 16], "rotation": 270, "texture": "#0" },
                "down": { "uv": [3, 14, 13, 16], "rotation": 90, "texture": "#0" }
            }
        },
        {
            "from": [5, 0, 6],
            "to": [11, 2, 12],
            "rotation": { "angle": 0, "axis": "y", "origin": [8.5, 0.5, 8.5] },
            "faces": {
                "north": { "uv": [3, 14, 9, 16], "texture": "#0" },
                "east": { "uv": [3, 14, 9, 16], "texture": "#0" },
                "south": { "uv": [3, 14, 9, 16], "texture": "#0" },
                "west": { "uv": [3, 14, 9, 16], "texture": "#0" },
                "up": { "uv": [6, 13, 9, 16], "texture": "#0" },
                "down": { "uv": [3, 14, 13, 16], "texture": "#0" }
            }
        },
        {
            "from": [4, 2, 8.25],
            "to": [12, 3, 9.75],
            "rotation": { "angle": 0, "axis": "y", "origin": [7.5, 2.5, 8.5] },
            "faces": {
                "north": { "uv": [4, 13, 12, 14], "texture": "#0" },
                "east": { "uv": [3, 14, 5, 16], "texture": "#0" },
                "south": { "uv": [4, 13, 12, 14], "texture": "#0" },
                "west": { "uv": [11, 14, 13, 16], "texture": "#0" },
                "up": { "uv": [4, 13, 12, 15], "texture": "#0" },
                "down": { "uv": [4, 13, 12, 15], "texture": "#0" }
            }
        },
        {
            "from": [4, 2, 8.25],
            "to": [12, 3, 9.75],
            "rotation": { "angle": 45, "axis": "y", "origin": [8, 1.75, 9] },
            "faces": {
                "north": { "uv": [4, 13, 12, 14], "texture": "#0" },
                "east": { "uv": [3, 14, 5, 16], "texture": "#0" },
                "south": { "uv": [4, 13, 12, 14], "texture": "#0" },
                "west": { "uv": [11, 14, 13, 16], "texture": "#0" },
                "up": { "uv": [4, 13, 12, 15], "texture": "#0" },
                "down": { "uv": [4, 13, 12, 15], "texture": "#0" }
            }
        },
        {
            "from": [7.25, 2, 5],
            "to": [8.75, 3, 13],
            "rotation": { "angle": 22.5, "axis": "y", "origin": [8, 1.75, 9] },
            "faces": {
                "north": { "uv": [3, 14, 5, 16], "texture": "#0" },
                "east": { "uv": [4, 13, 12, 14], "texture": "#0" },
                "south": { "uv": [11, 14, 13, 16], "texture": "#0" },
                "west": { "uv": [4, 13, 12, 14], "texture": "#0" },
                "up": { "uv": [4, 13, 12, 15], "rotation": 270, "texture": "#0" },
                "down": { "uv": [4, 13, 12, 15], "rotation": 90, "texture": "#0" }
            }
        },
        {
            "from": [7, 3, 8],
            "to": [10, 4, 11],
            "rotation": { "angle": 0, "axis": "y", "origin": [15, 11, 16] },
            "faces": {
                "north": { "uv": [7, 12, 10, 13], "texture": "#0" },
                "east": { "uv": [7, 12, 10, 13], "texture": "#0" },
                "south": { "uv": [7, 12, 10, 13], "texture": "#0" },
                "west": { "uv": [7, 12, 10, 13], "texture": "#0" },
                "up": { "uv": [7, 12, 10, 15], "texture": "#0" },
                "down": { "uv": [7, 12, 10, 15], "texture": "#0" }
            }
        },
        {
            "from": [8, 4, 9],
            "to": [9, 5, 10],
            "rotation": { "angle": 0, "axis": "y", "origin": [15, 11, 16] },
            "faces": {
                "north": { "uv": [8, 11, 9, 12], "texture": "#0" },
                "east": { "uv": [8, 11, 9, 12], "texture": "#0" },
                "south": { "uv": [8, 11, 9, 12], "texture": "#0" },
                "west": { "uv": [8, 11, 9, 12], "texture": "#0" },
                "up": { "uv": [8, 11, 9, 12], "texture": "#0" },
                "down": { "uv": [8, 11, 9, 12], "texture": "#0" }
            }
        }
    ],
    "display": {
        "thirdperson_righthand": {
            "translation": [0, 3.75, 1.75],
            "scale": [0.49, 0.49, 0.49]
        },
        "thirdperson_lefthand": {
            "translation": [0, 3.75, 1.75],
            "scale": [0.49, 0.49, 0.49]
        },
        "firstperson_righthand": {
            "rotation": [20, -37, 22],
            "translation": [0, 7.25, 0]
        },
        "firstperson_lefthand": {
            "rotation": [20, -37, 22],
            "translation": [0, 7.25, 0]
        },
        "ground": {
            "translation": [0, 5.25, 0]
        },
        "gui": {
            "rotation": [39, -51, 0],
            "translation": [0.75, 5.5, 0]
        },
        "head": {
            "translation": [0, 14.75, -2]
        },
        "fixed": {
            "rotation": [-90, 0, 0],
            "translation": [0, -1.25, -7.5]
        }
    }
}