{
	"credit": "Made by awildthomas",
	"ambientocclusion": false,
	"textures": {
		"front_on": "block/smoker_front_on",
		"bottom": "block/smoker_bottom",
		"top": "block/smoker_top",
		"front": "block/smoker_front",
		"particle": "block/smoker_side",
		"side": "block/smoker_side"
	},
	"elements": [
		{
			"from": [0, 0, 1],
			"to": [16, 16, 16],
			"faces": {
				"north": {"uv": [0, 0, 16, 16], "texture": "#front_on", "cullface": "north"},
				"south": {"uv": [0, 0, 16, 16], "texture": "#side", "cullface": "south"}
			}
		},
		{
			"from": [2, 7, 0],
			"to": [14, 8, 1],
			"faces": {
				"north": {"uv": [2, 8, 14, 9], "texture": "#front", "cullface": "north"},
				"up": {"uv": [14, 8, 2, 9], "texture": "#front", "cullface": "north"},
				"down": {"uv": [14, 8, 2, 9], "texture": "#front", "cullface": "north"}
			}
		},
		{
			"from": [2, 8, 0],
			"to": [4, 12, 1],
			"faces": {
				"north": {"uv": [12, 4, 14, 8], "texture": "#front", "cullface": "north"}
			}
		},
		{
			"from": [13, 8, 0],
			"to": [14, 12, 1],
			"faces": {
				"north": {"uv": [2, 4, 3, 8], "texture": "#front", "cullface": "north"},
				"west": {"uv": [2, 4, 3, 8], "texture": "#front", "cullface": "north"}
			}
		},
		{
			"from": [0, 12, 0],
			"to": [16, 16, 16],
			"faces": {
				"north": {"uv": [0, 0, 16, 4], "texture": "#front", "cullface": "north"},
				"east": {"uv": [0, 0, 16, 4], "texture": "#side", "cullface": "east"},
				"west": {"uv": [0, 0, 16, 4], "texture": "#side", "cullface": "west"},
				"up": {"uv": [0, 0, 16, 16], "texture": "#top", "cullface": "up"},
				"down": {"uv": [16, 16, 0, 3], "texture": "#front", "cullface": "north"}
			}
		},
		{
			"from": [12, 8, 0],
			"to": [13, 9, 1],
			"faces": {
				"north": {"uv": [3, 7, 4, 8], "texture": "#front_on", "cullface": "north"},
				"west": {"uv": [3, 7, 4, 8], "texture": "#front_on", "cullface": "north"},
				"up": {"uv": [3, 7, 4, 8], "texture": "#front_on", "cullface": "north"}
			}
		},
		{
			"from": [12, 11, 0],
			"to": [13, 12, 1],
			"faces": {
				"north": {"uv": [3, 4, 4, 5], "texture": "#front_on", "cullface": "north"},
				"west": {"uv": [3, 4, 4, 5], "texture": "#front_on", "cullface": "north"},
				"down": {"uv": [3, 4, 4, 5], "texture": "#front_on", "cullface": "north"}
			}
		},
		{
			"from": [0, 0, 0],
			"to": [16, 2, 16],
			"faces": {
				"north": {"uv": [0, 14, 16, 16], "texture": "#front_on", "cullface": "north"},
				"east": {"uv": [0, 14, 16, 16], "texture": "#side", "cullface": "east"},
				"west": {"uv": [0, 14, 16, 16], "texture": "#side", "cullface": "west"},
				"up": {"uv": [16, 15, 0, 0], "texture": "#front_on", "cullface": "north"},
				"down": {"uv": [0, 0, 16, 16], "texture": "#bottom", "cullface": "down"}
			}
		},
		{
			"from": [0, 2, 0],
			"to": [2, 12, 16],
			"faces": {
				"north": {"uv": [14, 4, 16, 14], "texture": "#front_on", "cullface": "north"},
				"east": {"uv": [14, 4, 15, 14], "texture": "#front", "cullface": "north"},
				"west": {"uv": [0, 4, 16, 14], "texture": "#side", "cullface": "west"}
			}
		},
		{
			"from": [14, 2, 0],
			"to": [16, 12, 16],
			"faces": {
				"north": {"uv": [0, 4, 2, 14], "texture": "#front_on", "cullface": "north"},
				"east": {"uv": [0, 4, 16, 14], "texture": "#side", "cullface": "east"},
				"west": {"uv": [1, 4, 2, 14], "texture": "#front", "cullface": "north"}
			}
		},
		{
			"from": [3.975, 7.975, -0.975],
			"to": [6.025, 12.025, 1],
			"faces": {
				"north": {"uv": [3, 4, 5, 8], "texture": "#front", "cullface": "north"},
				"east": {"uv": [3, 4, 4, 8], "texture": "#front", "cullface": "north"},
				"west": {"uv": [4, 4, 5, 8], "texture": "#front", "cullface": "north"},
				"up": {"uv": [3, 4, 5, 6], "texture": "#front", "cullface": "north"},
				"down": {"uv": [5, 7, 3, 8], "texture": "#front", "cullface": "north"}
			}
		}
	],
	"display": {
		"thirdperson_righthand": {
			"rotation": [75, 45, 0],
			"translation": [0, 2.5, 0],
			"scale": [0.375, 0.375, 0.375]
		},
		"firstperson_righthand": {
			"rotation": [0, 45, 0],
			"scale": [0.4, 0.4, 0.4]
		},
		"firstperson_lefthand": {
			"rotation": [0, 225, 0],
			"scale": [0.4, 0.4, 0.4]
		},
		"ground": {
			"translation": [0, 3, 0],
			"scale": [0.25, 0.25, 0.25]
		},
		"gui": {
			"rotation": [30, 225, 0],
			"scale": [0.625, 0.625, 0.625]
		},
		"fixed": {
			"scale": [0.5, 0.5, 0.5]
		}
	}
}