{"parent": "block/door_bottom", "ambientocclusion": false, "textures": {"particle": "block/spruce_door_top", "top": "block/spruce_door_top"}, "elements": [{"from": [0, 0, 0], "to": [3, 16, 16], "faces": {"north": {"uv": [3, 0, 0, 16], "texture": "#top", "cullface": "north"}, "east": {"uv": [0, 0, 16, 16], "texture": "#top"}, "south": {"uv": [0, 0, 3, 16], "texture": "#top", "cullface": "south"}, "west": {"uv": [16, 0, 0, 16], "texture": "#top", "cullface": "west"}, "up": {"uv": [16, 3, 0, 0], "rotation": 90, "texture": "#top", "cullface": "up"}}}, {"from": [-0.25, 11, 1], "to": [0, 12, 3], "rotation": {"angle": 0, "axis": "y", "origin": [8, 14, 8]}, "faces": {"north": {"uv": [15, 4, 14, 5], "texture": "#top", "cullface": "west"}, "south": {"uv": [14, 4, 13, 5], "texture": "#top", "cullface": "west"}, "west": {"uv": [15, 4, 13, 5], "texture": "#top", "cullface": "west"}, "up": {"uv": [15, 4, 13, 5], "rotation": 90, "texture": "#top", "cullface": "west"}, "down": {"uv": [15, 4, 13, 5], "rotation": 270, "texture": "#top", "cullface": "west"}}}, {"from": [-0.25, 0, 1], "to": [0, 1, 3], "rotation": {"angle": 0, "axis": "y", "origin": [8, 3, 8]}, "faces": {"north": {"uv": [15, 15, 14, 16], "texture": "#top", "cullface": "west"}, "south": {"uv": [14, 15, 13, 16], "texture": "#top", "cullface": "west"}, "west": {"uv": [15, 15, 13, 16], "texture": "#top", "cullface": "west"}, "up": {"uv": [15, 15, 13, 16], "rotation": 90, "texture": "#top", "cullface": "west"}, "down": {"uv": [15, 15, 13, 16], "rotation": 270, "texture": "#top", "cullface": "west"}}}, {"from": [-0.25, 11, 4], "to": [0, 12, 6], "rotation": {"angle": 0, "axis": "y", "origin": [8, 14, 8]}, "faces": {"north": {"uv": [12, 4, 11, 5], "texture": "#top", "cullface": "west"}, "south": {"uv": [11, 4, 10, 5], "texture": "#top", "cullface": "west"}, "west": {"uv": [12, 4, 10, 5], "texture": "#top", "cullface": "west"}, "up": {"uv": [12, 4, 10, 5], "rotation": 90, "texture": "#top", "cullface": "west"}, "down": {"uv": [12, 4, 10, 5], "rotation": 270, "texture": "#top", "cullface": "west"}}}, {"from": [-0.25, 0, 4], "to": [0, 1, 6], "rotation": {"angle": 0, "axis": "y", "origin": [8, 3, 8]}, "faces": {"north": {"uv": [12, 15, 11, 16], "texture": "#top", "cullface": "west"}, "south": {"uv": [11, 15, 10, 16], "texture": "#top", "cullface": "west"}, "west": {"uv": [12, 15, 10, 16], "texture": "#top", "cullface": "west"}, "up": {"uv": [12, 15, 10, 16], "rotation": 90, "texture": "#top", "cullface": "west"}, "down": {"uv": [12, 15, 10, 16], "rotation": 270, "texture": "#top", "cullface": "west"}}}, {"from": [-0.25, 11, 7], "to": [0, 12, 9], "rotation": {"angle": 0, "axis": "y", "origin": [8, 14, 8]}, "faces": {"north": {"uv": [9, 4, 8, 5], "texture": "#top", "cullface": "west"}, "south": {"uv": [8, 4, 7, 5], "texture": "#top", "cullface": "west"}, "west": {"uv": [9, 4, 7, 5], "texture": "#top", "cullface": "west"}, "up": {"uv": [9, 4, 7, 5], "rotation": 90, "texture": "#top", "cullface": "west"}, "down": {"uv": [9, 4, 7, 5], "rotation": 270, "texture": "#top", "cullface": "west"}}}, {"from": [-0.25, 0, 7], "to": [0, 1, 9], "rotation": {"angle": 0, "axis": "y", "origin": [8, 3, 8]}, "faces": {"north": {"uv": [9, 15, 8, 16], "texture": "#top", "cullface": "west"}, "south": {"uv": [8, 15, 7, 16], "texture": "#top", "cullface": "west"}, "west": {"uv": [9, 15, 7, 16], "texture": "#top", "cullface": "west"}, "up": {"uv": [9, 15, 7, 16], "rotation": 90, "texture": "#top", "cullface": "west"}, "down": {"uv": [9, 15, 7, 16], "rotation": 270, "texture": "#top", "cullface": "west"}}}, {"from": [-0.25, 11, 10], "to": [0, 12, 12], "rotation": {"angle": 0, "axis": "y", "origin": [8, 14, 8]}, "faces": {"north": {"uv": [6, 4, 5, 5], "texture": "#top", "cullface": "west"}, "south": {"uv": [5, 4, 4, 5], "texture": "#top", "cullface": "west"}, "west": {"uv": [6, 4, 4, 5], "texture": "#top", "cullface": "west"}, "up": {"uv": [6, 4, 4, 5], "rotation": 90, "texture": "#top", "cullface": "west"}, "down": {"uv": [6, 4, 4, 5], "rotation": 270, "texture": "#top", "cullface": "west"}}}, {"from": [-0.25, 0, 10], "to": [0, 1, 12], "rotation": {"angle": 0, "axis": "y", "origin": [8, 3, 8]}, "faces": {"north": {"uv": [6, 15, 5, 16], "texture": "#top", "cullface": "west"}, "south": {"uv": [5, 15, 4, 16], "texture": "#top", "cullface": "west"}, "west": {"uv": [6, 15, 4, 16], "texture": "#top", "cullface": "west"}, "up": {"uv": [6, 15, 4, 16], "rotation": 90, "texture": "#top", "cullface": "west"}, "down": {"uv": [6, 15, 4, 16], "rotation": 270, "texture": "#top", "cullface": "west"}}}, {"from": [-0.25, 11, 13], "to": [0, 12, 16], "rotation": {"angle": 0, "axis": "y", "origin": [8, 14, 8]}, "faces": {"north": {"uv": [3, 4, 2, 5], "texture": "#top", "cullface": "west"}, "south": {"uv": [1, 4, 0, 5], "texture": "#top", "cullface": "west"}, "west": {"uv": [3, 4, 0, 5], "texture": "#top", "cullface": "west"}, "up": {"uv": [3, 4, 0, 5], "rotation": 90, "texture": "#top", "cullface": "west"}, "down": {"uv": [3, 4, 0, 5], "rotation": 270, "texture": "#top", "cullface": "west"}}}, {"from": [-0.25, 0, 13], "to": [0, 1, 16], "rotation": {"angle": 0, "axis": "y", "origin": [8, 3, 8]}, "faces": {"north": {"uv": [3, 15, 2, 16], "texture": "#top", "cullface": "west"}, "south": {"uv": [1, 15, 0, 16], "texture": "#top", "cullface": "west"}, "west": {"uv": [3, 15, 0, 16], "texture": "#top", "cullface": "west"}, "up": {"uv": [3, 15, 0, 16], "rotation": 90, "texture": "#top", "cullface": "west"}, "down": {"uv": [3, 15, 0, 16], "rotation": 270, "texture": "#top", "cullface": "west"}}}, {"from": [-0.25, 10, 15], "to": [0, 11, 16], "rotation": {"angle": 0, "axis": "y", "origin": [8, 14, 8]}, "faces": {"north": {"uv": [1, 5, 0, 6], "texture": "#top", "cullface": "west"}, "south": {"uv": [1, 5, 0, 6], "texture": "#top", "cullface": "west"}, "west": {"uv": [1, 5, 0, 6], "texture": "#top", "cullface": "west"}, "down": {"uv": [0, 6, 1, 5], "texture": "#top", "cullface": "west"}}}, {"from": [0.02, 10, 16], "to": [1.02, 11, 16.25], "rotation": {"angle": 0, "axis": "y", "origin": [8, 14, 8]}, "faces": {"east": {"uv": [0, 5, 1, 6], "texture": "#top", "cullface": "south"}, "south": {"uv": [0, 5, 1, 6], "texture": "#top", "cullface": "south"}, "west": {"uv": [0, 5, 1, 6], "texture": "#top", "cullface": "south"}, "down": {"uv": [1, 6, 0, 5], "texture": "#top", "cullface": "south"}}}, {"from": [0.02, 11, 16], "to": [3.02, 12, 16.25], "rotation": {"angle": 0, "axis": "y", "origin": [8, 14, 8]}, "faces": {"east": {"uv": [2, 4, 3, 5], "texture": "#top", "cullface": "south"}, "south": {"uv": [0, 4, 3, 5], "texture": "#top", "cullface": "south"}, "west": {"uv": [0, 4, 1, 5], "texture": "#top", "cullface": "south"}, "up": {"uv": [3, 5, 0, 4], "rotation": 180, "texture": "#top", "cullface": "south"}, "down": {"uv": [3, 5, 0, 4], "rotation": 180, "texture": "#top", "cullface": "south"}}}, {"from": [0.02, 0, 16], "to": [3.02, 1, 16.25], "rotation": {"angle": 0, "axis": "y", "origin": [8, 3, 8]}, "faces": {"east": {"uv": [2, 15, 3, 16], "texture": "#top", "cullface": "south"}, "south": {"uv": [0, 15, 3, 16], "texture": "#top", "cullface": "south"}, "west": {"uv": [0, 15, 1, 16], "texture": "#top", "cullface": "south"}, "up": {"uv": [3, 16, 0, 15], "rotation": 180, "texture": "#top", "cullface": "south"}, "down": {"uv": [3, 16, 0, 15], "rotation": 180, "texture": "#top", "cullface": "south"}}}, {"from": [3, 10, 15], "to": [3.25, 11, 16], "rotation": {"angle": 0, "axis": "y", "origin": [-5, 14, 8]}, "faces": {"north": {"uv": [0, 5, 1, 6], "texture": "#top"}, "east": {"uv": [0, 5, 1, 6], "texture": "#top"}, "south": {"uv": [0, 5, 1, 6], "texture": "#top"}, "down": {"uv": [1, 6, 0, 5], "texture": "#top"}}}, {"from": [3, 11, 13], "to": [3.25, 12, 16], "rotation": {"angle": 0, "axis": "y", "origin": [-5, 14, 8]}, "faces": {"north": {"uv": [2, 4, 3, 5], "texture": "#top"}, "east": {"uv": [0, 4, 3, 5], "texture": "#top"}, "south": {"uv": [0, 4, 1, 5], "texture": "#top"}, "up": {"uv": [3, 5, 0, 4], "rotation": 90, "texture": "#top"}, "down": {"uv": [3, 5, 0, 4], "rotation": 270, "texture": "#top"}}}, {"from": [3, 0, 13], "to": [3.25, 1, 16], "rotation": {"angle": 0, "axis": "y", "origin": [-5, 3, 8]}, "faces": {"north": {"uv": [2, 15, 3, 16], "texture": "#top"}, "east": {"uv": [0, 15, 3, 16], "texture": "#top"}, "south": {"uv": [0, 15, 1, 16], "texture": "#top"}, "up": {"uv": [3, 16, 0, 15], "rotation": 90, "texture": "#top"}, "down": {"uv": [3, 16, 0, 15], "rotation": 270, "texture": "#top"}}}, {"from": [3, 11, 10], "to": [3.25, 12, 12], "rotation": {"angle": 0, "axis": "y", "origin": [-5, 14, 8]}, "faces": {"north": {"uv": [5, 4, 6, 5], "texture": "#top"}, "east": {"uv": [4, 4, 6, 5], "texture": "#top"}, "south": {"uv": [4, 4, 5, 5], "texture": "#top"}, "up": {"uv": [6, 5, 4, 4], "rotation": 90, "texture": "#top"}, "down": {"uv": [6, 5, 4, 4], "rotation": 270, "texture": "#top"}}}, {"from": [3, 0, 10], "to": [3.25, 1, 12], "rotation": {"angle": 0, "axis": "y", "origin": [-5, 3, 8]}, "faces": {"north": {"uv": [5, 15, 6, 16], "texture": "#top"}, "east": {"uv": [4, 15, 6, 16], "texture": "#top"}, "south": {"uv": [4, 15, 5, 16], "texture": "#top"}, "up": {"uv": [6, 16, 4, 15], "rotation": 90, "texture": "#top"}, "down": {"uv": [6, 16, 4, 15], "rotation": 270, "texture": "#top"}}}, {"from": [3, 11, 7], "to": [3.25, 12, 9], "rotation": {"angle": 0, "axis": "y", "origin": [-5, 14, 8]}, "faces": {"north": {"uv": [8, 4, 9, 5], "texture": "#top"}, "east": {"uv": [7, 4, 9, 5], "texture": "#top"}, "south": {"uv": [7, 4, 8, 5], "texture": "#top"}, "up": {"uv": [9, 5, 7, 4], "rotation": 90, "texture": "#top"}, "down": {"uv": [9, 5, 7, 4], "rotation": 270, "texture": "#top"}}}, {"from": [3, 0, 7], "to": [3.25, 1, 9], "rotation": {"angle": 0, "axis": "y", "origin": [-5, 3, 8]}, "faces": {"north": {"uv": [8, 15, 9, 16], "texture": "#top"}, "east": {"uv": [7, 15, 9, 16], "texture": "#top"}, "south": {"uv": [7, 15, 8, 16], "texture": "#top"}, "up": {"uv": [9, 16, 7, 15], "rotation": 90, "texture": "#top"}, "down": {"uv": [9, 16, 7, 15], "rotation": 270, "texture": "#top"}}}, {"from": [3, 11, 4], "to": [3.25, 12, 6], "rotation": {"angle": 0, "axis": "y", "origin": [-5, 14, 8]}, "faces": {"north": {"uv": [8, 4, 9, 5], "texture": "#top"}, "east": {"uv": [7, 4, 9, 5], "texture": "#top"}, "south": {"uv": [7, 4, 8, 5], "texture": "#top"}, "up": {"uv": [9, 5, 7, 4], "rotation": 90, "texture": "#top"}, "down": {"uv": [9, 5, 7, 4], "rotation": 270, "texture": "#top"}}}, {"from": [3, 0, 4], "to": [3.25, 1, 6], "rotation": {"angle": 0, "axis": "y", "origin": [-5, 3, 8]}, "faces": {"north": {"uv": [11, 15, 12, 16], "texture": "#top"}, "east": {"uv": [10, 15, 12, 16], "texture": "#top"}, "south": {"uv": [10, 15, 11, 16], "texture": "#top"}, "up": {"uv": [12, 16, 10, 15], "rotation": 90, "texture": "#top"}, "down": {"uv": [12, 16, 10, 15], "rotation": 270, "texture": "#top"}}}, {"from": [3, 11, 1], "to": [3.25, 12, 3], "rotation": {"angle": 0, "axis": "y", "origin": [-5, 14, 8]}, "faces": {"north": {"uv": [14, 4, 15, 5], "texture": "#top"}, "east": {"uv": [13, 4, 15, 5], "texture": "#top"}, "south": {"uv": [13, 4, 14, 5], "texture": "#top"}, "up": {"uv": [15, 5, 13, 4], "rotation": 90, "texture": "#top"}, "down": {"uv": [15, 5, 13, 4], "rotation": 270, "texture": "#top"}}}, {"from": [3, 0, 1], "to": [3.25, 1, 3], "rotation": {"angle": 0, "axis": "y", "origin": [-5, 3, 8]}, "faces": {"north": {"uv": [14, 15, 15, 16], "texture": "#top"}, "east": {"uv": [13, 15, 15, 16], "texture": "#top"}, "south": {"uv": [13, 15, 14, 16], "texture": "#top"}, "up": {"uv": [15, 16, 13, 15], "rotation": 90, "texture": "#top"}, "down": {"uv": [15, 16, 13, 15], "rotation": 270, "texture": "#top"}}}, {"from": [0.02, 10, -0.25], "to": [1.02, 11, 0], "rotation": {"angle": 0, "axis": "y", "origin": [8, 14, 8]}, "faces": {"north": {"uv": [1, 5, 0, 6], "texture": "#top", "cullface": "north"}, "east": {"uv": [1, 5, 0, 6], "texture": "#top", "cullface": "north"}, "west": {"uv": [1, 5, 0, 6], "texture": "#top", "cullface": "north"}, "down": {"uv": [1, 5, 0, 6], "texture": "#top", "cullface": "north"}}}, {"from": [0.02, 11, -0.25], "to": [3.02, 12, 0], "rotation": {"angle": 0, "axis": "y", "origin": [8, 14, 8]}, "faces": {"north": {"uv": [3, 4, 0, 5], "texture": "#top", "cullface": "north"}, "east": {"uv": [3, 4, 2, 5], "texture": "#top", "cullface": "north"}, "west": {"uv": [1, 4, 0, 5], "texture": "#top", "cullface": "north"}, "up": {"uv": [3, 4, 0, 5], "rotation": 180, "texture": "#top", "cullface": "north"}, "down": {"uv": [3, 4, 0, 5], "rotation": 180, "texture": "#top", "cullface": "north"}}}, {"from": [0.02, 0, -0.25], "to": [3.02, 1, 0], "rotation": {"angle": 0, "axis": "y", "origin": [8, 3, 8]}, "faces": {"north": {"uv": [3, 15, 0, 16], "texture": "#top", "cullface": "north"}, "east": {"uv": [3, 15, 2, 16], "texture": "#top", "cullface": "north"}, "west": {"uv": [1, 15, 0, 16], "texture": "#top", "cullface": "north"}, "up": {"uv": [3, 15, 0, 16], "rotation": 180, "texture": "#top", "cullface": "north"}, "down": {"uv": [3, 15, 0, 16], "rotation": 180, "texture": "#top", "cullface": "north"}}}], "groups": [0, {"name": "west", "origin": [8, 8, 8], "color": 0, "children": [1, 2, 3, 4, 5, 6, 7, 8, 9, 10, 11]}, {"name": "south", "origin": [8, 8, 8], "color": 0, "children": [12, 13, 14]}, {"name": "east", "origin": [8, 8, 8], "color": 0, "children": [15, 16, 17, 18, 19, 20, 21, 22, 23, 24, 25]}, {"name": "north", "origin": [8, 8, 8], "color": 0, "children": [26, 27, 28]}]}