{"textures": {"particle": "#side"}, "elements": [{"from": [0, 0, 0], "to": [16, 8, 16], "faces": {"north": {"uv": [0, 8, 16, 16], "texture": "#side", "cullface": "north"}, "east": {"uv": [0, 8, 16, 16], "texture": "#side", "cullface": "east"}, "south": {"uv": [0, 8, 16, 16], "texture": "#side", "cullface": "south"}, "west": {"uv": [0, 8, 16, 16], "texture": "#side", "cullface": "west"}, "up": {"uv": [0, 0, 16, 16], "texture": "#top"}, "down": {"uv": [0, 0, 16, 16], "texture": "#top", "cullface": "down"}}}, {"from": [0.99, 1, -0.49], "to": [15.99, 8, 0.01], "faces": {"north": {"uv": [0, 8, 15, 15], "texture": "#side", "cullface": "north"}, "east": {"uv": [0, 8, 0.5, 15], "texture": "#side", "cullface": "north"}, "west": {"uv": [14, 8, 14.5, 15], "texture": "#side", "cullface": "north"}, "up": {"uv": [0, 8, 15, 8.5], "rotation": 180, "texture": "#side", "cullface": "north"}, "down": {"uv": [0, 14, 15, 15], "rotation": 180, "texture": "#side", "cullface": "north"}}}, {"from": [15.99, 1, 0.99], "to": [16.49, 8, 15.99], "faces": {"north": {"uv": [14, 8, 14.5, 15], "texture": "#side", "cullface": "east"}, "east": {"uv": [0, 8, 15, 15], "texture": "#side", "cullface": "east"}, "south": {"uv": [0, 8, 0.5, 15], "texture": "#side", "cullface": "east"}, "up": {"uv": [0, 8, 15, 8.5], "rotation": 270, "texture": "#side", "cullface": "east"}, "down": {"uv": [0, 14, 15, 15], "rotation": 90, "texture": "#side", "cullface": "east"}}}, {"from": [0.01, 1, 15.99], "to": [15.01, 8, 16.49], "faces": {"east": {"uv": [14, 8, 14.5, 15], "texture": "#side", "cullface": "south"}, "south": {"uv": [0, 8, 15, 15], "texture": "#side", "cullface": "south"}, "west": {"uv": [0, 8, 0.5, 15], "texture": "#side", "cullface": "south"}, "up": {"uv": [0, 8, 15, 8.5], "texture": "#side", "cullface": "south"}, "down": {"uv": [0, 14, 15, 15], "texture": "#side", "cullface": "south"}}}, {"from": [-0.49, 1, 0.01], "to": [0.01, 8, 15.01], "faces": {"north": {"uv": [0, 8, 0.5, 15], "texture": "#side", "cullface": "west"}, "south": {"uv": [14, 8, 14.5, 15], "texture": "#side", "cullface": "west"}, "west": {"uv": [0, 8, 15, 15], "texture": "#side", "cullface": "west"}, "up": {"uv": [0, 8, 15, 8.5], "rotation": 90, "texture": "#side", "cullface": "west"}, "down": {"uv": [0, 14, 15, 15], "rotation": 270, "texture": "#side", "cullface": "west"}}}], "display": {"thirdperson_righthand": {"rotation": [75, 45, 0], "translation": [0, 2.5, 0], "scale": [0.375, 0.375, 0.375]}, "thirdperson_lefthand": {"rotation": [75, 45, 0], "translation": [0, 2.5, 0], "scale": [0.375, 0.375, 0.375]}, "firstperson_righthand": {"rotation": [0, 45, 0], "scale": [0.4, 0.4, 0.4]}, "firstperson_lefthand": {"rotation": [0, 225, 0], "scale": [0.4, 0.4, 0.4]}, "ground": {"translation": [0, 3, 0], "scale": [0.25, 0.25, 0.25]}, "gui": {"rotation": [30, 225, 0], "scale": [0.625, 0.625, 0.625]}, "fixed": {"scale": [0.5, 0.5, 0.5]}}, "groups": [0, {"name": "north", "origin": [8, 8, 8], "children": [1]}, {"name": "east", "origin": [8, 8, 8], "children": [2]}, {"name": "south", "origin": [8, 8, 8], "children": [3]}, {"name": "west", "origin": [8, 8, 8], "children": [4]}]}