{"parent": "block/cube_all", "textures": {"particle": "block/deepslate_tiles", "all": "block/deepslate_tiles"}, "elements": [{"name": "main", "from": [0, 8, 0], "to": [16, 16, 16], "faces": {"north": {"uv": [0, 0, 16, 8], "texture": "#all", "cullface": "north"}, "east": {"uv": [0, 0, 16, 8], "texture": "#all", "cullface": "east"}, "south": {"uv": [0, 0, 16, 8], "texture": "#all", "cullface": "south"}, "west": {"uv": [0, 0, 16, 8], "texture": "#all", "cullface": "west"}, "up": {"uv": [0, 0, 16, 16], "texture": "#all", "cullface": "up"}, "down": {"uv": [0, 0, 16, 16], "texture": "#all"}}}, {"from": [0.97, 8, -0.5], "to": [7, 10, 0], "rotation": {"angle": 0, "axis": "y", "origin": [8, 8, 8]}, "faces": {"north": {"uv": [9, 6, 15.03, 8], "texture": "#all", "cullface": "north"}, "east": {"uv": [9, 6, 10, 8], "texture": "#all", "cullface": "north"}, "west": {"uv": [14, 6, 15, 8], "texture": "#all", "cullface": "north"}, "up": {"uv": [9, 6, 15, 7], "rotation": 180, "texture": "#all", "cullface": "north"}, "down": {"uv": [9, 7, 15, 8], "rotation": 180, "texture": "#all", "cullface": "north"}}}, {"from": [7.97, 8, -0.5], "to": [16, 10, 0], "rotation": {"angle": 0, "axis": "y", "origin": [8, 8, 8]}, "faces": {"north": {"uv": [0, 6, 8.03, 8], "texture": "#all", "cullface": "north"}, "east": {"uv": [0, 6, 1, 8], "texture": "#all", "cullface": "north"}, "west": {"uv": [7, 6, 8, 8], "texture": "#all", "cullface": "north"}, "up": {"uv": [0, 6, 8, 7], "rotation": 180, "texture": "#all", "cullface": "north"}, "down": {"uv": [0, 7, 8, 8], "rotation": 180, "texture": "#all", "cullface": "north"}}}, {"from": [13, 11, -0.5], "to": [16, 15, 0], "rotation": {"angle": 0, "axis": "y", "origin": [8, 8, 8]}, "faces": {"north": {"uv": [0, 1, 3, 5], "texture": "#all", "cullface": "north"}, "east": {"uv": [0, 1, 1, 5], "texture": "#all", "cullface": "north"}, "west": {"uv": [2, 1, 3, 5], "texture": "#all", "cullface": "north"}, "up": {"uv": [0, 1, 3, 2], "rotation": 180, "texture": "#all", "cullface": "north"}, "down": {"uv": [0, 4, 3, 5], "rotation": 180, "texture": "#all", "cullface": "north"}}}, {"from": [1, 11, -0.5], "to": [12, 15, 0], "rotation": {"angle": 0, "axis": "y", "origin": [8, 8, 8]}, "faces": {"north": {"uv": [4, 1, 15, 5], "texture": "#all", "cullface": "north"}, "east": {"uv": [4, 1, 5, 5], "texture": "#all", "cullface": "north"}, "west": {"uv": [14, 1, 15, 5], "texture": "#all", "cullface": "north"}, "up": {"uv": [4, 1, 15, 2], "rotation": 180, "texture": "#all", "cullface": "north"}, "down": {"uv": [4, 4, 15, 5], "rotation": 180, "texture": "#all", "cullface": "north"}}}, {"from": [13, 16, 14], "to": [16, 16.5, 16], "rotation": {"angle": 0, "axis": "y", "origin": [8, 8, 8]}, "faces": {"north": {"uv": [13, 14, 16, 15], "rotation": 180, "texture": "#all", "cullface": "up"}, "east": {"uv": [15, 14, 16, 16], "rotation": 90, "texture": "#all", "cullface": "up"}, "south": {"uv": [13, 15, 16, 16], "texture": "#all", "cullface": "up"}, "west": {"uv": [13, 14, 14, 16], "rotation": 270, "texture": "#all", "cullface": "up"}, "up": {"uv": [13, 14, 16, 16], "texture": "#all", "cullface": "up"}}}, {"from": [8, 16, 14], "to": [12, 16.5, 16], "rotation": {"angle": 0, "axis": "y", "origin": [8, 8, 8]}, "faces": {"north": {"uv": [8, 14, 11, 15], "rotation": 180, "texture": "#all", "cullface": "up"}, "east": {"uv": [11, 14, 12, 16], "rotation": 90, "texture": "#all", "cullface": "up"}, "south": {"uv": [8, 15, 12, 16], "texture": "#all", "cullface": "up"}, "west": {"uv": [8, 14, 9, 16], "rotation": 270, "texture": "#all", "cullface": "up"}, "up": {"uv": [8, 14, 12, 16], "texture": "#all", "cullface": "up"}}}, {"from": [0, 16, 14], "to": [7, 16.5, 16], "rotation": {"angle": 0, "axis": "y", "origin": [8, 8, 8]}, "faces": {"north": {"uv": [0, 14, 7, 15], "rotation": 180, "texture": "#all", "cullface": "up"}, "east": {"uv": [6, 14, 7, 16], "rotation": 90, "texture": "#all", "cullface": "up"}, "south": {"uv": [0, 15, 7, 16], "texture": "#all", "cullface": "up"}, "west": {"uv": [0, 14, 1, 16], "rotation": 270, "texture": "#all", "cullface": "up"}, "up": {"uv": [0, 14, 7, 16], "texture": "#all", "cullface": "up"}}}, {"from": [1, 16, 10], "to": [4, 16.5, 13], "rotation": {"angle": 0, "axis": "y", "origin": [8, 8, 8]}, "faces": {"north": {"uv": [1, 10, 4, 11], "rotation": 180, "texture": "#all", "cullface": "up"}, "east": {"uv": [3, 10, 4, 13], "rotation": 90, "texture": "#all", "cullface": "up"}, "south": {"uv": [1, 12, 4, 13], "texture": "#all", "cullface": "up"}, "west": {"uv": [1, 10, 2, 13], "rotation": 270, "texture": "#all", "cullface": "up"}, "up": {"uv": [1, 10, 4, 13], "texture": "#all", "cullface": "up"}}}, {"from": [5, 16, 10], "to": [16, 16.5, 13], "rotation": {"angle": 0, "axis": "y", "origin": [8, 8, 8]}, "faces": {"north": {"uv": [5, 10, 16, 11], "rotation": 180, "texture": "#all", "cullface": "up"}, "east": {"uv": [15, 10, 16, 13], "rotation": 90, "texture": "#all", "cullface": "up"}, "south": {"uv": [5, 12, 16, 13], "texture": "#all", "cullface": "up"}, "west": {"uv": [5, 10, 6, 13], "rotation": 270, "texture": "#all", "cullface": "up"}, "up": {"uv": [5, 10, 16, 13], "texture": "#all", "cullface": "up"}}}, {"from": [9, 16, 6], "to": [15, 16.5, 9], "rotation": {"angle": 0, "axis": "y", "origin": [8, 8, 8]}, "faces": {"north": {"uv": [9, 6, 15, 7], "rotation": 180, "texture": "#all", "cullface": "up"}, "east": {"uv": [14, 6, 15, 9], "rotation": 90, "texture": "#all", "cullface": "up"}, "south": {"uv": [9, 8, 15, 9], "texture": "#all", "cullface": "up"}, "west": {"uv": [9, 6, 10, 9], "rotation": 270, "texture": "#all", "cullface": "up"}, "up": {"uv": [9, 6, 15, 9], "texture": "#all", "cullface": "up"}}}, {"from": [0, 16, 6], "to": [8, 16.5, 9], "rotation": {"angle": 0, "axis": "y", "origin": [8, 8, 8]}, "faces": {"north": {"uv": [0, 6, 8, 7], "rotation": 180, "texture": "#all", "cullface": "up"}, "east": {"uv": [7, 6, 8, 9], "rotation": 90, "texture": "#all", "cullface": "up"}, "south": {"uv": [0, 8, 8, 9], "texture": "#all", "cullface": "up"}, "west": {"uv": [0, 6, 1, 9], "rotation": 270, "texture": "#all", "cullface": "up"}, "up": {"uv": [0, 6, 8, 9], "texture": "#all", "cullface": "up"}}}, {"from": [0, 16, 1], "to": [3, 16.5, 5], "rotation": {"angle": 0, "axis": "y", "origin": [8, 8, 8]}, "faces": {"north": {"uv": [0, 1, 3, 2], "rotation": 180, "texture": "#all", "cullface": "up"}, "east": {"uv": [2, 1, 3, 5], "rotation": 90, "texture": "#all", "cullface": "up"}, "south": {"uv": [0, 4, 3, 5], "texture": "#all", "cullface": "up"}, "west": {"uv": [0, 1, 1, 5], "rotation": 270, "texture": "#all", "cullface": "up"}, "up": {"uv": [0, 1, 3, 5], "texture": "#all", "cullface": "up"}}}, {"from": [4, 16, 1], "to": [15, 16.5, 5], "rotation": {"angle": 0, "axis": "y", "origin": [8, 8, 8]}, "faces": {"north": {"uv": [4, 1, 15, 2], "rotation": 180, "texture": "#all", "cullface": "up"}, "east": {"uv": [14, 1, 15, 5], "rotation": 90, "texture": "#all", "cullface": "up"}, "south": {"uv": [4, 4, 15, 5], "texture": "#all", "cullface": "up"}, "west": {"uv": [4, 1, 5, 5], "rotation": 270, "texture": "#all", "cullface": "up"}, "up": {"uv": [4, 1, 15, 5], "texture": "#all", "cullface": "up"}}}, {"from": [13, 7.5, 0], "to": [16, 8, 2], "rotation": {"angle": 0, "axis": "y", "origin": [8, 8, 8]}, "faces": {"north": {"uv": [13, 15, 16, 16], "rotation": 180, "texture": "#all"}, "east": {"uv": [15, 14, 16, 16], "rotation": 270, "texture": "#all"}, "south": {"uv": [13, 14, 16, 15], "texture": "#all"}, "west": {"uv": [13, 14, 14, 16], "rotation": 90, "texture": "#all"}, "down": {"uv": [13, 14, 16, 16], "texture": "#all"}}}, {"from": [8, 7.5, 0], "to": [12, 8, 2], "rotation": {"angle": 0, "axis": "y", "origin": [8, 8, 8]}, "faces": {"north": {"uv": [8, 15, 12, 16], "rotation": 180, "texture": "#all"}, "east": {"uv": [11, 14, 12, 16], "rotation": 270, "texture": "#all"}, "south": {"uv": [8, 14, 11, 15], "texture": "#all"}, "west": {"uv": [8, 14, 9, 16], "rotation": 90, "texture": "#all"}, "down": {"uv": [8, 14, 12, 16], "texture": "#all"}}}, {"from": [0, 7.5, 0], "to": [7, 8, 2], "rotation": {"angle": 0, "axis": "y", "origin": [8, 8, 8]}, "faces": {"north": {"uv": [0, 15, 7, 16], "rotation": 180, "texture": "#all"}, "east": {"uv": [6, 14, 7, 16], "rotation": 270, "texture": "#all"}, "south": {"uv": [0, 14, 7, 15], "texture": "#all"}, "west": {"uv": [0, 14, 1, 16], "rotation": 90, "texture": "#all"}, "down": {"uv": [0, 14, 7, 16], "texture": "#all"}}}, {"from": [1, 7.5, 3], "to": [4, 8, 6], "rotation": {"angle": 0, "axis": "y", "origin": [8, 8, 8]}, "faces": {"north": {"uv": [1, 12, 4, 13], "rotation": 180, "texture": "#all"}, "east": {"uv": [3, 10, 4, 13], "rotation": 270, "texture": "#all"}, "south": {"uv": [1, 10, 4, 11], "texture": "#all"}, "west": {"uv": [1, 10, 2, 13], "rotation": 90, "texture": "#all"}, "down": {"uv": [1, 10, 4, 13], "texture": "#all"}}}, {"from": [5, 7.5, 3], "to": [16, 8, 6], "rotation": {"angle": 0, "axis": "y", "origin": [8, 8, 8]}, "faces": {"north": {"uv": [5, 12, 16, 13], "rotation": 180, "texture": "#all"}, "east": {"uv": [15, 10, 16, 13], "rotation": 270, "texture": "#all"}, "south": {"uv": [5, 10, 16, 11], "texture": "#all"}, "west": {"uv": [5, 10, 6, 13], "rotation": 90, "texture": "#all"}, "down": {"uv": [5, 10, 16, 13], "texture": "#all"}}}, {"from": [9, 7.5, 7], "to": [15, 8, 10], "rotation": {"angle": 0, "axis": "y", "origin": [8, 8, 8]}, "faces": {"north": {"uv": [9, 8, 15, 9], "rotation": 180, "texture": "#all"}, "east": {"uv": [14, 6, 15, 9], "rotation": 270, "texture": "#all"}, "south": {"uv": [9, 6, 15, 7], "texture": "#all"}, "west": {"uv": [9, 6, 10, 9], "rotation": 90, "texture": "#all"}, "down": {"uv": [9, 6, 15, 9], "texture": "#all"}}}, {"from": [0, 7.5, 7], "to": [8, 8, 10], "rotation": {"angle": 0, "axis": "y", "origin": [8, 8, 8]}, "faces": {"north": {"uv": [0, 8, 8, 9], "rotation": 180, "texture": "#all"}, "east": {"uv": [7, 6, 8, 9], "rotation": 270, "texture": "#all"}, "south": {"uv": [0, 6, 8, 7], "texture": "#all"}, "west": {"uv": [0, 6, 1, 9], "rotation": 90, "texture": "#all"}, "down": {"uv": [0, 6, 8, 9], "texture": "#all"}}}, {"from": [0, 7.5, 11], "to": [3, 8, 15], "rotation": {"angle": 0, "axis": "y", "origin": [8, 8, 8]}, "faces": {"north": {"uv": [0, 4, 3, 5], "rotation": 180, "texture": "#all"}, "east": {"uv": [2, 1, 3, 5], "rotation": 270, "texture": "#all"}, "south": {"uv": [0, 1, 3, 2], "texture": "#all"}, "west": {"uv": [0, 1, 1, 5], "rotation": 90, "texture": "#all"}, "down": {"uv": [0, 1, 3, 5], "texture": "#all"}}}, {"from": [4, 7.5, 11], "to": [15, 8, 15], "rotation": {"angle": 0, "axis": "y", "origin": [8, 8, 8]}, "faces": {"north": {"uv": [4, 4, 15, 5], "rotation": 180, "texture": "#all"}, "east": {"uv": [14, 1, 15, 5], "rotation": 270, "texture": "#all"}, "south": {"uv": [4, 1, 15, 2], "texture": "#all"}, "west": {"uv": [4, 1, 5, 5], "rotation": 90, "texture": "#all"}, "down": {"uv": [4, 1, 15, 5], "texture": "#all"}}}, {"from": [16, 8, 0.97], "to": [16.5, 10, 7], "rotation": {"angle": 0, "axis": "y", "origin": [8, 8, 8]}, "faces": {"north": {"uv": [14, 6, 15, 8], "texture": "#all", "cullface": "east"}, "east": {"uv": [9, 6, 15.03, 8], "texture": "#all", "cullface": "east"}, "south": {"uv": [9, 6, 10, 8], "texture": "#all", "cullface": "east"}, "up": {"uv": [9, 6, 15, 7], "rotation": 270, "texture": "#all", "cullface": "east"}, "down": {"uv": [9, 7, 15, 8], "rotation": 90, "texture": "#all", "cullface": "east"}}}, {"from": [16, 8, 7.97], "to": [16.5, 10, 16], "rotation": {"angle": 0, "axis": "y", "origin": [8, 8, 8]}, "faces": {"north": {"uv": [7, 6, 8, 8], "texture": "#all", "cullface": "east"}, "east": {"uv": [0, 6, 8.03, 8], "texture": "#all", "cullface": "east"}, "south": {"uv": [0, 6, 1, 8], "texture": "#all", "cullface": "east"}, "up": {"uv": [0, 6, 8, 7], "rotation": 270, "texture": "#all", "cullface": "east"}, "down": {"uv": [0, 7, 8, 8], "rotation": 90, "texture": "#all", "cullface": "east"}}}, {"from": [16, 11, 13], "to": [16.5, 15, 16], "rotation": {"angle": 0, "axis": "y", "origin": [8, 8, 8]}, "faces": {"north": {"uv": [2, 1, 3, 5], "texture": "#all", "cullface": "east"}, "east": {"uv": [0, 1, 3, 5], "texture": "#all", "cullface": "east"}, "south": {"uv": [0, 1, 1, 5], "texture": "#all", "cullface": "east"}, "up": {"uv": [0, 1, 3, 2], "rotation": 270, "texture": "#all", "cullface": "east"}, "down": {"uv": [0, 4, 3, 5], "rotation": 90, "texture": "#all", "cullface": "east"}}}, {"from": [16, 11, 1], "to": [16.5, 15, 12], "rotation": {"angle": 0, "axis": "y", "origin": [8, 8, 8]}, "faces": {"north": {"uv": [14, 1, 15, 5], "texture": "#all", "cullface": "east"}, "east": {"uv": [4, 1, 15, 5], "texture": "#all", "cullface": "east"}, "south": {"uv": [4, 1, 5, 5], "texture": "#all", "cullface": "east"}, "up": {"uv": [4, 1, 15, 2], "rotation": 270, "texture": "#all", "cullface": "east"}, "down": {"uv": [4, 4, 15, 5], "rotation": 90, "texture": "#all", "cullface": "east"}}}, {"from": [9, 8, 16], "to": [15.03, 10, 16.5], "rotation": {"angle": 0, "axis": "y", "origin": [8, 8, 8]}, "faces": {"east": {"uv": [14, 6, 15, 8], "texture": "#all", "cullface": "south"}, "south": {"uv": [9, 6, 15.03, 8], "texture": "#all", "cullface": "south"}, "west": {"uv": [9, 6, 10, 8], "texture": "#all", "cullface": "south"}, "up": {"uv": [9, 6, 15, 7], "texture": "#all", "cullface": "south"}, "down": {"uv": [9, 7, 15, 8], "texture": "#all", "cullface": "south"}}}, {"from": [0, 8, 16], "to": [8.03, 10, 16.5], "rotation": {"angle": 0, "axis": "y", "origin": [8, 8, 8]}, "faces": {"east": {"uv": [7, 6, 8, 8], "texture": "#all", "cullface": "south"}, "south": {"uv": [0, 6, 8.03, 8], "texture": "#all", "cullface": "south"}, "west": {"uv": [0, 6, 1, 8], "texture": "#all", "cullface": "south"}, "up": {"uv": [0, 6, 8, 7], "texture": "#all", "cullface": "south"}, "down": {"uv": [0, 7, 8, 8], "texture": "#all", "cullface": "south"}}}, {"from": [0, 11, 16], "to": [3, 15, 16.5], "rotation": {"angle": 0, "axis": "y", "origin": [8, 8, 8]}, "faces": {"east": {"uv": [2, 1, 3, 5], "texture": "#all", "cullface": "south"}, "south": {"uv": [0, 1, 3, 5], "texture": "#all", "cullface": "south"}, "west": {"uv": [0, 1, 1, 5], "texture": "#all", "cullface": "south"}, "up": {"uv": [0, 1, 3, 2], "texture": "#all", "cullface": "south"}, "down": {"uv": [0, 4, 3, 5], "texture": "#all", "cullface": "south"}}}, {"from": [4, 11, 16], "to": [15, 15, 16.5], "rotation": {"angle": 0, "axis": "y", "origin": [8, 8, 8]}, "faces": {"east": {"uv": [14, 1, 15, 5], "texture": "#all", "cullface": "south"}, "south": {"uv": [4, 1, 15, 5], "texture": "#all", "cullface": "south"}, "west": {"uv": [4, 1, 5, 5], "texture": "#all", "cullface": "south"}, "up": {"uv": [4, 1, 15, 2], "texture": "#all", "cullface": "south"}, "down": {"uv": [4, 4, 15, 5], "texture": "#all", "cullface": "south"}}}, {"from": [-0.5, 8, 9], "to": [0, 10, 15.03], "rotation": {"angle": 0, "axis": "y", "origin": [8, 8, 8]}, "faces": {"north": {"uv": [9, 6, 10, 8], "texture": "#all", "cullface": "west"}, "south": {"uv": [14, 6, 15, 8], "texture": "#all", "cullface": "west"}, "west": {"uv": [9, 6, 15.03, 8], "texture": "#all", "cullface": "west"}, "up": {"uv": [9, 6, 15, 7], "rotation": 90, "texture": "#all", "cullface": "west"}, "down": {"uv": [9, 7, 15, 8], "rotation": 270, "texture": "#all", "cullface": "west"}}}, {"from": [-0.5, 8, 0], "to": [0, 10, 8.03], "rotation": {"angle": 0, "axis": "y", "origin": [8, 8, 8]}, "faces": {"north": {"uv": [0, 6, 1, 8], "texture": "#all", "cullface": "west"}, "south": {"uv": [7, 6, 8, 8], "texture": "#all", "cullface": "west"}, "west": {"uv": [0, 6, 8.03, 8], "texture": "#all", "cullface": "west"}, "up": {"uv": [0, 6, 8, 7], "rotation": 90, "texture": "#all", "cullface": "west"}, "down": {"uv": [0, 7, 8, 8], "rotation": 270, "texture": "#all", "cullface": "west"}}}, {"from": [-0.5, 11, 0], "to": [0, 15, 3], "rotation": {"angle": 0, "axis": "y", "origin": [8, 8, 8]}, "faces": {"north": {"uv": [0, 1, 1, 5], "texture": "#all", "cullface": "west"}, "south": {"uv": [2, 1, 3, 5], "texture": "#all", "cullface": "west"}, "west": {"uv": [0, 1, 3, 5], "texture": "#all", "cullface": "west"}, "up": {"uv": [0, 1, 3, 2], "rotation": 90, "texture": "#all", "cullface": "west"}, "down": {"uv": [0, 4, 3, 5], "rotation": 270, "texture": "#all", "cullface": "west"}}}, {"from": [-0.5, 11, 4], "to": [0, 15, 15], "rotation": {"angle": 0, "axis": "y", "origin": [8, 8, 8]}, "faces": {"north": {"uv": [4, 1, 5, 5], "texture": "#all", "cullface": "west"}, "south": {"uv": [14, 1, 15, 5], "texture": "#all", "cullface": "west"}, "west": {"uv": [4, 1, 15, 5], "texture": "#all", "cullface": "west"}, "up": {"uv": [4, 1, 15, 2], "rotation": 90, "texture": "#all", "cullface": "west"}, "down": {"uv": [4, 4, 15, 5], "rotation": 270, "texture": "#all", "cullface": "west"}}}], "groups": [0, {"name": "north", "origin": [8, 8, 8], "color": 0, "children": [1, 2, 3, 4]}, {"name": "up", "origin": [8, 8, 8], "color": 0, "children": [5, 6, 7, 8, 9, 10, 11, 12, 13]}, {"name": "down", "origin": [8, 8, 8], "color": 0, "children": [14, 15, 16, 17, 18, 19, 20, 21, 22]}, {"name": "east", "origin": [8, 8, 8], "color": 0, "children": [23, 24, 25, 26]}, {"name": "south", "origin": [8, 8, 8], "color": 0, "children": [27, 28, 29, 30]}, {"name": "west", "origin": [8, 8, 8], "color": 0, "children": [31, 32, 33, 34]}]}