{"parent": "minecraft:block/cube_all", "textures": {"all": "block/mud_bricks"}, "elements": [{"from": [0, 0, 0], "to": [16, 8, 16], "faces": {"north": {"uv": [0, 8, 16, 16], "texture": "#all", "cullface": "north"}, "east": {"uv": [0, 8, 16, 16], "texture": "#all", "cullface": "east"}, "south": {"uv": [0, 8, 16, 16], "texture": "#all", "cullface": "south"}, "west": {"uv": [0, 8, 16, 16], "texture": "#all", "cullface": "west"}, "up": {"uv": [0, 0, 16, 16], "texture": "#all"}, "down": {"uv": [0, 0, 16, 16], "texture": "#all", "cullface": "down"}}}, {"from": [0, 1, -0.5], "to": [3, 8, 0], "faces": {"north": {"uv": [13, 8, 16, 15], "texture": "#all", "cullface": "north"}, "east": {"uv": [13, 8, 14, 15], "texture": "#all", "cullface": "north"}, "west": {"uv": [15, 8, 16, 15], "texture": "#all", "cullface": "north"}, "up": {"uv": [16, 8, 13, 9], "texture": "#all", "cullface": "north"}, "down": {"uv": [16, 14, 13, 15], "texture": "#all", "cullface": "north"}}}, {"from": [4, 1, -0.5], "to": [11, 8, 0], "faces": {"north": {"uv": [5, 8, 12, 15], "texture": "#all", "cullface": "north"}, "east": {"uv": [5, 8, 6, 15], "texture": "#all", "cullface": "north"}, "west": {"uv": [11, 8, 12, 15], "texture": "#all", "cullface": "north"}, "up": {"uv": [12, 8, 5, 9], "texture": "#all", "cullface": "north"}, "down": {"uv": [12, 14, 5, 15], "texture": "#all", "cullface": "north"}}}, {"from": [12, 1, -0.5], "to": [16, 8, 0], "faces": {"north": {"uv": [0, 8, 4, 15], "texture": "#all", "cullface": "north"}, "east": {"uv": [0, 8, 1, 15], "texture": "#all", "cullface": "north"}, "west": {"uv": [3, 8, 4, 15], "texture": "#all", "cullface": "north"}, "up": {"uv": [4, 8, 0, 9], "texture": "#all", "cullface": "north"}, "down": {"uv": [4, 14, 0, 15], "texture": "#all", "cullface": "north"}}}, {"from": [16, 1, 0], "to": [16.5, 8, 3], "faces": {"north": {"uv": [15, 8, 16, 15], "texture": "#all", "cullface": "east"}, "east": {"uv": [13, 8, 16, 15], "texture": "#all", "cullface": "east"}, "south": {"uv": [13, 8, 14, 15], "texture": "#all", "cullface": "east"}, "up": {"uv": [16, 8, 13, 9], "rotation": 90, "texture": "#all", "cullface": "east"}, "down": {"uv": [16, 14, 13, 15], "rotation": 270, "texture": "#all", "cullface": "east"}}}, {"from": [16, 1, 4], "to": [16.5, 8, 11], "faces": {"north": {"uv": [11, 8, 12, 15], "texture": "#all", "cullface": "east"}, "east": {"uv": [5, 8, 12, 15], "texture": "#all", "cullface": "east"}, "south": {"uv": [5, 8, 6, 15], "texture": "#all", "cullface": "east"}, "up": {"uv": [12, 8, 5, 9], "rotation": 90, "texture": "#all", "cullface": "east"}, "down": {"uv": [12, 14, 5, 15], "rotation": 270, "texture": "#all", "cullface": "east"}}}, {"from": [16, 1, 12], "to": [16.5, 8, 16], "faces": {"north": {"uv": [3, 8, 4, 15], "texture": "#all", "cullface": "east"}, "east": {"uv": [0, 8, 4, 15], "texture": "#all", "cullface": "east"}, "south": {"uv": [0, 8, 1, 15], "texture": "#all", "cullface": "east"}, "up": {"uv": [4, 8, 0, 9], "rotation": 90, "texture": "#all", "cullface": "east"}, "down": {"uv": [4, 14, 0, 15], "rotation": 270, "texture": "#all", "cullface": "east"}}}, {"from": [13, 1, 16], "to": [16, 8, 16.5], "faces": {"east": {"uv": [15, 8, 16, 15], "texture": "#all", "cullface": "south"}, "south": {"uv": [13, 8, 16, 15], "texture": "#all", "cullface": "south"}, "west": {"uv": [13, 8, 14, 15], "texture": "#all", "cullface": "south"}, "up": {"uv": [16, 8, 13, 9], "rotation": 180, "texture": "#all", "cullface": "south"}, "down": {"uv": [16, 14, 13, 15], "rotation": 180, "texture": "#all", "cullface": "south"}}}, {"from": [5, 1, 16], "to": [12, 8, 16.5], "faces": {"east": {"uv": [11, 8, 12, 15], "texture": "#all", "cullface": "south"}, "south": {"uv": [5, 8, 12, 15], "texture": "#all", "cullface": "south"}, "west": {"uv": [5, 8, 6, 15], "texture": "#all", "cullface": "south"}, "up": {"uv": [12, 8, 5, 9], "rotation": 180, "texture": "#all", "cullface": "south"}, "down": {"uv": [12, 14, 5, 15], "rotation": 180, "texture": "#all", "cullface": "south"}}}, {"from": [0, 1, 16], "to": [4, 8, 16.5], "faces": {"east": {"uv": [3, 8, 4, 15], "texture": "#all", "cullface": "south"}, "south": {"uv": [0, 8, 4, 15], "texture": "#all", "cullface": "south"}, "west": {"uv": [0, 8, 1, 15], "texture": "#all", "cullface": "south"}, "up": {"uv": [4, 8, 0, 9], "rotation": 180, "texture": "#all", "cullface": "south"}, "down": {"uv": [4, 14, 0, 15], "rotation": 180, "texture": "#all", "cullface": "south"}}}, {"from": [-0.5, 1, 13], "to": [0, 8, 16], "faces": {"north": {"uv": [13, 8, 14, 15], "texture": "#all", "cullface": "west"}, "south": {"uv": [15, 8, 16, 15], "texture": "#all", "cullface": "west"}, "west": {"uv": [13, 8, 16, 15], "texture": "#all", "cullface": "west"}, "up": {"uv": [16, 8, 13, 9], "rotation": 270, "texture": "#all", "cullface": "west"}, "down": {"uv": [16, 14, 13, 15], "rotation": 90, "texture": "#all", "cullface": "west"}}}, {"from": [-0.5, 1, 5], "to": [0, 8, 12], "faces": {"north": {"uv": [5, 8, 6, 15], "texture": "#all", "cullface": "west"}, "south": {"uv": [11, 8, 12, 15], "texture": "#all", "cullface": "west"}, "west": {"uv": [5, 8, 12, 15], "texture": "#all", "cullface": "west"}, "up": {"uv": [12, 8, 5, 9], "rotation": 270, "texture": "#all", "cullface": "west"}, "down": {"uv": [12, 14, 5, 15], "rotation": 90, "texture": "#all", "cullface": "west"}}}, {"from": [-0.5, 1, 0], "to": [0, 8, 4], "faces": {"north": {"uv": [0, 8, 1, 15], "texture": "#all", "cullface": "west"}, "south": {"uv": [3, 8, 4, 15], "texture": "#all", "cullface": "west"}, "west": {"uv": [0, 8, 4, 15], "texture": "#all", "cullface": "west"}, "up": {"uv": [4, 8, 0, 9], "rotation": 270, "texture": "#all", "cullface": "west"}, "down": {"uv": [4, 14, 0, 15], "rotation": 90, "texture": "#all", "cullface": "west"}}}, {"from": [13, 8, 8], "to": [16, 8.5, 15], "faces": {"north": {"uv": [16, 8, 13, 9], "texture": "#all"}, "east": {"uv": [15, 8, 16, 15], "rotation": 90, "texture": "#all"}, "south": {"uv": [16, 14, 13, 15], "rotation": 180, "texture": "#all"}, "west": {"uv": [13, 8, 14, 15], "rotation": 270, "texture": "#all"}, "up": {"uv": [13, 8, 16, 15], "texture": "#all"}}}, {"from": [5, 8, 8], "to": [12, 8.5, 15], "faces": {"north": {"uv": [12, 8, 5, 9], "texture": "#all"}, "east": {"uv": [11, 8, 12, 15], "rotation": 90, "texture": "#all"}, "south": {"uv": [12, 14, 5, 15], "rotation": 180, "texture": "#all"}, "west": {"uv": [5, 8, 6, 15], "rotation": 270, "texture": "#all"}, "up": {"uv": [5, 8, 12, 15], "texture": "#all"}}}, {"from": [0, 8, 8], "to": [4, 8.5, 15], "faces": {"north": {"uv": [4, 8, 0, 9], "texture": "#all"}, "east": {"uv": [3, 8, 4, 15], "rotation": 90, "texture": "#all"}, "south": {"uv": [4, 14, 0, 15], "rotation": 180, "texture": "#all"}, "west": {"uv": [0, 8, 1, 15], "rotation": 270, "texture": "#all"}, "up": {"uv": [0, 8, 4, 15], "texture": "#all"}}}, {"from": [1, 8, 0], "to": [8, 8.5, 7], "faces": {"north": {"uv": [8, 0, 1, 1], "texture": "#all"}, "east": {"uv": [7, 0, 8, 7], "rotation": 90, "texture": "#all"}, "south": {"uv": [8, 6, 1, 7], "rotation": 180, "texture": "#all"}, "west": {"uv": [1, 0, 2, 7], "rotation": 270, "texture": "#all"}, "up": {"uv": [1, 0, 8, 7], "texture": "#all"}}}, {"from": [9, 8, 0], "to": [16, 8.5, 7], "faces": {"north": {"uv": [16, 0, 9, 1], "texture": "#all"}, "east": {"uv": [15, 0, 16, 7], "rotation": 90, "texture": "#all"}, "south": {"uv": [16, 6, 9, 7], "rotation": 180, "texture": "#all"}, "west": {"uv": [9, 0, 10, 7], "rotation": 270, "texture": "#all"}, "up": {"uv": [9, 0, 16, 7], "texture": "#all"}}}, {"from": [13, -0.5, 1], "to": [16, 0, 8], "faces": {"north": {"uv": [16, 14, 13, 15], "texture": "#all", "cullface": "down"}, "east": {"uv": [15, 8, 16, 15], "rotation": 270, "texture": "#all", "cullface": "down"}, "south": {"uv": [16, 8, 13, 9], "rotation": 180, "texture": "#all", "cullface": "down"}, "west": {"uv": [13, 8, 14, 15], "rotation": 90, "texture": "#all", "cullface": "down"}, "down": {"uv": [13, 8, 16, 15], "texture": "#all", "cullface": "down"}}}, {"from": [5, -0.5, 1], "to": [12, 0, 8], "faces": {"north": {"uv": [12, 14, 5, 15], "texture": "#all", "cullface": "down"}, "east": {"uv": [11, 8, 12, 15], "rotation": 270, "texture": "#all", "cullface": "down"}, "south": {"uv": [12, 8, 5, 9], "rotation": 180, "texture": "#all", "cullface": "down"}, "west": {"uv": [5, 8, 6, 15], "rotation": 90, "texture": "#all", "cullface": "down"}, "down": {"uv": [5, 8, 12, 15], "texture": "#all", "cullface": "down"}}}, {"from": [0, -0.5, 1], "to": [4, 0, 8], "faces": {"north": {"uv": [4, 14, 0, 15], "texture": "#all", "cullface": "down"}, "east": {"uv": [3, 8, 4, 15], "rotation": 270, "texture": "#all", "cullface": "down"}, "south": {"uv": [4, 8, 0, 9], "rotation": 180, "texture": "#all", "cullface": "down"}, "west": {"uv": [0, 8, 1, 15], "rotation": 90, "texture": "#all", "cullface": "down"}, "down": {"uv": [0, 8, 4, 15], "texture": "#all", "cullface": "down"}}}, {"from": [1, -0.5, 9], "to": [8, 0, 16], "faces": {"north": {"uv": [8, 6, 1, 7], "texture": "#all", "cullface": "down"}, "east": {"uv": [7, 0, 8, 7], "rotation": 270, "texture": "#all", "cullface": "down"}, "south": {"uv": [8, 0, 1, 1], "rotation": 180, "texture": "#all", "cullface": "down"}, "west": {"uv": [1, 0, 2, 7], "rotation": 90, "texture": "#all", "cullface": "down"}, "down": {"uv": [1, 0, 8, 7], "texture": "#all", "cullface": "down"}}}, {"from": [9, -0.5, 9], "to": [16, 0, 16], "faces": {"north": {"uv": [16, 6, 9, 7], "texture": "#all", "cullface": "down"}, "east": {"uv": [15, 0, 16, 7], "rotation": 270, "texture": "#all", "cullface": "down"}, "south": {"uv": [16, 0, 9, 1], "rotation": 180, "texture": "#all", "cullface": "down"}, "west": {"uv": [9, 0, 10, 7], "rotation": 90, "texture": "#all", "cullface": "down"}, "down": {"uv": [9, 0, 16, 7], "texture": "#all", "cullface": "down"}}}], "groups": [0, {"name": "north", "origin": [0, 0, 0], "color": 0, "children": [1, 2, 3]}, {"name": "east", "origin": [0, 0, 0], "color": 0, "children": [4, 5, 6]}, {"name": "south", "origin": [0, 0, 0], "color": 0, "children": [7, 8, 9]}, {"name": "west", "origin": [0, 0, 0], "color": 0, "children": [10, 11, 12]}, {"name": "up", "origin": [0, 0, 0], "color": 0, "children": [13, 14, 15, 16, 17]}, {"name": "down", "origin": [0, 0, 0], "color": 0, "children": [18, 19, 20, 21, 22]}]}