{"parent": "minecraft:block/cube_all", "textures": {"all": "block/mud_bricks"}, "elements": [{"from": [0, 8, 0], "to": [16, 16, 16], "faces": {"north": {"uv": [0, 0, 16, 8], "texture": "#all", "cullface": "north"}, "east": {"uv": [0, 0, 16, 8], "texture": "#all", "cullface": "east"}, "south": {"uv": [0, 0, 16, 8], "texture": "#all", "cullface": "south"}, "west": {"uv": [0, 0, 16, 8], "texture": "#all", "cullface": "west"}, "up": {"uv": [0, 0, 16, 16], "texture": "#all", "cullface": "up"}, "down": {"uv": [0, 0, 16, 16], "texture": "#all"}}}, {"from": [8, 9, -0.5], "to": [15, 16, 0], "faces": {"north": {"uv": [1, 0, 8, 7], "texture": "#all", "cullface": "north"}, "east": {"uv": [1, 0, 2, 7], "texture": "#all", "cullface": "north"}, "west": {"uv": [7, 0, 8, 7], "texture": "#all", "cullface": "north"}, "up": {"uv": [8, 0, 1, 1], "texture": "#all", "cullface": "north"}, "down": {"uv": [8, 6, 1, 7], "texture": "#all", "cullface": "north"}}}, {"from": [0, 9, -0.5], "to": [7, 16, 0], "faces": {"north": {"uv": [9, 0, 16, 7], "texture": "#all", "cullface": "north"}, "east": {"uv": [9, 0, 10, 7], "texture": "#all", "cullface": "north"}, "west": {"uv": [15, 0, 16, 7], "texture": "#all", "cullface": "north"}, "up": {"uv": [16, 0, 9, 1], "texture": "#all", "cullface": "north"}, "down": {"uv": [16, 6, 9, 7], "texture": "#all", "cullface": "north"}}}, {"from": [16, 9, 8], "to": [16.5, 16, 15], "faces": {"north": {"uv": [7, 0, 8, 7], "texture": "#all", "cullface": "east"}, "east": {"uv": [1, 0, 8, 7], "texture": "#all", "cullface": "east"}, "south": {"uv": [1, 0, 2, 7], "texture": "#all", "cullface": "east"}, "up": {"uv": [8, 0, 1, 1], "rotation": 90, "texture": "#all", "cullface": "east"}, "down": {"uv": [8, 6, 1, 7], "rotation": 270, "texture": "#all", "cullface": "east"}}}, {"from": [16, 9, 0], "to": [16.5, 16, 7], "faces": {"north": {"uv": [15, 0, 16, 7], "texture": "#all", "cullface": "east"}, "east": {"uv": [9, 0, 16, 7], "texture": "#all", "cullface": "east"}, "south": {"uv": [9, 0, 10, 7], "texture": "#all", "cullface": "east"}, "up": {"uv": [16, 0, 9, 1], "rotation": 90, "texture": "#all", "cullface": "east"}, "down": {"uv": [16, 6, 9, 7], "rotation": 270, "texture": "#all", "cullface": "east"}}}, {"from": [1, 9, 16], "to": [8, 16, 16.5], "faces": {"east": {"uv": [7, 0, 8, 7], "texture": "#all", "cullface": "south"}, "south": {"uv": [1, 0, 8, 7], "texture": "#all", "cullface": "south"}, "west": {"uv": [1, 0, 2, 7], "texture": "#all", "cullface": "south"}, "up": {"uv": [8, 0, 1, 1], "rotation": 180, "texture": "#all", "cullface": "south"}, "down": {"uv": [8, 6, 1, 7], "rotation": 180, "texture": "#all", "cullface": "south"}}}, {"from": [9, 9, 16], "to": [16, 16, 16.5], "faces": {"east": {"uv": [15, 0, 16, 7], "texture": "#all", "cullface": "south"}, "south": {"uv": [9, 0, 16, 7], "texture": "#all", "cullface": "south"}, "west": {"uv": [9, 0, 10, 7], "texture": "#all", "cullface": "south"}, "up": {"uv": [16, 0, 9, 1], "rotation": 180, "texture": "#all", "cullface": "south"}, "down": {"uv": [16, 6, 9, 7], "rotation": 180, "texture": "#all", "cullface": "south"}}}, {"from": [-0.5, 9, 1], "to": [0, 16, 8], "faces": {"north": {"uv": [1, 0, 2, 7], "texture": "#all", "cullface": "west"}, "south": {"uv": [7, 0, 8, 7], "texture": "#all", "cullface": "west"}, "west": {"uv": [1, 0, 8, 7], "texture": "#all", "cullface": "west"}, "up": {"uv": [8, 0, 1, 1], "rotation": 270, "texture": "#all", "cullface": "west"}, "down": {"uv": [8, 6, 1, 7], "rotation": 90, "texture": "#all", "cullface": "west"}}}, {"from": [-0.5, 9, 9], "to": [0, 16, 16], "faces": {"north": {"uv": [9, 0, 10, 7], "texture": "#all", "cullface": "west"}, "south": {"uv": [15, 0, 16, 7], "texture": "#all", "cullface": "west"}, "west": {"uv": [9, 0, 16, 7], "texture": "#all", "cullface": "west"}, "up": {"uv": [16, 0, 9, 1], "rotation": 270, "texture": "#all", "cullface": "west"}, "down": {"uv": [16, 6, 9, 7], "rotation": 90, "texture": "#all", "cullface": "west"}}}, {"from": [13, 16, 8], "to": [16, 16.5, 15], "faces": {"north": {"uv": [16, 8, 13, 9], "texture": "#all", "cullface": "up"}, "east": {"uv": [15, 8, 16, 15], "rotation": 90, "texture": "#all", "cullface": "up"}, "south": {"uv": [16, 14, 13, 15], "rotation": 180, "texture": "#all", "cullface": "up"}, "west": {"uv": [13, 8, 14, 15], "rotation": 270, "texture": "#all", "cullface": "up"}, "up": {"uv": [13, 8, 16, 15], "texture": "#all", "cullface": "up"}}}, {"from": [5, 16, 8], "to": [12, 16.5, 15], "faces": {"north": {"uv": [12, 8, 5, 9], "texture": "#all", "cullface": "up"}, "east": {"uv": [11, 8, 12, 15], "rotation": 90, "texture": "#all", "cullface": "up"}, "south": {"uv": [12, 14, 5, 15], "rotation": 180, "texture": "#all", "cullface": "up"}, "west": {"uv": [5, 8, 6, 15], "rotation": 270, "texture": "#all", "cullface": "up"}, "up": {"uv": [5, 8, 12, 15], "texture": "#all", "cullface": "up"}}}, {"from": [0, 16, 8], "to": [4, 16.5, 15], "faces": {"north": {"uv": [4, 8, 0, 9], "texture": "#all", "cullface": "up"}, "east": {"uv": [3, 8, 4, 15], "rotation": 90, "texture": "#all", "cullface": "up"}, "south": {"uv": [4, 14, 0, 15], "rotation": 180, "texture": "#all", "cullface": "up"}, "west": {"uv": [0, 8, 1, 15], "rotation": 270, "texture": "#all", "cullface": "up"}, "up": {"uv": [0, 8, 4, 15], "texture": "#all", "cullface": "up"}}}, {"from": [1, 16, 0], "to": [8, 16.5, 7], "faces": {"north": {"uv": [8, 0, 1, 1], "texture": "#all", "cullface": "up"}, "east": {"uv": [7, 0, 8, 7], "rotation": 90, "texture": "#all", "cullface": "up"}, "south": {"uv": [8, 6, 1, 7], "rotation": 180, "texture": "#all", "cullface": "up"}, "west": {"uv": [1, 0, 2, 7], "rotation": 270, "texture": "#all", "cullface": "up"}, "up": {"uv": [1, 0, 8, 7], "texture": "#all", "cullface": "up"}}}, {"from": [9, 16, 0], "to": [16, 16.5, 7], "faces": {"north": {"uv": [16, 0, 9, 1], "texture": "#all", "cullface": "up"}, "east": {"uv": [15, 0, 16, 7], "rotation": 90, "texture": "#all", "cullface": "up"}, "south": {"uv": [16, 6, 9, 7], "rotation": 180, "texture": "#all", "cullface": "up"}, "west": {"uv": [9, 0, 10, 7], "rotation": 270, "texture": "#all", "cullface": "up"}, "up": {"uv": [9, 0, 16, 7], "texture": "#all", "cullface": "up"}}}, {"from": [13, 7.5, 1], "to": [16, 8, 8], "faces": {"north": {"uv": [16, 14, 13, 15], "texture": "#all"}, "east": {"uv": [15, 8, 16, 15], "rotation": 270, "texture": "#all"}, "south": {"uv": [16, 8, 13, 9], "rotation": 180, "texture": "#all"}, "west": {"uv": [13, 8, 14, 15], "rotation": 90, "texture": "#all"}, "down": {"uv": [13, 8, 16, 15], "texture": "#all"}}}, {"from": [5, 7.5, 1], "to": [12, 8, 8], "faces": {"north": {"uv": [12, 14, 5, 15], "texture": "#all"}, "east": {"uv": [11, 8, 12, 15], "rotation": 270, "texture": "#all"}, "south": {"uv": [12, 8, 5, 9], "rotation": 180, "texture": "#all"}, "west": {"uv": [5, 8, 6, 15], "rotation": 90, "texture": "#all"}, "down": {"uv": [5, 8, 12, 15], "texture": "#all"}}}, {"from": [0, 7.5, 1], "to": [4, 8, 8], "faces": {"north": {"uv": [4, 14, 0, 15], "texture": "#all"}, "east": {"uv": [3, 8, 4, 15], "rotation": 270, "texture": "#all"}, "south": {"uv": [4, 8, 0, 9], "rotation": 180, "texture": "#all"}, "west": {"uv": [0, 8, 1, 15], "rotation": 90, "texture": "#all"}, "down": {"uv": [0, 8, 4, 15], "texture": "#all"}}}, {"from": [1, 7.5, 9], "to": [8, 8, 16], "faces": {"north": {"uv": [8, 6, 1, 7], "texture": "#all"}, "east": {"uv": [7, 0, 8, 7], "rotation": 270, "texture": "#all"}, "south": {"uv": [8, 0, 1, 1], "rotation": 180, "texture": "#all"}, "west": {"uv": [1, 0, 2, 7], "rotation": 90, "texture": "#all"}, "down": {"uv": [1, 0, 8, 7], "texture": "#all"}}}, {"from": [9, 7.5, 9], "to": [16, 8, 16], "faces": {"north": {"uv": [16, 6, 9, 7], "texture": "#all"}, "east": {"uv": [15, 0, 16, 7], "rotation": 270, "texture": "#all"}, "south": {"uv": [16, 0, 9, 1], "rotation": 180, "texture": "#all"}, "west": {"uv": [9, 0, 10, 7], "rotation": 90, "texture": "#all"}, "down": {"uv": [9, 0, 16, 7], "texture": "#all"}}}], "groups": [0, {"name": "north", "origin": [0, 0, 0], "color": 0, "children": [1, 2]}, {"name": "east", "origin": [0, 0, 0], "color": 0, "children": [3, 4]}, {"name": "south", "origin": [0, 0, 0], "color": 0, "children": [5, 6]}, {"name": "west", "origin": [0, 0, 0], "color": 0, "children": [7, 8]}, {"name": "up", "origin": [0, 0, 0], "color": 0, "children": [9, 10, 11, 12, 13]}, {"name": "down", "origin": [0, 0, 0], "color": 0, "children": [14, 15, 16, 17, 18]}]}