{"textures": {"particle": "#all"}, "elements": [{"from": [0, 8, 0], "to": [16, 16, 16], "faces": {"north": {"uv": [0, 0, 16, 8], "texture": "#all", "cullface": "north"}, "east": {"uv": [0, 0, 16, 8], "texture": "#all", "cullface": "east"}, "south": {"uv": [0, 0, 16, 8], "texture": "#all", "cullface": "south"}, "west": {"uv": [0, 0, 16, 8], "texture": "#all", "cullface": "west"}, "up": {"uv": [0, 0, 16, 16], "texture": "#all", "cullface": "up"}, "down": {"uv": [0, 0, 16, 16], "texture": "#all"}}}, {"from": [0, 12, -0.5], "to": [3, 15, 0], "faces": {"north": {"uv": [13, 1, 16, 4], "texture": "#all", "cullface": "north"}, "east": {"uv": [13, 1, 14, 4], "texture": "#all", "cullface": "north"}, "west": {"uv": [15, 1, 16, 4], "texture": "#all", "cullface": "north"}, "up": {"uv": [13, 1, 16, 2], "rotation": 180, "texture": "#all", "cullface": "north"}, "down": {"uv": [13, 3, 16, 4], "rotation": 180, "texture": "#all", "cullface": "north"}}}, {"from": [12, 12, -0.5], "to": [16, 15, 0], "faces": {"north": {"uv": [0, 1, 4, 4], "texture": "#all", "cullface": "north"}, "east": {"uv": [0, 1, 1, 4], "texture": "#all", "cullface": "north"}, "west": {"uv": [3, 1, 4, 4], "texture": "#all", "cullface": "north"}, "up": {"uv": [0, 1, 4, 2], "rotation": 180, "texture": "#all", "cullface": "north"}, "down": {"uv": [0, 3, 4, 4], "rotation": 180, "texture": "#all", "cullface": "north"}}}, {"from": [8, 8, -0.5], "to": [15, 11, 0], "faces": {"north": {"uv": [1, 5, 8, 8], "texture": "#all", "cullface": "north"}, "east": {"uv": [1, 5, 2, 8], "texture": "#all", "cullface": "north"}, "west": {"uv": [7, 5, 8, 8], "texture": "#all", "cullface": "north"}, "up": {"uv": [1, 5, 8, 6], "rotation": 180, "texture": "#all", "cullface": "north"}, "down": {"uv": [1, 7, 8, 8], "rotation": 180, "texture": "#all", "cullface": "north"}}}, {"from": [0, 8, -0.5], "to": [7, 11, 0], "faces": {"north": {"uv": [9, 5, 16, 8], "texture": "#all", "cullface": "north"}, "east": {"uv": [9, 5, 10, 8], "texture": "#all", "cullface": "north"}, "west": {"uv": [15, 5, 16, 8], "texture": "#all", "cullface": "north"}, "up": {"uv": [9, 5, 16, 6], "rotation": 180, "texture": "#all", "cullface": "north"}, "down": {"uv": [9, 7, 16, 8], "rotation": 180, "texture": "#all", "cullface": "north"}}}, {"from": [4, 12, -0.5], "to": [11, 15, 0], "faces": {"north": {"uv": [5, 1, 12, 4], "texture": "#all", "cullface": "north"}, "east": {"uv": [5, 1, 6, 4], "texture": "#all", "cullface": "north"}, "west": {"uv": [11, 1, 12, 4], "texture": "#all", "cullface": "north"}, "up": {"uv": [5, 1, 12, 2], "rotation": 180, "texture": "#all", "cullface": "north"}, "down": {"uv": [5, 3, 12, 4], "rotation": 180, "texture": "#all", "cullface": "north"}}}, {"from": [16, 12, 0], "to": [16.5, 15, 3], "faces": {"north": {"uv": [15, 1, 16, 4], "texture": "#all", "cullface": "east"}, "east": {"uv": [13, 1, 16, 4], "texture": "#all", "cullface": "east"}, "south": {"uv": [13, 1, 14, 4], "texture": "#all", "cullface": "east"}, "up": {"uv": [13, 1, 16, 2], "rotation": 270, "texture": "#all", "cullface": "east"}, "down": {"uv": [13, 3, 16, 4], "rotation": 90, "texture": "#all", "cullface": "east"}}}, {"from": [16, 12, 12], "to": [16.5, 15, 16], "faces": {"north": {"uv": [3, 1, 4, 4], "texture": "#all", "cullface": "east"}, "east": {"uv": [0, 1, 4, 4], "texture": "#all", "cullface": "east"}, "south": {"uv": [0, 1, 1, 4], "texture": "#all", "cullface": "east"}, "up": {"uv": [0, 1, 4, 2], "rotation": 270, "texture": "#all", "cullface": "east"}, "down": {"uv": [0, 3, 4, 4], "rotation": 90, "texture": "#all", "cullface": "east"}}}, {"from": [16, 8, 8], "to": [16.5, 11, 15], "faces": {"north": {"uv": [7, 5, 8, 8], "texture": "#all", "cullface": "east"}, "east": {"uv": [1, 5, 8, 8], "texture": "#all", "cullface": "east"}, "south": {"uv": [1, 5, 2, 8], "texture": "#all", "cullface": "east"}, "up": {"uv": [1, 5, 8, 6], "rotation": 270, "texture": "#all", "cullface": "east"}, "down": {"uv": [1, 7, 8, 8], "rotation": 90, "texture": "#all", "cullface": "east"}}}, {"from": [16, 8, 0], "to": [16.5, 11, 7], "faces": {"north": {"uv": [15, 5, 16, 8], "texture": "#all", "cullface": "east"}, "east": {"uv": [9, 5, 16, 8], "texture": "#all", "cullface": "east"}, "south": {"uv": [9, 5, 10, 8], "texture": "#all", "cullface": "east"}, "up": {"uv": [9, 5, 16, 6], "rotation": 270, "texture": "#all", "cullface": "east"}, "down": {"uv": [9, 7, 16, 8], "rotation": 90, "texture": "#all", "cullface": "east"}}}, {"from": [16, 12, 4], "to": [16.5, 15, 11], "faces": {"north": {"uv": [11, 1, 12, 4], "texture": "#all", "cullface": "east"}, "east": {"uv": [5, 1, 12, 4], "texture": "#all", "cullface": "east"}, "south": {"uv": [5, 1, 6, 4], "texture": "#all", "cullface": "east"}, "up": {"uv": [5, 1, 12, 2], "rotation": 270, "texture": "#all", "cullface": "east"}, "down": {"uv": [5, 3, 12, 4], "rotation": 90, "texture": "#all", "cullface": "east"}}}, {"from": [13, 12, 16], "to": [16, 15, 16.5], "faces": {"east": {"uv": [15, 1, 16, 4], "texture": "#all", "cullface": "south"}, "south": {"uv": [13, 1, 16, 4], "texture": "#all", "cullface": "south"}, "west": {"uv": [13, 1, 14, 4], "texture": "#all", "cullface": "south"}, "up": {"uv": [13, 1, 16, 2], "texture": "#all", "cullface": "south"}, "down": {"uv": [13, 3, 16, 4], "texture": "#all", "cullface": "south"}}}, {"from": [0, 12, 16], "to": [4, 15, 16.5], "faces": {"east": {"uv": [3, 1, 4, 4], "texture": "#all", "cullface": "south"}, "south": {"uv": [0, 1, 4, 4], "texture": "#all", "cullface": "south"}, "west": {"uv": [0, 1, 1, 4], "texture": "#all", "cullface": "south"}, "up": {"uv": [0, 1, 4, 2], "texture": "#all", "cullface": "south"}, "down": {"uv": [0, 3, 4, 4], "texture": "#all", "cullface": "south"}}}, {"from": [1, 8, 16], "to": [8, 11, 16.5], "faces": {"east": {"uv": [7, 5, 8, 8], "texture": "#all", "cullface": "south"}, "south": {"uv": [1, 5, 8, 8], "texture": "#all", "cullface": "south"}, "west": {"uv": [1, 5, 2, 8], "texture": "#all", "cullface": "south"}, "up": {"uv": [1, 5, 8, 6], "texture": "#all", "cullface": "south"}, "down": {"uv": [1, 7, 8, 8], "texture": "#all", "cullface": "south"}}}, {"from": [9, 8, 16], "to": [16, 11, 16.5], "faces": {"east": {"uv": [15, 5, 16, 8], "texture": "#all", "cullface": "south"}, "south": {"uv": [9, 5, 16, 8], "texture": "#all", "cullface": "south"}, "west": {"uv": [9, 5, 10, 8], "texture": "#all", "cullface": "south"}, "up": {"uv": [9, 5, 16, 6], "texture": "#all", "cullface": "south"}, "down": {"uv": [9, 7, 16, 8], "texture": "#all", "cullface": "south"}}}, {"from": [5, 12, 16], "to": [12, 15, 16.5], "faces": {"east": {"uv": [11, 1, 12, 4], "texture": "#all", "cullface": "south"}, "south": {"uv": [5, 1, 12, 4], "texture": "#all", "cullface": "south"}, "west": {"uv": [5, 1, 6, 4], "texture": "#all", "cullface": "south"}, "up": {"uv": [5, 1, 12, 2], "texture": "#all", "cullface": "south"}, "down": {"uv": [5, 3, 12, 4], "texture": "#all", "cullface": "south"}}}, {"from": [-0.5, 12, 13], "to": [0, 15, 16], "faces": {"north": {"uv": [13, 1, 14, 4], "texture": "#all", "cullface": "west"}, "south": {"uv": [15, 1, 16, 4], "texture": "#all", "cullface": "west"}, "west": {"uv": [13, 1, 16, 4], "texture": "#all", "cullface": "west"}, "up": {"uv": [13, 1, 16, 2], "rotation": 90, "texture": "#all", "cullface": "west"}, "down": {"uv": [13, 3, 16, 4], "rotation": 270, "texture": "#all", "cullface": "west"}}}, {"from": [-0.5, 12, 0], "to": [0, 15, 4], "faces": {"north": {"uv": [0, 1, 1, 4], "texture": "#all", "cullface": "west"}, "south": {"uv": [3, 1, 4, 4], "texture": "#all", "cullface": "west"}, "west": {"uv": [0, 1, 4, 4], "texture": "#all", "cullface": "west"}, "up": {"uv": [0, 1, 4, 2], "rotation": 90, "texture": "#all", "cullface": "west"}, "down": {"uv": [0, 3, 4, 4], "rotation": 270, "texture": "#all", "cullface": "west"}}}, {"from": [-0.5, 8, 1], "to": [0, 11, 8], "faces": {"north": {"uv": [1, 5, 2, 8], "texture": "#all", "cullface": "west"}, "south": {"uv": [7, 5, 8, 8], "texture": "#all", "cullface": "west"}, "west": {"uv": [1, 5, 8, 8], "texture": "#all", "cullface": "west"}, "up": {"uv": [1, 5, 8, 6], "rotation": 90, "texture": "#all", "cullface": "west"}, "down": {"uv": [1, 7, 8, 8], "rotation": 270, "texture": "#all", "cullface": "west"}}}, {"from": [-0.5, 8, 9], "to": [0, 11, 16], "faces": {"north": {"uv": [9, 5, 10, 8], "texture": "#all", "cullface": "west"}, "south": {"uv": [15, 5, 16, 8], "texture": "#all", "cullface": "west"}, "west": {"uv": [9, 5, 16, 8], "texture": "#all", "cullface": "west"}, "up": {"uv": [9, 5, 16, 6], "rotation": 90, "texture": "#all", "cullface": "west"}, "down": {"uv": [9, 7, 16, 8], "rotation": 270, "texture": "#all", "cullface": "west"}}}, {"from": [-0.5, 12, 5], "to": [0, 15, 12], "faces": {"north": {"uv": [5, 1, 6, 4], "texture": "#all", "cullface": "west"}, "south": {"uv": [11, 1, 12, 4], "texture": "#all", "cullface": "west"}, "west": {"uv": [5, 1, 12, 4], "texture": "#all", "cullface": "west"}, "up": {"uv": [5, 1, 12, 2], "rotation": 90, "texture": "#all", "cullface": "west"}, "down": {"uv": [5, 3, 12, 4], "rotation": 270, "texture": "#all", "cullface": "west"}}}, {"from": [13, 16, 13], "to": [16, 16.5, 16], "faces": {"north": {"uv": [13, 13, 16, 14], "rotation": 180, "texture": "#all", "cullface": "up"}, "east": {"uv": [15, 13, 16, 16], "rotation": 90, "texture": "#all", "cullface": "up"}, "south": {"uv": [13, 15, 16, 16], "texture": "#all", "cullface": "up"}, "west": {"uv": [13, 13, 14, 16], "rotation": 270, "texture": "#all", "cullface": "up"}, "up": {"uv": [13, 13, 16, 16], "texture": "#all", "cullface": "up"}}}, {"from": [3, 16, 9], "to": [6, 16.5, 12], "faces": {"north": {"uv": [3, 9, 6, 10], "rotation": 180, "texture": "#all", "cullface": "up"}, "east": {"uv": [9, 9, 10, 12], "rotation": 90, "texture": "#all", "cullface": "up"}, "south": {"uv": [3, 11, 6, 12], "texture": "#all", "cullface": "up"}, "west": {"uv": [3, 9, 4, 12], "rotation": 270, "texture": "#all", "cullface": "up"}, "up": {"uv": [3, 9, 6, 12], "texture": "#all", "cullface": "up"}}}, {"from": [7, 16, 9], "to": [10, 16.5, 12], "faces": {"north": {"uv": [7, 9, 10, 10], "rotation": 180, "texture": "#all", "cullface": "up"}, "east": {"uv": [9, 9, 10, 12], "rotation": 90, "texture": "#all", "cullface": "up"}, "south": {"uv": [7, 11, 10, 12], "texture": "#all", "cullface": "up"}, "west": {"uv": [7, 9, 8, 12], "rotation": 270, "texture": "#all", "cullface": "up"}, "up": {"uv": [7, 9, 10, 12], "texture": "#all", "cullface": "up"}}}, {"from": [11, 16, 9], "to": [14, 16.5, 12], "faces": {"north": {"uv": [11, 9, 14, 10], "rotation": 180, "texture": "#all", "cullface": "up"}, "east": {"uv": [13, 9, 14, 12], "rotation": 90, "texture": "#all", "cullface": "up"}, "south": {"uv": [11, 11, 14, 12], "texture": "#all", "cullface": "up"}, "west": {"uv": [11, 9, 12, 12], "rotation": 270, "texture": "#all", "cullface": "up"}, "up": {"uv": [11, 9, 14, 12], "texture": "#all", "cullface": "up"}}}, {"from": [13, 16, 1], "to": [16, 16.5, 4], "faces": {"north": {"uv": [13, 1, 16, 2], "rotation": 180, "texture": "#all", "cullface": "up"}, "east": {"uv": [15, 1, 16, 4], "rotation": 90, "texture": "#all", "cullface": "up"}, "south": {"uv": [13, 3, 16, 4], "texture": "#all", "cullface": "up"}, "west": {"uv": [13, 1, 14, 4], "rotation": 270, "texture": "#all", "cullface": "up"}, "up": {"uv": [13, 1, 16, 4], "texture": "#all", "cullface": "up"}}}, {"from": [15, 16, 9], "to": [16, 16.5, 12], "faces": {"north": {"uv": [15, 9, 16, 10], "rotation": 180, "texture": "#all", "cullface": "up"}, "east": {"uv": [15, 9, 16, 12], "rotation": 90, "texture": "#all", "cullface": "up"}, "south": {"uv": [15, 11, 16, 12], "texture": "#all", "cullface": "up"}, "west": {"uv": [15, 9, 16, 12], "rotation": 270, "texture": "#all", "cullface": "up"}, "up": {"uv": [15, 9, 16, 12], "texture": "#all", "cullface": "up"}}}, {"from": [0, 16, 9], "to": [2, 16.5, 12], "faces": {"north": {"uv": [0, 9, 2, 10], "rotation": 180, "texture": "#all", "cullface": "up"}, "east": {"uv": [1, 9, 2, 12], "rotation": 90, "texture": "#all", "cullface": "up"}, "south": {"uv": [0, 11, 2, 12], "texture": "#all", "cullface": "up"}, "west": {"uv": [0, 9, 1, 12], "rotation": 270, "texture": "#all", "cullface": "up"}, "up": {"uv": [0, 9, 2, 12], "texture": "#all", "cullface": "up"}}}, {"from": [0, 16, 1], "to": [4, 16.5, 4], "faces": {"north": {"uv": [0, 1, 4, 2], "rotation": 180, "texture": "#all", "cullface": "up"}, "east": {"uv": [3, 1, 4, 4], "rotation": 90, "texture": "#all", "cullface": "up"}, "south": {"uv": [0, 3, 4, 4], "texture": "#all", "cullface": "up"}, "west": {"uv": [0, 1, 1, 4], "rotation": 270, "texture": "#all", "cullface": "up"}, "up": {"uv": [0, 1, 4, 4], "texture": "#all", "cullface": "up"}}}, {"from": [0, 16, 13], "to": [4, 16.5, 16], "faces": {"north": {"uv": [0, 13, 4, 14], "rotation": 180, "texture": "#all", "cullface": "up"}, "east": {"uv": [3, 13, 4, 16], "rotation": 90, "texture": "#all", "cullface": "up"}, "south": {"uv": [0, 15, 4, 16], "texture": "#all", "cullface": "up"}, "west": {"uv": [0, 13, 1, 16], "rotation": 270, "texture": "#all", "cullface": "up"}, "up": {"uv": [0, 13, 4, 16], "texture": "#all", "cullface": "up"}}}, {"from": [1, 16, 5], "to": [8, 16.5, 8], "faces": {"north": {"uv": [1, 5, 8, 6], "rotation": 180, "texture": "#all", "cullface": "up"}, "east": {"uv": [7, 5, 8, 8], "rotation": 90, "texture": "#all", "cullface": "up"}, "south": {"uv": [1, 7, 8, 8], "texture": "#all", "cullface": "up"}, "west": {"uv": [1, 5, 2, 8], "rotation": 270, "texture": "#all", "cullface": "up"}, "up": {"uv": [1, 5, 8, 8], "texture": "#all", "cullface": "up"}}}, {"from": [9, 16, 5], "to": [16, 16.5, 8], "faces": {"north": {"uv": [9, 5, 16, 6], "rotation": 180, "texture": "#all", "cullface": "up"}, "east": {"uv": [15, 5, 16, 8], "rotation": 90, "texture": "#all", "cullface": "up"}, "south": {"uv": [9, 7, 16, 8], "texture": "#all", "cullface": "up"}, "west": {"uv": [9, 5, 10, 8], "rotation": 270, "texture": "#all", "cullface": "up"}, "up": {"uv": [9, 5, 16, 8], "texture": "#all", "cullface": "up"}}}, {"from": [5, 16, 1], "to": [12, 16.5, 4], "faces": {"north": {"uv": [5, 1, 12, 2], "rotation": 180, "texture": "#all", "cullface": "up"}, "east": {"uv": [11, 1, 12, 4], "rotation": 90, "texture": "#all", "cullface": "up"}, "south": {"uv": [5, 3, 12, 4], "texture": "#all", "cullface": "up"}, "west": {"uv": [5, 1, 6, 4], "rotation": 270, "texture": "#all", "cullface": "up"}, "up": {"uv": [5, 1, 12, 4], "texture": "#all", "cullface": "up"}}}, {"from": [5, 16, 13], "to": [12, 16.5, 16], "faces": {"north": {"uv": [5, 13, 12, 14], "rotation": 180, "texture": "#all", "cullface": "up"}, "east": {"uv": [11, 13, 12, 16], "rotation": 90, "texture": "#all", "cullface": "up"}, "south": {"uv": [5, 15, 12, 16], "texture": "#all", "cullface": "up"}, "west": {"uv": [5, 13, 6, 16], "rotation": 270, "texture": "#all", "cullface": "up"}, "up": {"uv": [5, 13, 12, 16], "texture": "#all", "cullface": "up"}}}, {"from": [13, 7.5, 0], "to": [16, 8, 3], "rotation": {"angle": 0, "axis": "y", "origin": [8, 16, 8]}, "faces": {"north": {"uv": [13, 15, 16, 16], "rotation": 180, "texture": "#all"}, "east": {"uv": [15, 13, 16, 16], "rotation": 270, "texture": "#all"}, "south": {"uv": [13, 13, 16, 14], "texture": "#all"}, "west": {"uv": [13, 13, 14, 16], "rotation": 90, "texture": "#all"}, "down": {"uv": [13, 13, 16, 16], "texture": "#all"}}}, {"from": [3, 7.5, 4], "to": [6, 8, 7], "rotation": {"angle": 0, "axis": "y", "origin": [8, 16, 8]}, "faces": {"north": {"uv": [3, 11, 6, 12], "rotation": 180, "texture": "#all"}, "east": {"uv": [9, 9, 10, 12], "rotation": 270, "texture": "#all"}, "south": {"uv": [3, 9, 6, 10], "texture": "#all"}, "west": {"uv": [3, 9, 4, 12], "rotation": 90, "texture": "#all"}, "down": {"uv": [3, 9, 6, 12], "texture": "#all"}}}, {"from": [7, 7.5, 4], "to": [10, 8, 7], "rotation": {"angle": 0, "axis": "y", "origin": [8, 16, 8]}, "faces": {"north": {"uv": [7, 11, 10, 12], "rotation": 180, "texture": "#all"}, "east": {"uv": [9, 9, 10, 12], "rotation": 270, "texture": "#all"}, "south": {"uv": [7, 9, 10, 10], "texture": "#all"}, "west": {"uv": [7, 9, 8, 12], "rotation": 90, "texture": "#all"}, "down": {"uv": [7, 9, 10, 12], "texture": "#all"}}}, {"from": [11, 7.5, 4], "to": [14, 8, 7], "rotation": {"angle": 0, "axis": "y", "origin": [8, 16, 8]}, "faces": {"north": {"uv": [11, 11, 14, 12], "rotation": 180, "texture": "#all"}, "east": {"uv": [13, 9, 14, 12], "rotation": 270, "texture": "#all"}, "south": {"uv": [11, 9, 14, 10], "texture": "#all"}, "west": {"uv": [11, 9, 12, 12], "rotation": 90, "texture": "#all"}, "down": {"uv": [11, 9, 14, 12], "texture": "#all"}}}, {"from": [13, 7.5, 12], "to": [16, 8, 15], "rotation": {"angle": 0, "axis": "y", "origin": [8, 16, 8]}, "faces": {"north": {"uv": [13, 3, 16, 4], "rotation": 180, "texture": "#all"}, "east": {"uv": [15, 1, 16, 4], "rotation": 270, "texture": "#all"}, "south": {"uv": [13, 1, 16, 2], "texture": "#all"}, "west": {"uv": [13, 1, 14, 4], "rotation": 90, "texture": "#all"}, "down": {"uv": [13, 1, 16, 4], "texture": "#all"}}}, {"from": [15, 7.5, 4], "to": [16, 8, 7], "rotation": {"angle": 0, "axis": "y", "origin": [8, 16, 8]}, "faces": {"north": {"uv": [15, 11, 16, 12], "rotation": 180, "texture": "#all"}, "east": {"uv": [15, 9, 16, 12], "rotation": 270, "texture": "#all"}, "south": {"uv": [15, 9, 16, 10], "texture": "#all"}, "west": {"uv": [15, 9, 16, 12], "rotation": 90, "texture": "#all"}, "down": {"uv": [15, 9, 16, 12], "texture": "#all"}}}, {"from": [0, 7.5, 4], "to": [2, 8, 7], "rotation": {"angle": 0, "axis": "y", "origin": [8, 16, 8]}, "faces": {"north": {"uv": [0, 11, 2, 12], "rotation": 180, "texture": "#all"}, "east": {"uv": [1, 9, 2, 12], "rotation": 270, "texture": "#all"}, "south": {"uv": [0, 9, 2, 10], "texture": "#all"}, "west": {"uv": [0, 9, 1, 12], "rotation": 90, "texture": "#all"}, "down": {"uv": [0, 9, 2, 12], "texture": "#all"}}}, {"from": [0, 7.5, 12], "to": [4, 8, 15], "rotation": {"angle": 0, "axis": "y", "origin": [8, 16, 8]}, "faces": {"north": {"uv": [0, 3, 4, 4], "rotation": 180, "texture": "#all"}, "east": {"uv": [3, 1, 4, 4], "rotation": 270, "texture": "#all"}, "south": {"uv": [0, 1, 4, 2], "texture": "#all"}, "west": {"uv": [0, 1, 1, 4], "rotation": 90, "texture": "#all"}, "down": {"uv": [0, 1, 4, 4], "texture": "#all"}}}, {"from": [0, 7.5, 0], "to": [4, 8, 3], "rotation": {"angle": 0, "axis": "y", "origin": [8, 16, 8]}, "faces": {"north": {"uv": [0, 15, 4, 16], "rotation": 180, "texture": "#all"}, "east": {"uv": [3, 13, 4, 16], "rotation": 270, "texture": "#all"}, "south": {"uv": [0, 13, 4, 14], "texture": "#all"}, "west": {"uv": [0, 13, 1, 16], "rotation": 90, "texture": "#all"}, "down": {"uv": [0, 13, 4, 16], "texture": "#all"}}}, {"from": [1, 7.5, 8], "to": [8, 8, 11], "rotation": {"angle": 0, "axis": "y", "origin": [8, 16, 8]}, "faces": {"north": {"uv": [1, 7, 8, 8], "rotation": 180, "texture": "#all"}, "east": {"uv": [7, 5, 8, 8], "rotation": 270, "texture": "#all"}, "south": {"uv": [1, 5, 8, 6], "texture": "#all"}, "west": {"uv": [1, 5, 2, 8], "rotation": 90, "texture": "#all"}, "down": {"uv": [1, 5, 8, 8], "texture": "#all"}}}, {"from": [9, 7.5, 8], "to": [16, 8, 11], "rotation": {"angle": 0, "axis": "y", "origin": [8, 16, 8]}, "faces": {"north": {"uv": [9, 7, 16, 8], "rotation": 180, "texture": "#all"}, "east": {"uv": [15, 5, 16, 8], "rotation": 270, "texture": "#all"}, "south": {"uv": [9, 5, 16, 6], "texture": "#all"}, "west": {"uv": [9, 5, 10, 8], "rotation": 90, "texture": "#all"}, "down": {"uv": [9, 5, 16, 8], "texture": "#all"}}}, {"from": [5, 7.5, 12], "to": [12, 8, 15], "rotation": {"angle": 0, "axis": "y", "origin": [8, 16, 8]}, "faces": {"north": {"uv": [5, 3, 12, 4], "rotation": 180, "texture": "#all"}, "east": {"uv": [11, 1, 12, 4], "rotation": 270, "texture": "#all"}, "south": {"uv": [5, 1, 12, 2], "texture": "#all"}, "west": {"uv": [5, 1, 6, 4], "rotation": 90, "texture": "#all"}, "down": {"uv": [5, 1, 12, 4], "texture": "#all"}}}, {"from": [5, 7.5, 0], "to": [12, 8, 3], "rotation": {"angle": 0, "axis": "y", "origin": [8, 16, 8]}, "faces": {"north": {"uv": [5, 15, 12, 16], "rotation": 180, "texture": "#all"}, "east": {"uv": [11, 13, 12, 16], "rotation": 270, "texture": "#all"}, "south": {"uv": [5, 13, 12, 14], "texture": "#all"}, "west": {"uv": [5, 13, 6, 16], "rotation": 90, "texture": "#all"}, "down": {"uv": [5, 13, 12, 16], "texture": "#all"}}}], "display": {"thirdperson_righthand": {"rotation": [75, 45, 0], "translation": [0, 2.5, 0], "scale": [0.375, 0.375, 0.375]}, "thirdperson_lefthand": {"rotation": [75, 45, 0], "translation": [0, 2.5, 0], "scale": [0.375, 0.375, 0.375]}, "firstperson_righthand": {"rotation": [0, 45, 0], "scale": [0.4, 0.4, 0.4]}, "firstperson_lefthand": {"rotation": [0, 225, 0], "scale": [0.4, 0.4, 0.4]}, "ground": {"translation": [0, 3, 0], "scale": [0.25, 0.25, 0.25]}, "gui": {"rotation": [30, 225, 0], "scale": [0.625, 0.625, 0.625]}, "fixed": {"scale": [0.5, 0.5, 0.5]}}, "groups": [0, {"name": "north", "origin": [8, 8, 8], "color": 0, "children": [1, 2, 3, 4, 5]}, {"name": "east", "origin": [8, 8, 8], "color": 0, "children": [6, 7, 8, 9, 10]}, {"name": "south", "origin": [8, 8, 8], "color": 0, "children": [11, 12, 13, 14, 15]}, {"name": "west", "origin": [8, 8, 8], "color": 0, "children": [16, 17, 18, 19, 20]}, {"name": "up", "origin": [8, 8, 8], "color": 0, "children": [21, 22, 23, 24, 25, 26, 27, 28, 29, 30, 31, 32, 33]}, {"name": "down", "origin": [8, 8, 8], "color": 0, "children": [34, 35, 36, 37, 38, 39, 40, 41, 42, 43, 44, 45, 46]}]}