{
    "parent": "minecraft:block/slab",
    "textures": {"particle": "#all"},
    "elements": [
        {
            "from": [
                0,
                8,
                0
            ],
            "to": [
                16,
                16,
                16
            ],
            "faces": {
                "north": {
                    "uv": [
                        0,
                        0,
                        16,
                        8
                    ],
                    "texture": "#all",
                    "cullface": "north"
                },
                "east": {
                    "uv": [
                        0,
                        0,
                        16,
                        8
                    ],
                    "texture": "#all",
                    "cullface": "east"
                },
                "south": {
                    "uv": [
                        0,
                        0,
                        16,
                        8
                    ],
                    "texture": "#all",
                    "cullface": "south"
                },
                "west": {
                    "uv": [
                        0,
                        0,
                        16,
                        8
                    ],
                    "texture": "#all",
                    "cullface": "west"
                },
                "up": {
                    "uv": [
                        0,
                        0,
                        16,
                        16
                    ],
                    "texture": "#all",
                    "cullface": "up"
                },
                "down": {
                    "uv": [
                        0,
                        0,
                        16,
                        16
                    ],
                    "texture": "#all",
                    "cullface": "down"
                }
            }
        },
        {
            "from": [
                1,
                8,
                -0.5
            ],
            "to": [
                16,
                16,
                0
            ],
            "faces": {
                "north": {
                    "uv": [
                        0,
                        0,
                        15,
                        8
                    ],
                    "texture": "#all",
                    "cullface": "north"
                },
                "east": {
                    "uv": [
                        0,
                        0,
                        1,
                        8
                    ],
                    "texture": "#all",
                    "cullface": "north"
                },
                "west": {
                    "uv": [
                        14,
                        0,
                        15,
                        8
                    ],
                    "texture": "#all",
                    "cullface": "north"
                },
                "up": {
                    "uv": [
                        15,
                        0,
                        0,
                        1
                    ],
                    "texture": "#all",
                    "cullface": "north"
                },
                "down": {
                    "uv": [
                        15,
                        7,
                        0,
                        8
                    ],
                    "texture": "#all",
                    "cullface": "north"
                }
            }
        },
        {
            "from": [
                16,
                8,
                1
            ],
            "to": [
                16.5,
                16,
                16
            ],
            "faces": {
                "north": {
                    "uv": [
                        14,
                        0,
                        15,
                        8
                    ],
                    "texture": "#all",
                    "cullface": "east"
                },
                "east": {
                    "uv": [
                        0,
                        0,
                        15,
                        8
                    ],
                    "texture": "#all",
                    "cullface": "east"
                },
                "south": {
                    "uv": [
                        0,
                        0,
                        1,
                        8
                    ],
                    "texture": "#all",
                    "cullface": "east"
                },
                "up": {
                    "uv": [
                        15,
                        0,
                        0,
                        1
                    ],
                    "rotation": 90,
                    "texture": "#all",
                    "cullface": "east"
                },
                "down": {
                    "uv": [
                        15,
                        7,
                        0,
                        8
                    ],
                    "rotation": 270,
                    "texture": "#all",
                    "cullface": "east"
                }
            }
        },
        {
            "from": [
                0,
                8,
                16
            ],
            "to": [
                15,
                16,
                16.5
            ],
            "faces": {
                "east": {
                    "uv": [
                        14,
                        0,
                        15,
                        8
                    ],
                    "texture": "#all",
                    "cullface": "south"
                },
                "south": {
                    "uv": [
                        0,
                        0,
                        15,
                        8
                    ],
                    "texture": "#all",
                    "cullface": "south"
                },
                "west": {
                    "uv": [
                        0,
                        0,
                        1,
                        8
                    ],
                    "texture": "#all",
                    "cullface": "south"
                },
                "up": {
                    "uv": [
                        15,
                        0,
                        0,
                        1
                    ],
                    "rotation": 180,
                    "texture": "#all",
                    "cullface": "south"
                },
                "down": {
                    "uv": [
                        15,
                        7,
                        0,
                        8
                    ],
                    "rotation": 180,
                    "texture": "#all",
                    "cullface": "south"
                }
            }
        },
        {
            "from": [
                -0.5,
                8,
                0
            ],
            "to": [
                0,
                16,
                15
            ],
            "faces": {
                "north": {
                    "uv": [
                        0,
                        0,
                        1,
                        8
                    ],
                    "texture": "#all",
                    "cullface": "west"
                },
                "south": {
                    "uv": [
                        14,
                        0,
                        15,
                        8
                    ],
                    "texture": "#all",
                    "cullface": "west"
                },
                "west": {
                    "uv": [
                        0,
                        0,
                        15,
                        8
                    ],
                    "texture": "#all",
                    "cullface": "west"
                },
                "up": {
                    "uv": [
                        15,
                        0,
                        0,
                        1
                    ],
                    "rotation": 270,
                    "texture": "#all",
                    "cullface": "west"
                },
                "down": {
                    "uv": [
                        15,
                        7,
                        0,
                        8
                    ],
                    "rotation": 90,
                    "texture": "#all",
                    "cullface": "west"
                }
            }
        },
        {
            "from": [
                0,
                16,
                0
            ],
            "to": [
                15,
                16.5,
                15
            ],
            "faces": {
                "north": {
                    "uv": [
                        15,
                        0,
                        0,
                        1
                    ],
                    "texture": "#all",
                    "cullface": "up"
                },
                "east": {
                    "uv": [
                        14,
                        0,
                        15,
                        15
                    ],
                    "rotation": 90,
                    "texture": "#all",
                    "cullface": "up"
                },
                "south": {
                    "uv": [
                        15,
                        14,
                        0,
                        15
                    ],
                    "rotation": 180,
                    "texture": "#all",
                    "cullface": "up"
                },
                "west": {
                    "uv": [
                        0,
                        0,
                        1,
                        15
                    ],
                    "rotation": 270,
                    "texture": "#all",
                    "cullface": "up"
                },
                "up": {
                    "uv": [
                        0,
                        0,
                        15,
                        15
                    ],
                    "texture": "#all",
                    "cullface": "up"
                }
            }
        },
        {
            "from": [
                0,
                7.5,
                1
            ],
            "to": [
                15,
                8,
                16
            ],
            "faces": {
                "north": {
                    "uv": [
                        15,
                        14,
                        0,
                        15
                    ],
                    "texture": "#all"
                },
                "east": {
                    "uv": [
                        14,
                        0,
                        15,
                        15
                    ],
                    "rotation": 270,
                    "texture": "#all"
                },
                "south": {
                    "uv": [
                        15,
                        0,
                        0,
                        1
                    ],
                    "rotation": 180,
                    "texture": "#all"
                },
                "west": {
                    "uv": [
                        0,
                        0,
                        1,
                        15
                    ],
                    "rotation": 90,
                    "texture": "#all"
                },
                "down": {
                    "uv": [
                        0,
                        0,
                        15,
                        15
                    ],
                    "texture": "#all"
                }
            }
        }
    ]
}