{"parent": "block/cube_all", "textures": {"all": "block/prismarine"}, "elements": [{"from": [0, 0, 0], "to": [16, 8, 16], "faces": {"north": {"uv": [0, 8, 16, 16], "texture": "#all", "cullface": "north"}, "east": {"uv": [0, 8, 16, 16], "texture": "#all", "cullface": "east"}, "south": {"uv": [0, 8, 16, 16], "texture": "#all", "cullface": "south"}, "west": {"uv": [0, 8, 16, 16], "texture": "#all", "cullface": "west"}, "up": {"uv": [0, 0, 16, 16], "texture": "#all"}, "down": {"uv": [0, 0, 16, 16], "texture": "#all", "cullface": "down"}}}, {"from": [0, 0, -0.25], "to": [2, 1, 0], "faces": {"north": {"uv": [14, 15, 16, 16], "texture": "#all", "cullface": "north"}, "east": {"uv": [14, 15, 15, 16], "texture": "#all", "cullface": "north"}, "west": {"uv": [15, 15, 16, 16], "texture": "#all", "cullface": "north"}, "up": {"uv": [14, 15, 16, 16], "rotation": 180, "texture": "#all", "cullface": "north"}, "down": {"uv": [14, 15, 16, 16], "rotation": 180, "texture": "#all", "cullface": "north"}}}, {"from": [3, 0, -0.25], "to": [6, 1, 0], "faces": {"north": {"uv": [10, 15, 13, 16], "texture": "#all", "cullface": "north"}, "east": {"uv": [10, 15, 11, 16], "texture": "#all", "cullface": "north"}, "west": {"uv": [12, 15, 13, 16], "texture": "#all", "cullface": "north"}, "up": {"uv": [10, 15, 13, 16], "rotation": 180, "texture": "#all", "cullface": "north"}, "down": {"uv": [10, 15, 13, 16], "rotation": 180, "texture": "#all", "cullface": "north"}}}, {"from": [12, 0, -0.25], "to": [14, 1, 0], "faces": {"north": {"uv": [2, 15, 4, 16], "texture": "#all", "cullface": "north"}, "east": {"uv": [2, 15, 3, 16], "texture": "#all", "cullface": "north"}, "west": {"uv": [3, 15, 4, 16], "texture": "#all", "cullface": "north"}, "up": {"uv": [2, 15, 4, 16], "rotation": 180, "texture": "#all", "cullface": "north"}, "down": {"uv": [2, 15, 4, 16], "rotation": 180, "texture": "#all", "cullface": "north"}}}, {"from": [14, 1, -0.25], "to": [16, 3, 0], "faces": {"north": {"uv": [0, 13, 2, 15], "texture": "#all", "cullface": "north"}, "east": {"uv": [0, 13, 1, 15], "texture": "#all", "cullface": "north"}, "west": {"uv": [1, 13, 2, 15], "texture": "#all", "cullface": "north"}, "up": {"uv": [0, 13, 2, 14], "rotation": 180, "texture": "#all", "cullface": "north"}, "down": {"uv": [0, 14, 2, 15], "rotation": 180, "texture": "#all", "cullface": "north"}}}, {"from": [15, 3, -0.25], "to": [16, 4, 0], "faces": {"north": {"uv": [0, 12, 1, 13], "texture": "#all", "cullface": "north"}, "east": {"uv": [0, 12, 1, 13], "texture": "#all", "cullface": "north"}, "west": {"uv": [0, 12, 1, 13], "texture": "#all", "cullface": "north"}, "up": {"uv": [0, 12, 1, 13], "rotation": 180, "texture": "#all", "cullface": "north"}}}, {"from": [9, 0, -0.25], "to": [11, 1, 0], "faces": {"north": {"uv": [5, 15, 7, 16], "texture": "#all", "cullface": "north"}, "east": {"uv": [5, 15, 6, 16], "texture": "#all", "cullface": "north"}, "west": {"uv": [6, 15, 7, 16], "texture": "#all", "cullface": "north"}, "down": {"uv": [5, 15, 7, 16], "rotation": 180, "texture": "#all", "cullface": "north"}}}, {"from": [9, 1, -0.25], "to": [12, 2, 0], "faces": {"north": {"uv": [4, 14, 7, 15], "texture": "#all", "cullface": "north"}, "east": {"uv": [4, 14, 5, 15], "texture": "#all", "cullface": "north"}, "west": {"uv": [6, 14, 7, 15], "texture": "#all", "cullface": "north"}, "up": {"uv": [4, 14, 7, 15], "rotation": 180, "texture": "#all", "cullface": "north"}, "down": {"uv": [4, 14, 7, 15], "rotation": 180, "texture": "#all", "cullface": "north"}}}, {"from": [10, 2, -0.25], "to": [13, 4, 0], "faces": {"north": {"uv": [3, 12, 6, 14], "texture": "#all", "cullface": "north"}, "east": {"uv": [3, 12, 4, 14], "texture": "#all", "cullface": "north"}, "west": {"uv": [5, 12, 6, 14], "texture": "#all", "cullface": "north"}, "up": {"uv": [3, 12, 6, 13], "rotation": 180, "texture": "#all", "cullface": "north"}, "down": {"uv": [3, 13, 6, 14], "rotation": 180, "texture": "#all", "cullface": "north"}}}, {"from": [10, 4, -0.25], "to": [12, 5, 0], "faces": {"north": {"uv": [4, 11, 6, 12], "texture": "#all", "cullface": "north"}, "east": {"uv": [4, 11, 5, 12], "texture": "#all", "cullface": "north"}, "west": {"uv": [5, 11, 6, 12], "texture": "#all", "cullface": "north"}, "up": {"uv": [4, 11, 6, 12], "rotation": 180, "texture": "#all", "cullface": "north"}}}, {"from": [4, 1, -0.25], "to": [8, 2, 0], "faces": {"north": {"uv": [8, 14, 12, 15], "texture": "#all", "cullface": "north"}, "east": {"uv": [8, 14, 9, 15], "texture": "#all", "cullface": "north"}, "west": {"uv": [11, 14, 12, 15], "texture": "#all", "cullface": "north"}, "up": {"uv": [8, 14, 12, 15], "rotation": 180, "texture": "#all", "cullface": "north"}, "down": {"uv": [8, 14, 12, 15], "rotation": 180, "texture": "#all", "cullface": "north"}}}, {"from": [5, 2, -0.25], "to": [9, 3, 0], "faces": {"north": {"uv": [7, 13, 11, 14], "texture": "#all", "cullface": "north"}, "east": {"uv": [7, 13, 8, 14], "texture": "#all", "cullface": "north"}, "west": {"uv": [10, 13, 11, 14], "texture": "#all", "cullface": "north"}, "up": {"uv": [7, 13, 11, 14], "rotation": 180, "texture": "#all", "cullface": "north"}, "down": {"uv": [7, 13, 11, 14], "rotation": 180, "texture": "#all", "cullface": "north"}}}, {"from": [7, 3, -0.25], "to": [8, 4, 0], "faces": {"north": {"uv": [8, 12, 9, 13], "texture": "#all", "cullface": "north"}, "east": {"uv": [8, 12, 9, 13], "texture": "#all", "cullface": "north"}, "west": {"uv": [8, 12, 9, 13], "texture": "#all", "cullface": "north"}, "up": {"uv": [8, 12, 9, 13], "rotation": 180, "texture": "#all", "cullface": "north"}}}, {"from": [8, 4, -0.25], "to": [9, 5, 0], "faces": {"north": {"uv": [7, 11, 8, 12], "texture": "#all", "cullface": "north"}, "east": {"uv": [7, 11, 8, 12], "texture": "#all", "cullface": "north"}, "west": {"uv": [7, 11, 8, 12], "texture": "#all", "cullface": "north"}, "down": {"uv": [7, 11, 8, 12], "rotation": 180, "texture": "#all", "cullface": "north"}}}, {"from": [8, 5, -0.25], "to": [10, 6, 0], "faces": {"north": {"uv": [6, 10, 8, 11], "texture": "#all", "cullface": "north"}, "east": {"uv": [6, 10, 7, 11], "texture": "#all", "cullface": "north"}, "west": {"uv": [7, 10, 8, 11], "texture": "#all", "cullface": "north"}, "down": {"uv": [6, 10, 8, 11], "rotation": 180, "texture": "#all", "cullface": "north"}}}, {"from": [7, 6, -0.25], "to": [11, 7, 0], "faces": {"north": {"uv": [5, 9, 9, 10], "texture": "#all", "cullface": "north"}, "east": {"uv": [5, 9, 6, 10], "texture": "#all", "cullface": "north"}, "west": {"uv": [8, 9, 9, 10], "texture": "#all", "cullface": "north"}, "down": {"uv": [5, 9, 9, 10], "rotation": 180, "texture": "#all", "cullface": "north"}}}, {"from": [6, 7, -0.25], "to": [14, 8, 0], "faces": {"north": {"uv": [2, 8, 10, 9], "texture": "#all", "cullface": "north"}, "east": {"uv": [2, 8, 3, 9], "texture": "#all", "cullface": "north"}, "west": {"uv": [9, 8, 10, 9], "texture": "#all", "cullface": "north"}, "up": {"uv": [2, 8, 10, 9], "rotation": 180, "texture": "#all", "cullface": "north"}, "down": {"uv": [2, 8, 10, 9], "rotation": 180, "texture": "#all", "cullface": "north"}}}, {"from": [12, 5, -0.25], "to": [15, 7, 0], "faces": {"north": {"uv": [1, 9, 4, 11], "texture": "#all", "cullface": "north"}, "east": {"uv": [1, 9, 2, 11], "texture": "#all", "cullface": "north"}, "west": {"uv": [3, 9, 4, 11], "texture": "#all", "cullface": "north"}, "up": {"uv": [1, 9, 4, 10], "rotation": 180, "texture": "#all", "cullface": "north"}, "down": {"uv": [1, 10, 4, 11], "rotation": 180, "texture": "#all", "cullface": "north"}}}, {"from": [13, 4, -0.25], "to": [14, 5, 0], "faces": {"north": {"uv": [2, 11, 3, 12], "texture": "#all", "cullface": "north"}, "east": {"uv": [2, 11, 3, 12], "texture": "#all", "cullface": "north"}, "west": {"uv": [2, 11, 3, 12], "texture": "#all", "cullface": "north"}, "down": {"uv": [2, 11, 3, 12], "rotation": 180, "texture": "#all", "cullface": "north"}}}, {"from": [4, 4, -0.25], "to": [7, 6, 0], "faces": {"north": {"uv": [9, 10, 12, 12], "texture": "#all", "cullface": "north"}, "east": {"uv": [9, 10, 10, 12], "texture": "#all", "cullface": "north"}, "west": {"uv": [11, 10, 12, 12], "texture": "#all", "cullface": "north"}, "up": {"uv": [9, 10, 12, 11], "rotation": 180, "texture": "#all", "cullface": "north"}, "down": {"uv": [9, 11, 12, 12], "rotation": 180, "texture": "#all", "cullface": "north"}}}, {"from": [4, 6, -0.25], "to": [6, 7, 0], "faces": {"north": {"uv": [10, 9, 12, 10], "texture": "#all", "cullface": "north"}, "east": {"uv": [10, 10, 11, 11], "texture": "#all", "cullface": "north"}, "west": {"uv": [11, 9, 12, 10], "texture": "#all", "cullface": "north"}, "up": {"uv": [10, 9, 12, 10], "rotation": 180, "texture": "#all", "cullface": "north"}}}, {"from": [2, 1, -0.25], "to": [3, 2, 0], "faces": {"north": {"uv": [13, 14, 14, 15], "texture": "#all", "cullface": "north"}, "east": {"uv": [13, 14, 14, 15], "texture": "#all", "cullface": "north"}, "west": {"uv": [13, 14, 14, 15], "texture": "#all", "cullface": "north"}, "down": {"uv": [13, 14, 14, 15], "rotation": 180, "texture": "#all", "cullface": "north"}}}, {"from": [0, 2, -0.25], "to": [4, 4, 0], "faces": {"north": {"uv": [12, 12, 16, 14], "texture": "#all", "cullface": "north"}, "east": {"uv": [12, 12, 13, 14], "texture": "#all", "cullface": "north"}, "west": {"uv": [15, 12, 16, 14], "texture": "#all", "cullface": "north"}, "up": {"uv": [12, 12, 16, 13], "rotation": 180, "texture": "#all", "cullface": "north"}, "down": {"uv": [12, 13, 16, 14], "rotation": 180, "texture": "#all", "cullface": "north"}}}, {"from": [0, 4, -0.25], "to": [3, 5, 0], "faces": {"north": {"uv": [13, 11, 16, 12], "texture": "#all", "cullface": "north"}, "east": {"uv": [13, 11, 14, 12], "texture": "#all", "cullface": "north"}, "west": {"uv": [15, 11, 16, 12], "texture": "#all", "cullface": "north"}, "up": {"uv": [13, 11, 16, 12], "rotation": 180, "texture": "#all", "cullface": "north"}}}, {"from": [2, 5, -0.25], "to": [3, 6, 0], "faces": {"north": {"uv": [13, 10, 14, 11], "texture": "#all", "cullface": "north"}, "east": {"uv": [13, 10, 14, 11], "texture": "#all", "cullface": "north"}, "west": {"uv": [13, 10, 14, 11], "texture": "#all", "cullface": "north"}, "up": {"uv": [13, 10, 14, 11], "rotation": 180, "texture": "#all", "cullface": "north"}}}, {"from": [3, 7, -0.25], "to": [4, 8, 0], "faces": {"north": {"uv": [12, 8, 13, 9], "texture": "#all", "cullface": "north"}, "east": {"uv": [12, 8, 13, 9], "texture": "#all", "cullface": "north"}, "west": {"uv": [12, 8, 13, 9], "texture": "#all", "cullface": "north"}, "up": {"uv": [12, 8, 13, 9], "texture": "#all", "cullface": "north"}, "down": {"uv": [12, 8, 13, 9], "rotation": 180, "texture": "#all", "cullface": "north"}}}, {"from": [0, 6, -0.25], "to": [2, 8, 0], "faces": {"north": {"uv": [14, 8, 16, 10], "texture": "#all", "cullface": "north"}, "east": {"uv": [14, 8, 15, 10], "texture": "#all", "cullface": "north"}, "west": {"uv": [15, 8, 16, 10], "texture": "#all", "cullface": "north"}, "up": {"uv": [14, 8, 16, 9], "rotation": 180, "texture": "#all", "cullface": "north"}, "down": {"uv": [14, 9, 16, 10], "rotation": 180, "texture": "#all", "cullface": "north"}}}, {"from": [15, 6, -0.25], "to": [16, 8, 0], "faces": {"north": {"uv": [0, 8, 1, 10], "texture": "#all", "cullface": "north"}, "east": {"uv": [0, 8, 1, 10], "texture": "#all", "cullface": "north"}, "west": {"uv": [0, 8, 1, 10], "texture": "#all", "cullface": "north"}, "up": {"uv": [0, 8, 1, 9], "rotation": 180, "texture": "#all", "cullface": "north"}, "down": {"uv": [0, 9, 1, 10], "rotation": 180, "texture": "#all", "cullface": "north"}}}, {"from": [15.25, 6, 15], "to": [16.25, 8, 15.25], "faces": {"north": {"uv": [0, 8, 1, 10], "texture": "#all", "cullface": "east"}, "east": {"uv": [0, 8, 1, 10], "texture": "#all", "cullface": "east"}, "south": {"uv": [0, 8, 1, 10], "texture": "#all", "cullface": "east"}, "up": {"uv": [0, 8, 1, 9], "rotation": 270, "texture": "#all", "cullface": "east"}, "down": {"uv": [0, 9, 1, 10], "rotation": 90, "texture": "#all", "cullface": "east"}}}, {"from": [16, 0, 0], "to": [16.25, 1, 2], "faces": {"north": {"uv": [15, 15, 16, 16], "texture": "#all", "cullface": "east"}, "east": {"uv": [14, 15, 16, 16], "texture": "#all", "cullface": "east"}, "south": {"uv": [14, 15, 15, 16], "texture": "#all", "cullface": "east"}, "up": {"uv": [14, 15, 16, 16], "rotation": 270, "texture": "#all", "cullface": "east"}, "down": {"uv": [14, 15, 16, 16], "rotation": 90, "texture": "#all", "cullface": "east"}}}, {"from": [16, 0, 3], "to": [16.25, 1, 6], "faces": {"north": {"uv": [12, 15, 13, 16], "texture": "#all", "cullface": "east"}, "east": {"uv": [10, 15, 13, 16], "texture": "#all", "cullface": "east"}, "south": {"uv": [10, 15, 11, 16], "texture": "#all", "cullface": "east"}, "up": {"uv": [10, 15, 13, 16], "rotation": 270, "texture": "#all", "cullface": "east"}, "down": {"uv": [10, 15, 13, 16], "rotation": 90, "texture": "#all", "cullface": "east"}}}, {"from": [16, 0, 12], "to": [16.25, 1, 14], "faces": {"north": {"uv": [3, 15, 4, 16], "texture": "#all", "cullface": "east"}, "east": {"uv": [2, 15, 4, 16], "texture": "#all", "cullface": "east"}, "south": {"uv": [2, 15, 3, 16], "texture": "#all", "cullface": "east"}, "up": {"uv": [2, 15, 4, 16], "rotation": 270, "texture": "#all", "cullface": "east"}, "down": {"uv": [2, 15, 4, 16], "rotation": 90, "texture": "#all", "cullface": "east"}}}, {"from": [16, 1, 14], "to": [16.25, 3, 16], "faces": {"north": {"uv": [1, 13, 2, 15], "texture": "#all", "cullface": "east"}, "east": {"uv": [0, 13, 2, 15], "texture": "#all", "cullface": "east"}, "south": {"uv": [0, 13, 1, 15], "texture": "#all", "cullface": "east"}, "up": {"uv": [0, 13, 2, 14], "rotation": 270, "texture": "#all", "cullface": "east"}, "down": {"uv": [0, 14, 2, 15], "rotation": 90, "texture": "#all", "cullface": "east"}}}, {"from": [16, 3, 15], "to": [16.25, 4, 16], "faces": {"north": {"uv": [0, 12, 1, 13], "texture": "#all", "cullface": "east"}, "east": {"uv": [0, 12, 1, 13], "texture": "#all", "cullface": "east"}, "south": {"uv": [0, 12, 1, 13], "texture": "#all", "cullface": "east"}, "up": {"uv": [0, 12, 1, 13], "rotation": 270, "texture": "#all", "cullface": "east"}}}, {"from": [16, 0, 9], "to": [16.25, 1, 11], "faces": {"north": {"uv": [6, 15, 7, 16], "texture": "#all", "cullface": "east"}, "east": {"uv": [5, 15, 7, 16], "texture": "#all", "cullface": "east"}, "south": {"uv": [5, 15, 6, 16], "texture": "#all", "cullface": "east"}, "down": {"uv": [5, 15, 7, 16], "rotation": 90, "texture": "#all", "cullface": "east"}}}, {"from": [16, 1, 9], "to": [16.25, 2, 12], "faces": {"north": {"uv": [6, 14, 7, 15], "texture": "#all", "cullface": "east"}, "east": {"uv": [4, 14, 7, 15], "texture": "#all", "cullface": "east"}, "south": {"uv": [4, 14, 5, 15], "texture": "#all", "cullface": "east"}, "up": {"uv": [4, 14, 7, 15], "rotation": 270, "texture": "#all", "cullface": "east"}, "down": {"uv": [4, 14, 7, 15], "rotation": 90, "texture": "#all", "cullface": "east"}}}, {"from": [16, 2, 10], "to": [16.25, 4, 13], "faces": {"north": {"uv": [5, 12, 6, 14], "texture": "#all", "cullface": "east"}, "east": {"uv": [3, 12, 6, 14], "texture": "#all", "cullface": "east"}, "south": {"uv": [3, 12, 4, 14], "texture": "#all", "cullface": "east"}, "up": {"uv": [3, 12, 6, 13], "rotation": 270, "texture": "#all", "cullface": "east"}, "down": {"uv": [3, 13, 6, 14], "rotation": 90, "texture": "#all", "cullface": "east"}}}, {"from": [16, 4, 10], "to": [16.25, 5, 12], "faces": {"north": {"uv": [5, 11, 6, 12], "texture": "#all", "cullface": "east"}, "east": {"uv": [4, 11, 6, 12], "texture": "#all", "cullface": "east"}, "south": {"uv": [4, 11, 5, 12], "texture": "#all", "cullface": "east"}, "up": {"uv": [4, 11, 6, 12], "rotation": 270, "texture": "#all", "cullface": "east"}}}, {"from": [16, 1, 4], "to": [16.25, 2, 8], "faces": {"north": {"uv": [11, 14, 12, 15], "texture": "#all", "cullface": "east"}, "east": {"uv": [8, 14, 12, 15], "texture": "#all", "cullface": "east"}, "south": {"uv": [8, 14, 9, 15], "texture": "#all", "cullface": "east"}, "up": {"uv": [8, 14, 12, 15], "rotation": 270, "texture": "#all", "cullface": "east"}, "down": {"uv": [8, 14, 12, 15], "rotation": 90, "texture": "#all", "cullface": "east"}}}, {"from": [16, 2, 5], "to": [16.25, 3, 9], "faces": {"north": {"uv": [10, 13, 11, 14], "texture": "#all", "cullface": "east"}, "east": {"uv": [7, 13, 11, 14], "texture": "#all", "cullface": "east"}, "south": {"uv": [7, 13, 8, 14], "texture": "#all", "cullface": "east"}, "up": {"uv": [7, 13, 11, 14], "rotation": 270, "texture": "#all", "cullface": "east"}, "down": {"uv": [7, 13, 11, 14], "rotation": 90, "texture": "#all", "cullface": "east"}}}, {"from": [16, 3, 7], "to": [16.25, 4, 8], "faces": {"north": {"uv": [8, 12, 9, 13], "texture": "#all", "cullface": "east"}, "east": {"uv": [8, 12, 9, 13], "texture": "#all", "cullface": "east"}, "south": {"uv": [8, 12, 9, 13], "texture": "#all", "cullface": "east"}, "up": {"uv": [8, 12, 9, 13], "rotation": 270, "texture": "#all", "cullface": "east"}}}, {"from": [16, 4, 8], "to": [16.25, 5, 9], "faces": {"north": {"uv": [7, 11, 8, 12], "texture": "#all", "cullface": "east"}, "east": {"uv": [7, 11, 8, 12], "texture": "#all", "cullface": "east"}, "south": {"uv": [7, 11, 8, 12], "texture": "#all", "cullface": "east"}, "down": {"uv": [7, 11, 8, 12], "rotation": 90, "texture": "#all", "cullface": "east"}}}, {"from": [16, 5, 8], "to": [16.25, 6, 10], "faces": {"north": {"uv": [7, 10, 8, 11], "texture": "#all", "cullface": "east"}, "east": {"uv": [6, 10, 8, 11], "texture": "#all", "cullface": "east"}, "south": {"uv": [6, 10, 7, 11], "texture": "#all", "cullface": "east"}, "down": {"uv": [6, 10, 8, 11], "rotation": 90, "texture": "#all", "cullface": "east"}}}, {"from": [16, 6, 7], "to": [16.25, 7, 11], "faces": {"north": {"uv": [8, 9, 9, 10], "texture": "#all", "cullface": "east"}, "east": {"uv": [5, 9, 9, 10], "texture": "#all", "cullface": "east"}, "south": {"uv": [5, 9, 6, 10], "texture": "#all", "cullface": "east"}, "down": {"uv": [5, 9, 9, 10], "rotation": 90, "texture": "#all", "cullface": "east"}}}, {"from": [16, 7, 6], "to": [16.25, 8, 14], "faces": {"north": {"uv": [9, 8, 10, 9], "texture": "#all", "cullface": "east"}, "east": {"uv": [2, 8, 10, 9], "texture": "#all", "cullface": "east"}, "south": {"uv": [2, 8, 3, 9], "texture": "#all", "cullface": "east"}, "up": {"uv": [2, 8, 10, 9], "rotation": 270, "texture": "#all", "cullface": "east"}, "down": {"uv": [2, 8, 10, 9], "rotation": 90, "texture": "#all", "cullface": "east"}}}, {"from": [16, 5, 12], "to": [16.25, 7, 15], "faces": {"north": {"uv": [3, 9, 4, 11], "texture": "#all", "cullface": "east"}, "east": {"uv": [1, 9, 4, 11], "texture": "#all", "cullface": "east"}, "south": {"uv": [1, 9, 2, 11], "texture": "#all", "cullface": "east"}, "up": {"uv": [1, 9, 4, 10], "rotation": 270, "texture": "#all", "cullface": "east"}, "down": {"uv": [1, 10, 4, 11], "rotation": 90, "texture": "#all", "cullface": "east"}}}, {"from": [16, 4, 13], "to": [16.25, 5, 14], "faces": {"north": {"uv": [2, 11, 3, 12], "texture": "#all", "cullface": "east"}, "east": {"uv": [2, 11, 3, 12], "texture": "#all", "cullface": "east"}, "south": {"uv": [2, 11, 3, 12], "texture": "#all", "cullface": "east"}, "down": {"uv": [2, 11, 3, 12], "rotation": 90, "texture": "#all", "cullface": "east"}}}, {"from": [16, 4, 4], "to": [16.25, 6, 7], "faces": {"north": {"uv": [11, 10, 12, 12], "texture": "#all", "cullface": "east"}, "east": {"uv": [9, 10, 12, 12], "texture": "#all", "cullface": "east"}, "south": {"uv": [9, 10, 10, 12], "texture": "#all", "cullface": "east"}, "up": {"uv": [9, 10, 12, 11], "rotation": 270, "texture": "#all", "cullface": "east"}, "down": {"uv": [9, 11, 12, 12], "rotation": 90, "texture": "#all", "cullface": "east"}}}, {"from": [16, 6, 4], "to": [16.25, 7, 6], "faces": {"north": {"uv": [11, 9, 12, 10], "texture": "#all", "cullface": "east"}, "east": {"uv": [10, 9, 12, 10], "texture": "#all", "cullface": "east"}, "south": {"uv": [10, 10, 11, 11], "texture": "#all", "cullface": "east"}, "up": {"uv": [10, 9, 12, 10], "rotation": 270, "texture": "#all", "cullface": "east"}}}, {"from": [16, 1, 2], "to": [16.25, 2, 3], "faces": {"north": {"uv": [13, 14, 14, 15], "texture": "#all", "cullface": "east"}, "east": {"uv": [13, 14, 14, 15], "texture": "#all", "cullface": "east"}, "south": {"uv": [13, 14, 14, 15], "texture": "#all", "cullface": "east"}, "down": {"uv": [13, 14, 14, 15], "rotation": 90, "texture": "#all", "cullface": "east"}}}, {"from": [16, 2, 0], "to": [16.25, 4, 4], "faces": {"north": {"uv": [15, 12, 16, 14], "texture": "#all", "cullface": "east"}, "east": {"uv": [12, 12, 16, 14], "texture": "#all", "cullface": "east"}, "south": {"uv": [12, 12, 13, 14], "texture": "#all", "cullface": "east"}, "up": {"uv": [12, 12, 16, 13], "rotation": 270, "texture": "#all", "cullface": "east"}, "down": {"uv": [12, 13, 16, 14], "rotation": 90, "texture": "#all", "cullface": "east"}}}, {"from": [16, 4, 0], "to": [16.25, 5, 3], "faces": {"north": {"uv": [15, 11, 16, 12], "texture": "#all", "cullface": "east"}, "east": {"uv": [13, 11, 16, 12], "texture": "#all", "cullface": "east"}, "south": {"uv": [13, 11, 14, 12], "texture": "#all", "cullface": "east"}, "up": {"uv": [13, 11, 16, 12], "rotation": 270, "texture": "#all", "cullface": "east"}}}, {"from": [16, 5, 2], "to": [16.25, 6, 3], "faces": {"north": {"uv": [13, 10, 14, 11], "texture": "#all", "cullface": "east"}, "east": {"uv": [13, 10, 14, 11], "texture": "#all", "cullface": "east"}, "south": {"uv": [13, 10, 14, 11], "texture": "#all", "cullface": "east"}, "up": {"uv": [13, 10, 14, 11], "rotation": 270, "texture": "#all", "cullface": "east"}}}, {"from": [16, 7, 3], "to": [16.25, 8, 4], "faces": {"north": {"uv": [12, 8, 13, 9], "texture": "#all", "cullface": "east"}, "east": {"uv": [12, 8, 13, 9], "texture": "#all", "cullface": "east"}, "south": {"uv": [12, 8, 13, 9], "texture": "#all", "cullface": "east"}, "up": {"uv": [12, 8, 13, 9], "texture": "#all", "cullface": "east"}, "down": {"uv": [12, 8, 13, 9], "rotation": 90, "texture": "#all", "cullface": "east"}}}, {"from": [16, 6, 0], "to": [16.25, 8, 2], "faces": {"north": {"uv": [15, 8, 16, 10], "texture": "#all", "cullface": "east"}, "east": {"uv": [14, 8, 16, 10], "texture": "#all", "cullface": "east"}, "south": {"uv": [14, 8, 15, 10], "texture": "#all", "cullface": "east"}, "up": {"uv": [14, 8, 16, 9], "rotation": 270, "texture": "#all", "cullface": "east"}, "down": {"uv": [14, 9, 16, 10], "rotation": 90, "texture": "#all", "cullface": "east"}}}, {"from": [14, 0, 16], "to": [16, 1, 16.25], "faces": {"east": {"uv": [15, 15, 16, 16], "texture": "#all", "cullface": "south"}, "south": {"uv": [14, 15, 16, 16], "texture": "#all", "cullface": "south"}, "west": {"uv": [14, 15, 15, 16], "texture": "#all", "cullface": "south"}, "up": {"uv": [14, 15, 16, 16], "texture": "#all", "cullface": "south"}, "down": {"uv": [14, 15, 16, 16], "texture": "#all", "cullface": "south"}}}, {"from": [10, 0, 16], "to": [13, 1, 16.25], "faces": {"east": {"uv": [12, 15, 13, 16], "texture": "#all", "cullface": "south"}, "south": {"uv": [10, 15, 13, 16], "texture": "#all", "cullface": "south"}, "west": {"uv": [10, 15, 11, 16], "texture": "#all", "cullface": "south"}, "up": {"uv": [10, 15, 13, 16], "texture": "#all", "cullface": "south"}, "down": {"uv": [10, 15, 13, 16], "texture": "#all", "cullface": "south"}}}, {"from": [2, 0, 16], "to": [4, 1, 16.25], "faces": {"east": {"uv": [3, 15, 4, 16], "texture": "#all", "cullface": "south"}, "south": {"uv": [2, 15, 4, 16], "texture": "#all", "cullface": "south"}, "west": {"uv": [2, 15, 3, 16], "texture": "#all", "cullface": "south"}, "up": {"uv": [2, 15, 4, 16], "texture": "#all", "cullface": "south"}, "down": {"uv": [2, 15, 4, 16], "texture": "#all", "cullface": "south"}}}, {"from": [0, 1, 16], "to": [2, 3, 16.25], "faces": {"east": {"uv": [1, 13, 2, 15], "texture": "#all", "cullface": "south"}, "south": {"uv": [0, 13, 2, 15], "texture": "#all", "cullface": "south"}, "west": {"uv": [0, 13, 1, 15], "texture": "#all", "cullface": "south"}, "up": {"uv": [0, 13, 2, 14], "texture": "#all", "cullface": "south"}, "down": {"uv": [0, 14, 2, 15], "texture": "#all", "cullface": "south"}}}, {"from": [0, 3, 16], "to": [1, 4, 16.25], "faces": {"east": {"uv": [0, 12, 1, 13], "texture": "#all", "cullface": "south"}, "south": {"uv": [0, 12, 1, 13], "texture": "#all", "cullface": "south"}, "west": {"uv": [0, 12, 1, 13], "texture": "#all", "cullface": "south"}, "up": {"uv": [0, 12, 1, 13], "texture": "#all", "cullface": "south"}}}, {"from": [5, 0, 16], "to": [7, 1, 16.25], "faces": {"east": {"uv": [6, 15, 7, 16], "texture": "#all", "cullface": "south"}, "south": {"uv": [5, 15, 7, 16], "texture": "#all", "cullface": "south"}, "west": {"uv": [5, 15, 6, 16], "texture": "#all", "cullface": "south"}, "down": {"uv": [5, 15, 7, 16], "texture": "#all", "cullface": "south"}}}, {"from": [4, 1, 16], "to": [7, 2, 16.25], "faces": {"east": {"uv": [6, 14, 7, 15], "texture": "#all", "cullface": "south"}, "south": {"uv": [4, 14, 7, 15], "texture": "#all", "cullface": "south"}, "west": {"uv": [4, 14, 5, 15], "texture": "#all", "cullface": "south"}, "up": {"uv": [4, 14, 7, 15], "texture": "#all", "cullface": "south"}, "down": {"uv": [4, 14, 7, 15], "texture": "#all", "cullface": "south"}}}, {"from": [3, 2, 16], "to": [6, 4, 16.25], "faces": {"east": {"uv": [5, 12, 6, 14], "texture": "#all", "cullface": "south"}, "south": {"uv": [3, 12, 6, 14], "texture": "#all", "cullface": "south"}, "west": {"uv": [3, 12, 4, 14], "texture": "#all", "cullface": "south"}, "up": {"uv": [3, 12, 6, 13], "texture": "#all", "cullface": "south"}, "down": {"uv": [3, 13, 6, 14], "texture": "#all", "cullface": "south"}}}, {"from": [4, 4, 16], "to": [6, 5, 16.25], "faces": {"east": {"uv": [5, 11, 6, 12], "texture": "#all", "cullface": "south"}, "south": {"uv": [4, 11, 6, 12], "texture": "#all", "cullface": "south"}, "west": {"uv": [4, 11, 5, 12], "texture": "#all", "cullface": "south"}, "up": {"uv": [4, 11, 6, 12], "texture": "#all", "cullface": "south"}}}, {"from": [8, 1, 16], "to": [12, 2, 16.25], "faces": {"east": {"uv": [11, 14, 12, 15], "texture": "#all", "cullface": "south"}, "south": {"uv": [8, 14, 12, 15], "texture": "#all", "cullface": "south"}, "west": {"uv": [8, 14, 9, 15], "texture": "#all", "cullface": "south"}, "up": {"uv": [8, 14, 12, 15], "texture": "#all", "cullface": "south"}, "down": {"uv": [8, 14, 12, 15], "texture": "#all", "cullface": "south"}}}, {"from": [7, 2, 16], "to": [11, 3, 16.25], "faces": {"east": {"uv": [10, 13, 11, 14], "texture": "#all", "cullface": "south"}, "south": {"uv": [7, 13, 11, 14], "texture": "#all", "cullface": "south"}, "west": {"uv": [7, 13, 8, 14], "texture": "#all", "cullface": "south"}, "up": {"uv": [7, 13, 11, 14], "texture": "#all", "cullface": "south"}, "down": {"uv": [7, 13, 11, 14], "texture": "#all", "cullface": "south"}}}, {"from": [8, 3, 16], "to": [9, 4, 16.25], "faces": {"east": {"uv": [8, 12, 9, 13], "texture": "#all", "cullface": "south"}, "south": {"uv": [8, 12, 9, 13], "texture": "#all", "cullface": "south"}, "west": {"uv": [8, 12, 9, 13], "texture": "#all", "cullface": "south"}, "up": {"uv": [8, 12, 9, 13], "texture": "#all", "cullface": "south"}}}, {"from": [7, 4, 16], "to": [8, 5, 16.25], "faces": {"east": {"uv": [7, 11, 8, 12], "texture": "#all", "cullface": "south"}, "south": {"uv": [7, 11, 8, 12], "texture": "#all", "cullface": "south"}, "west": {"uv": [7, 11, 8, 12], "texture": "#all", "cullface": "south"}, "down": {"uv": [7, 11, 8, 12], "texture": "#all", "cullface": "south"}}}, {"from": [6, 5, 16], "to": [8, 6, 16.25], "faces": {"east": {"uv": [7, 10, 8, 11], "texture": "#all", "cullface": "south"}, "south": {"uv": [6, 10, 8, 11], "texture": "#all", "cullface": "south"}, "west": {"uv": [6, 10, 7, 11], "texture": "#all", "cullface": "south"}, "down": {"uv": [6, 10, 8, 11], "texture": "#all", "cullface": "south"}}}, {"from": [5, 6, 16], "to": [9, 7, 16.25], "faces": {"east": {"uv": [8, 9, 9, 10], "texture": "#all", "cullface": "south"}, "south": {"uv": [5, 9, 9, 10], "texture": "#all", "cullface": "south"}, "west": {"uv": [5, 9, 6, 10], "texture": "#all", "cullface": "south"}, "down": {"uv": [5, 9, 9, 10], "texture": "#all", "cullface": "south"}}}, {"from": [2, 7, 16], "to": [10, 8, 16.25], "faces": {"east": {"uv": [9, 8, 10, 9], "texture": "#all", "cullface": "south"}, "south": {"uv": [2, 8, 10, 9], "texture": "#all", "cullface": "south"}, "west": {"uv": [2, 8, 3, 9], "texture": "#all", "cullface": "south"}, "up": {"uv": [2, 8, 10, 9], "texture": "#all", "cullface": "south"}, "down": {"uv": [2, 8, 10, 9], "texture": "#all", "cullface": "south"}}}, {"from": [1, 5, 16], "to": [4, 7, 16.25], "faces": {"east": {"uv": [3, 9, 4, 11], "texture": "#all", "cullface": "south"}, "south": {"uv": [1, 9, 4, 11], "texture": "#all", "cullface": "south"}, "west": {"uv": [1, 9, 2, 11], "texture": "#all", "cullface": "south"}, "up": {"uv": [1, 9, 4, 10], "texture": "#all", "cullface": "south"}, "down": {"uv": [1, 10, 4, 11], "texture": "#all", "cullface": "south"}}}, {"from": [2, 4, 16], "to": [3, 5, 16.25], "faces": {"east": {"uv": [2, 11, 3, 12], "texture": "#all", "cullface": "south"}, "south": {"uv": [2, 11, 3, 12], "texture": "#all", "cullface": "south"}, "west": {"uv": [2, 11, 3, 12], "texture": "#all", "cullface": "south"}, "down": {"uv": [2, 11, 3, 12], "texture": "#all", "cullface": "south"}}}, {"from": [9, 4, 16], "to": [12, 6, 16.25], "faces": {"east": {"uv": [11, 10, 12, 12], "texture": "#all", "cullface": "south"}, "south": {"uv": [9, 10, 12, 12], "texture": "#all", "cullface": "south"}, "west": {"uv": [9, 10, 10, 12], "texture": "#all", "cullface": "south"}, "up": {"uv": [9, 10, 12, 11], "texture": "#all", "cullface": "south"}, "down": {"uv": [9, 11, 12, 12], "texture": "#all", "cullface": "south"}}}, {"from": [10, 6, 16], "to": [12, 7, 16.25], "faces": {"east": {"uv": [11, 9, 12, 10], "texture": "#all", "cullface": "south"}, "south": {"uv": [10, 9, 12, 10], "texture": "#all", "cullface": "south"}, "west": {"uv": [10, 10, 11, 11], "texture": "#all", "cullface": "south"}, "up": {"uv": [10, 9, 12, 10], "texture": "#all", "cullface": "south"}}}, {"from": [13, 1, 16], "to": [14, 2, 16.25], "faces": {"east": {"uv": [13, 14, 14, 15], "texture": "#all", "cullface": "south"}, "south": {"uv": [13, 14, 14, 15], "texture": "#all", "cullface": "south"}, "west": {"uv": [13, 14, 14, 15], "texture": "#all", "cullface": "south"}, "down": {"uv": [13, 14, 14, 15], "texture": "#all", "cullface": "south"}}}, {"from": [12, 2, 16], "to": [16, 4, 16.25], "faces": {"east": {"uv": [15, 12, 16, 14], "texture": "#all", "cullface": "south"}, "south": {"uv": [12, 12, 16, 14], "texture": "#all", "cullface": "south"}, "west": {"uv": [12, 12, 13, 14], "texture": "#all", "cullface": "south"}, "up": {"uv": [12, 12, 16, 13], "texture": "#all", "cullface": "south"}, "down": {"uv": [12, 13, 16, 14], "texture": "#all", "cullface": "south"}}}, {"from": [13, 4, 16], "to": [16, 5, 16.25], "faces": {"east": {"uv": [15, 11, 16, 12], "texture": "#all", "cullface": "south"}, "south": {"uv": [13, 11, 16, 12], "texture": "#all", "cullface": "south"}, "west": {"uv": [13, 11, 14, 12], "texture": "#all", "cullface": "south"}, "up": {"uv": [13, 11, 16, 12], "texture": "#all", "cullface": "south"}}}, {"from": [13, 5, 16], "to": [14, 6, 16.25], "faces": {"east": {"uv": [13, 10, 14, 11], "texture": "#all", "cullface": "south"}, "south": {"uv": [13, 10, 14, 11], "texture": "#all", "cullface": "south"}, "west": {"uv": [13, 10, 14, 11], "texture": "#all", "cullface": "south"}, "up": {"uv": [13, 10, 14, 11], "texture": "#all", "cullface": "south"}}}, {"from": [12, 7, 16], "to": [13, 8, 16.25], "faces": {"east": {"uv": [12, 8, 13, 9], "texture": "#all", "cullface": "south"}, "south": {"uv": [12, 8, 13, 9], "texture": "#all", "cullface": "south"}, "west": {"uv": [12, 8, 13, 9], "texture": "#all", "cullface": "south"}, "up": {"uv": [12, 8, 13, 9], "texture": "#all", "cullface": "south"}, "down": {"uv": [12, 8, 13, 9], "texture": "#all", "cullface": "south"}}}, {"from": [14, 6, 16], "to": [16, 8, 16.25], "faces": {"east": {"uv": [15, 8, 16, 10], "texture": "#all", "cullface": "south"}, "south": {"uv": [14, 8, 16, 10], "texture": "#all", "cullface": "south"}, "west": {"uv": [14, 8, 15, 10], "texture": "#all", "cullface": "south"}, "up": {"uv": [14, 8, 16, 9], "texture": "#all", "cullface": "south"}, "down": {"uv": [14, 9, 16, 10], "texture": "#all", "cullface": "south"}}}, {"from": [0, 6, 16], "to": [1, 8, 16.25], "faces": {"east": {"uv": [0, 8, 1, 10], "texture": "#all", "cullface": "south"}, "south": {"uv": [0, 8, 1, 10], "texture": "#all", "cullface": "south"}, "west": {"uv": [0, 8, 1, 10], "texture": "#all", "cullface": "south"}, "up": {"uv": [0, 8, 1, 9], "texture": "#all", "cullface": "south"}, "down": {"uv": [0, 9, 1, 10], "texture": "#all", "cullface": "south"}}}, {"from": [-0.25, 0, 14], "to": [0, 1, 16], "faces": {"north": {"uv": [14, 15, 15, 16], "texture": "#all", "cullface": "west"}, "south": {"uv": [15, 15, 16, 16], "texture": "#all", "cullface": "west"}, "west": {"uv": [14, 15, 16, 16], "texture": "#all", "cullface": "west"}, "up": {"uv": [14, 15, 16, 16], "rotation": 90, "texture": "#all", "cullface": "west"}, "down": {"uv": [14, 15, 16, 16], "rotation": 270, "texture": "#all", "cullface": "west"}}}, {"from": [-0.25, 0, 10], "to": [0, 1, 13], "faces": {"north": {"uv": [10, 15, 11, 16], "texture": "#all", "cullface": "west"}, "south": {"uv": [12, 15, 13, 16], "texture": "#all", "cullface": "west"}, "west": {"uv": [10, 15, 13, 16], "texture": "#all", "cullface": "west"}, "up": {"uv": [10, 15, 13, 16], "rotation": 90, "texture": "#all", "cullface": "west"}, "down": {"uv": [10, 15, 13, 16], "rotation": 270, "texture": "#all", "cullface": "west"}}}, {"from": [-0.25, 0, 2], "to": [0, 1, 4], "faces": {"north": {"uv": [2, 15, 3, 16], "texture": "#all", "cullface": "west"}, "south": {"uv": [3, 15, 4, 16], "texture": "#all", "cullface": "west"}, "west": {"uv": [2, 15, 4, 16], "texture": "#all", "cullface": "west"}, "up": {"uv": [2, 15, 4, 16], "rotation": 90, "texture": "#all", "cullface": "west"}, "down": {"uv": [2, 15, 4, 16], "rotation": 270, "texture": "#all", "cullface": "west"}}}, {"from": [-0.25, 1, 0], "to": [0, 3, 2], "faces": {"north": {"uv": [0, 13, 1, 15], "texture": "#all", "cullface": "west"}, "south": {"uv": [1, 13, 2, 15], "texture": "#all", "cullface": "west"}, "west": {"uv": [0, 13, 2, 15], "texture": "#all", "cullface": "west"}, "up": {"uv": [0, 13, 2, 14], "rotation": 90, "texture": "#all", "cullface": "west"}, "down": {"uv": [0, 14, 2, 15], "rotation": 270, "texture": "#all", "cullface": "west"}}}, {"from": [-0.25, 3, 0], "to": [0, 4, 1], "faces": {"north": {"uv": [0, 12, 1, 13], "texture": "#all", "cullface": "west"}, "south": {"uv": [0, 12, 1, 13], "texture": "#all", "cullface": "west"}, "west": {"uv": [0, 12, 1, 13], "texture": "#all", "cullface": "west"}, "up": {"uv": [0, 12, 1, 13], "rotation": 90, "texture": "#all", "cullface": "west"}}}, {"from": [-0.25, 0, 5], "to": [0, 1, 7], "faces": {"north": {"uv": [5, 15, 6, 16], "texture": "#all", "cullface": "west"}, "south": {"uv": [6, 15, 7, 16], "texture": "#all", "cullface": "west"}, "west": {"uv": [5, 15, 7, 16], "texture": "#all", "cullface": "west"}, "down": {"uv": [5, 15, 7, 16], "rotation": 270, "texture": "#all", "cullface": "west"}}}, {"from": [-0.25, 1, 4], "to": [0, 2, 7], "faces": {"north": {"uv": [4, 14, 5, 15], "texture": "#all", "cullface": "west"}, "south": {"uv": [6, 14, 7, 15], "texture": "#all", "cullface": "west"}, "west": {"uv": [4, 14, 7, 15], "texture": "#all", "cullface": "west"}, "up": {"uv": [4, 14, 7, 15], "rotation": 90, "texture": "#all", "cullface": "west"}, "down": {"uv": [4, 14, 7, 15], "rotation": 270, "texture": "#all", "cullface": "west"}}}, {"from": [-0.25, 2, 3], "to": [0, 4, 6], "faces": {"north": {"uv": [3, 12, 4, 14], "texture": "#all", "cullface": "west"}, "south": {"uv": [5, 12, 6, 14], "texture": "#all", "cullface": "west"}, "west": {"uv": [3, 12, 6, 14], "texture": "#all", "cullface": "west"}, "up": {"uv": [3, 12, 6, 13], "rotation": 90, "texture": "#all", "cullface": "west"}, "down": {"uv": [3, 13, 6, 14], "rotation": 270, "texture": "#all", "cullface": "west"}}}, {"from": [-0.25, 4, 4], "to": [0, 5, 6], "faces": {"north": {"uv": [4, 11, 5, 12], "texture": "#all", "cullface": "west"}, "south": {"uv": [5, 11, 6, 12], "texture": "#all", "cullface": "west"}, "west": {"uv": [4, 11, 6, 12], "texture": "#all", "cullface": "west"}, "up": {"uv": [4, 11, 6, 12], "rotation": 90, "texture": "#all", "cullface": "west"}}}, {"from": [-0.25, 1, 8], "to": [0, 2, 12], "faces": {"north": {"uv": [8, 14, 9, 15], "texture": "#all", "cullface": "west"}, "south": {"uv": [11, 14, 12, 15], "texture": "#all", "cullface": "west"}, "west": {"uv": [8, 14, 12, 15], "texture": "#all", "cullface": "west"}, "up": {"uv": [8, 14, 12, 15], "rotation": 90, "texture": "#all", "cullface": "west"}, "down": {"uv": [8, 14, 12, 15], "rotation": 270, "texture": "#all", "cullface": "west"}}}, {"from": [-0.25, 2, 7], "to": [0, 3, 11], "faces": {"north": {"uv": [7, 13, 8, 14], "texture": "#all", "cullface": "west"}, "south": {"uv": [10, 13, 11, 14], "texture": "#all", "cullface": "west"}, "west": {"uv": [7, 13, 11, 14], "texture": "#all", "cullface": "west"}, "up": {"uv": [7, 13, 11, 14], "rotation": 90, "texture": "#all", "cullface": "west"}, "down": {"uv": [7, 13, 11, 14], "rotation": 270, "texture": "#all", "cullface": "west"}}}, {"from": [-0.25, 3, 8], "to": [0, 4, 9], "faces": {"north": {"uv": [8, 12, 9, 13], "texture": "#all", "cullface": "west"}, "south": {"uv": [8, 12, 9, 13], "texture": "#all", "cullface": "west"}, "west": {"uv": [8, 12, 9, 13], "texture": "#all", "cullface": "west"}, "up": {"uv": [8, 12, 9, 13], "rotation": 90, "texture": "#all", "cullface": "west"}}}, {"from": [-0.25, 4, 7], "to": [0, 5, 8], "faces": {"north": {"uv": [7, 11, 8, 12], "texture": "#all", "cullface": "west"}, "south": {"uv": [7, 11, 8, 12], "texture": "#all", "cullface": "west"}, "west": {"uv": [7, 11, 8, 12], "texture": "#all", "cullface": "west"}, "down": {"uv": [7, 11, 8, 12], "rotation": 270, "texture": "#all", "cullface": "west"}}}, {"from": [-0.25, 5, 6], "to": [0, 6, 8], "faces": {"north": {"uv": [6, 10, 7, 11], "texture": "#all", "cullface": "west"}, "south": {"uv": [7, 10, 8, 11], "texture": "#all", "cullface": "west"}, "west": {"uv": [6, 10, 8, 11], "texture": "#all", "cullface": "west"}, "down": {"uv": [6, 10, 8, 11], "rotation": 270, "texture": "#all", "cullface": "west"}}}, {"from": [-0.25, 6, 5], "to": [0, 7, 9], "faces": {"north": {"uv": [5, 9, 6, 10], "texture": "#all", "cullface": "west"}, "south": {"uv": [8, 9, 9, 10], "texture": "#all", "cullface": "west"}, "west": {"uv": [5, 9, 9, 10], "texture": "#all", "cullface": "west"}, "down": {"uv": [5, 9, 9, 10], "rotation": 270, "texture": "#all", "cullface": "west"}}}, {"from": [-0.25, 7, 2], "to": [0, 8, 10], "faces": {"north": {"uv": [2, 8, 3, 9], "texture": "#all", "cullface": "west"}, "south": {"uv": [9, 8, 10, 9], "texture": "#all", "cullface": "west"}, "west": {"uv": [2, 8, 10, 9], "texture": "#all", "cullface": "west"}, "up": {"uv": [2, 8, 10, 9], "rotation": 90, "texture": "#all", "cullface": "west"}, "down": {"uv": [2, 8, 10, 9], "rotation": 270, "texture": "#all", "cullface": "west"}}}, {"from": [-0.25, 5, 1], "to": [0, 7, 4], "faces": {"north": {"uv": [1, 9, 2, 11], "texture": "#all", "cullface": "west"}, "south": {"uv": [3, 9, 4, 11], "texture": "#all", "cullface": "west"}, "west": {"uv": [1, 9, 4, 11], "texture": "#all", "cullface": "west"}, "up": {"uv": [1, 9, 4, 10], "rotation": 90, "texture": "#all", "cullface": "west"}, "down": {"uv": [1, 10, 4, 11], "rotation": 270, "texture": "#all", "cullface": "west"}}}, {"from": [-0.25, 4, 2], "to": [0, 5, 3], "faces": {"north": {"uv": [2, 11, 3, 12], "texture": "#all", "cullface": "west"}, "south": {"uv": [2, 11, 3, 12], "texture": "#all", "cullface": "west"}, "west": {"uv": [2, 11, 3, 12], "texture": "#all", "cullface": "west"}, "down": {"uv": [2, 11, 3, 12], "rotation": 270, "texture": "#all", "cullface": "west"}}}, {"from": [-0.25, 4, 9], "to": [0, 6, 12], "faces": {"north": {"uv": [9, 10, 10, 12], "texture": "#all", "cullface": "west"}, "south": {"uv": [11, 10, 12, 12], "texture": "#all", "cullface": "west"}, "west": {"uv": [9, 10, 12, 12], "texture": "#all", "cullface": "west"}, "up": {"uv": [9, 10, 12, 11], "rotation": 90, "texture": "#all", "cullface": "west"}, "down": {"uv": [9, 11, 12, 12], "rotation": 270, "texture": "#all", "cullface": "west"}}}, {"from": [-0.25, 6, 10], "to": [0, 7, 12], "faces": {"north": {"uv": [10, 10, 11, 11], "texture": "#all", "cullface": "west"}, "south": {"uv": [11, 9, 12, 10], "texture": "#all", "cullface": "west"}, "west": {"uv": [10, 9, 12, 10], "texture": "#all", "cullface": "west"}, "up": {"uv": [10, 9, 12, 10], "rotation": 90, "texture": "#all", "cullface": "west"}}}, {"from": [-0.25, 1, 13], "to": [0, 2, 14], "faces": {"north": {"uv": [13, 14, 14, 15], "texture": "#all", "cullface": "west"}, "south": {"uv": [13, 14, 14, 15], "texture": "#all", "cullface": "west"}, "west": {"uv": [13, 14, 14, 15], "texture": "#all", "cullface": "west"}, "down": {"uv": [13, 14, 14, 15], "rotation": 270, "texture": "#all", "cullface": "west"}}}, {"from": [-0.25, 2, 12], "to": [0, 4, 16], "faces": {"north": {"uv": [12, 12, 13, 14], "texture": "#all", "cullface": "west"}, "south": {"uv": [15, 12, 16, 14], "texture": "#all", "cullface": "west"}, "west": {"uv": [12, 12, 16, 14], "texture": "#all", "cullface": "west"}, "up": {"uv": [12, 12, 16, 13], "rotation": 90, "texture": "#all", "cullface": "west"}, "down": {"uv": [12, 13, 16, 14], "rotation": 270, "texture": "#all", "cullface": "west"}}}, {"from": [-0.25, 4, 13], "to": [0, 5, 16], "faces": {"north": {"uv": [13, 11, 14, 12], "texture": "#all", "cullface": "west"}, "south": {"uv": [15, 11, 16, 12], "texture": "#all", "cullface": "west"}, "west": {"uv": [13, 11, 16, 12], "texture": "#all", "cullface": "west"}, "up": {"uv": [13, 11, 16, 12], "rotation": 90, "texture": "#all", "cullface": "west"}}}, {"from": [-0.25, 5, 13], "to": [0, 6, 14], "faces": {"north": {"uv": [13, 10, 14, 11], "texture": "#all", "cullface": "west"}, "south": {"uv": [13, 10, 14, 11], "texture": "#all", "cullface": "west"}, "west": {"uv": [13, 10, 14, 11], "texture": "#all", "cullface": "west"}, "up": {"uv": [13, 10, 14, 11], "rotation": 90, "texture": "#all", "cullface": "west"}}}, {"from": [-0.25, 6, 14], "to": [0, 8, 16], "faces": {"north": {"uv": [14, 8, 15, 10], "texture": "#all", "cullface": "west"}, "south": {"uv": [15, 8, 16, 10], "texture": "#all", "cullface": "west"}, "west": {"uv": [14, 8, 16, 10], "texture": "#all", "cullface": "west"}, "up": {"uv": [14, 8, 16, 9], "rotation": 90, "texture": "#all", "cullface": "west"}, "down": {"uv": [14, 9, 16, 10], "rotation": 270, "texture": "#all", "cullface": "west"}}}, {"from": [-0.25, 7, 12], "to": [0, 8, 13], "faces": {"north": {"uv": [12, 8, 13, 9], "texture": "#all", "cullface": "west"}, "south": {"uv": [12, 8, 13, 9], "texture": "#all", "cullface": "west"}, "west": {"uv": [12, 8, 13, 9], "texture": "#all", "cullface": "west"}, "up": {"uv": [12, 8, 13, 9], "texture": "#all"}, "down": {"uv": [12, 8, 13, 9], "rotation": 270, "texture": "#all", "cullface": "west"}}}, {"from": [-0.25, 6, 0], "to": [0, 8, 1], "faces": {"north": {"uv": [0, 8, 1, 10], "texture": "#all", "cullface": "west"}, "south": {"uv": [0, 8, 1, 10], "texture": "#all", "cullface": "west"}, "west": {"uv": [0, 8, 1, 10], "texture": "#all", "cullface": "west"}, "up": {"uv": [0, 8, 1, 9], "rotation": 90, "texture": "#all", "cullface": "west"}, "down": {"uv": [0, 9, 1, 10], "rotation": 270, "texture": "#all", "cullface": "west"}}}, {"from": [14, 8, 15], "to": [16, 8.25, 16], "rotation": {"angle": 0, "axis": "y", "origin": [8, 0, 8]}, "faces": {"north": {"uv": [14, 15, 16, 16], "rotation": 180, "texture": "#all"}, "east": {"uv": [15, 15, 16, 16], "rotation": 90, "texture": "#all"}, "south": {"uv": [14, 15, 16, 16], "texture": "#all"}, "west": {"uv": [14, 15, 15, 16], "rotation": 270, "texture": "#all"}, "up": {"uv": [14, 15, 16, 16], "texture": "#all"}}}, {"from": [10, 8, 15], "to": [13, 8.25, 16], "rotation": {"angle": 0, "axis": "y", "origin": [8, 0, 8]}, "faces": {"north": {"uv": [10, 15, 13, 16], "rotation": 180, "texture": "#all"}, "east": {"uv": [12, 15, 13, 16], "rotation": 90, "texture": "#all"}, "south": {"uv": [10, 15, 13, 16], "texture": "#all"}, "west": {"uv": [10, 15, 11, 16], "rotation": 270, "texture": "#all"}, "up": {"uv": [10, 15, 13, 16], "texture": "#all"}}}, {"from": [2, 8, 15], "to": [4, 8.25, 16], "rotation": {"angle": 0, "axis": "y", "origin": [8, 0, 8]}, "faces": {"north": {"uv": [2, 15, 4, 16], "rotation": 180, "texture": "#all"}, "east": {"uv": [3, 15, 4, 16], "rotation": 90, "texture": "#all"}, "south": {"uv": [2, 15, 4, 16], "texture": "#all"}, "west": {"uv": [2, 15, 3, 16], "rotation": 270, "texture": "#all"}, "up": {"uv": [2, 15, 4, 16], "texture": "#all"}}}, {"from": [0, 8, 13], "to": [2, 8.25, 15], "rotation": {"angle": 0, "axis": "y", "origin": [8, 0, 8]}, "faces": {"north": {"uv": [0, 13, 2, 14], "rotation": 180, "texture": "#all"}, "east": {"uv": [1, 13, 2, 15], "rotation": 90, "texture": "#all"}, "south": {"uv": [0, 14, 2, 15], "texture": "#all"}, "west": {"uv": [0, 13, 1, 15], "rotation": 270, "texture": "#all"}, "up": {"uv": [0, 13, 2, 15], "texture": "#all"}}}, {"from": [0, 8, 12], "to": [1, 8.25, 13], "rotation": {"angle": 0, "axis": "y", "origin": [8, 0, 8]}, "faces": {"north": {"uv": [0, 12, 1, 13], "rotation": 180, "texture": "#all"}, "east": {"uv": [0, 12, 1, 13], "rotation": 90, "texture": "#all"}, "west": {"uv": [0, 12, 1, 13], "rotation": 270, "texture": "#all"}, "up": {"uv": [0, 12, 1, 13], "texture": "#all"}}}, {"from": [5, 8, 15], "to": [7, 8.25, 16], "rotation": {"angle": 0, "axis": "y", "origin": [8, 0, 8]}, "faces": {"east": {"uv": [6, 15, 7, 16], "rotation": 90, "texture": "#all"}, "south": {"uv": [5, 15, 7, 16], "texture": "#all"}, "west": {"uv": [5, 15, 6, 16], "rotation": 270, "texture": "#all"}, "up": {"uv": [5, 15, 7, 16], "texture": "#all"}}}, {"from": [4, 8, 14], "to": [7, 8.25, 15], "rotation": {"angle": 0, "axis": "y", "origin": [8, 0, 8]}, "faces": {"north": {"uv": [4, 14, 7, 15], "rotation": 180, "texture": "#all"}, "east": {"uv": [6, 14, 7, 15], "rotation": 90, "texture": "#all"}, "south": {"uv": [4, 14, 7, 15], "texture": "#all"}, "west": {"uv": [4, 14, 5, 15], "rotation": 270, "texture": "#all"}, "up": {"uv": [4, 14, 7, 15], "texture": "#all"}}}, {"from": [3, 8, 12], "to": [6, 8.25, 14], "rotation": {"angle": 0, "axis": "y", "origin": [8, 0, 8]}, "faces": {"north": {"uv": [3, 12, 6, 13], "rotation": 180, "texture": "#all"}, "east": {"uv": [5, 12, 6, 14], "rotation": 90, "texture": "#all"}, "south": {"uv": [3, 13, 6, 14], "texture": "#all"}, "west": {"uv": [3, 12, 4, 14], "rotation": 270, "texture": "#all"}, "up": {"uv": [3, 12, 6, 14], "texture": "#all"}}}, {"from": [4, 8, 11], "to": [6, 8.25, 12], "rotation": {"angle": 0, "axis": "y", "origin": [8, 0, 8]}, "faces": {"north": {"uv": [4, 11, 6, 12], "rotation": 180, "texture": "#all"}, "east": {"uv": [5, 11, 6, 12], "rotation": 90, "texture": "#all"}, "west": {"uv": [4, 11, 5, 12], "rotation": 270, "texture": "#all"}, "up": {"uv": [4, 11, 6, 12], "texture": "#all"}}}, {"from": [8, 8, 14], "to": [12, 8.25, 15], "rotation": {"angle": 0, "axis": "y", "origin": [8, 0, 8]}, "faces": {"north": {"uv": [8, 14, 12, 15], "rotation": 180, "texture": "#all"}, "east": {"uv": [11, 14, 12, 15], "rotation": 90, "texture": "#all"}, "south": {"uv": [8, 14, 12, 15], "texture": "#all"}, "west": {"uv": [8, 14, 9, 15], "rotation": 270, "texture": "#all"}, "up": {"uv": [8, 14, 12, 15], "texture": "#all"}}}, {"from": [7, 8, 13], "to": [11, 8.25, 14], "rotation": {"angle": 0, "axis": "y", "origin": [8, 0, 8]}, "faces": {"north": {"uv": [7, 13, 11, 14], "rotation": 180, "texture": "#all"}, "east": {"uv": [10, 13, 11, 14], "rotation": 90, "texture": "#all"}, "south": {"uv": [7, 13, 11, 14], "texture": "#all"}, "west": {"uv": [7, 13, 8, 14], "rotation": 270, "texture": "#all"}, "up": {"uv": [7, 13, 11, 14], "texture": "#all"}}}, {"from": [8, 8, 12], "to": [9, 8.25, 13], "rotation": {"angle": 0, "axis": "y", "origin": [8, 0, 8]}, "faces": {"north": {"uv": [8, 12, 9, 13], "rotation": 180, "texture": "#all"}, "east": {"uv": [8, 12, 9, 13], "texture": "#all"}, "west": {"uv": [8, 12, 9, 13], "rotation": 270, "texture": "#all"}, "up": {"uv": [8, 12, 9, 13], "texture": "#all"}}}, {"from": [7, 8, 11], "to": [8, 8.25, 12], "rotation": {"angle": 0, "axis": "y", "origin": [8, 0, 8]}, "faces": {"east": {"uv": [7, 11, 8, 12], "rotation": 90, "texture": "#all"}, "south": {"uv": [7, 11, 8, 12], "texture": "#all"}, "west": {"uv": [7, 11, 8, 12], "rotation": 270, "texture": "#all"}, "up": {"uv": [7, 11, 8, 12], "texture": "#all"}}}, {"from": [6, 8, 10], "to": [8, 8.25, 11], "rotation": {"angle": 0, "axis": "y", "origin": [8, 0, 8]}, "faces": {"east": {"uv": [7, 10, 8, 11], "rotation": 90, "texture": "#all"}, "south": {"uv": [6, 10, 8, 11], "texture": "#all"}, "west": {"uv": [6, 10, 7, 11], "rotation": 270, "texture": "#all"}, "up": {"uv": [6, 10, 8, 11], "texture": "#all"}}}, {"from": [5, 8, 9], "to": [9, 8.25, 10], "rotation": {"angle": 0, "axis": "y", "origin": [8, 0, 8]}, "faces": {"east": {"uv": [8, 9, 9, 10], "rotation": 90, "texture": "#all"}, "south": {"uv": [5, 9, 9, 10], "texture": "#all"}, "west": {"uv": [5, 9, 6, 10], "rotation": 270, "texture": "#all"}, "up": {"uv": [5, 9, 9, 10], "texture": "#all"}}}, {"from": [2, 8, 8], "to": [10, 8.25, 9], "rotation": {"angle": 0, "axis": "y", "origin": [8, 0, 8]}, "faces": {"north": {"uv": [2, 8, 10, 9], "rotation": 180, "texture": "#all"}, "east": {"uv": [9, 8, 10, 9], "rotation": 90, "texture": "#all"}, "south": {"uv": [2, 8, 10, 9], "texture": "#all"}, "west": {"uv": [2, 8, 3, 9], "rotation": 270, "texture": "#all"}, "up": {"uv": [2, 8, 10, 9], "texture": "#all"}}}, {"from": [1, 8, 9], "to": [4, 8.25, 11], "rotation": {"angle": 0, "axis": "y", "origin": [8, 0, 8]}, "faces": {"north": {"uv": [1, 9, 4, 10], "rotation": 180, "texture": "#all"}, "east": {"uv": [3, 9, 4, 11], "rotation": 90, "texture": "#all"}, "south": {"uv": [1, 10, 4, 11], "texture": "#all"}, "west": {"uv": [1, 9, 2, 11], "rotation": 270, "texture": "#all"}, "up": {"uv": [1, 9, 4, 11], "texture": "#all"}}}, {"from": [2, 8, 11], "to": [3, 8.25, 12], "rotation": {"angle": 0, "axis": "y", "origin": [8, 0, 8]}, "faces": {"east": {"uv": [2, 11, 3, 12], "rotation": 90, "texture": "#all"}, "south": {"uv": [2, 11, 3, 12], "texture": "#all"}, "west": {"uv": [2, 11, 3, 12], "rotation": 270, "texture": "#all"}, "up": {"uv": [2, 11, 3, 12], "texture": "#all"}}}, {"from": [0, 8, 7], "to": [1, 8.25, 10], "rotation": {"angle": 0, "axis": "y", "origin": [8, 0, 8]}, "faces": {"north": {"uv": [0, 7, 1, 8], "rotation": 180, "texture": "#all"}, "east": {"uv": [0, 7, 1, 10], "rotation": 90, "texture": "#all"}, "south": {"uv": [0, 9, 1, 10], "texture": "#all"}, "west": {"uv": [0, 7, 1, 10], "rotation": 270, "texture": "#all"}, "up": {"uv": [0, 7, 1, 10], "texture": "#all"}}}, {"from": [9, 8, 10], "to": [12, 8.25, 12], "rotation": {"angle": 0, "axis": "y", "origin": [8, 0, 8]}, "faces": {"north": {"uv": [9, 10, 12, 11], "rotation": 180, "texture": "#all"}, "east": {"uv": [11, 10, 12, 12], "rotation": 90, "texture": "#all"}, "south": {"uv": [9, 11, 12, 12], "texture": "#all"}, "west": {"uv": [9, 10, 10, 12], "rotation": 270, "texture": "#all"}, "up": {"uv": [9, 10, 12, 12], "texture": "#all"}}}, {"from": [10, 8, 9], "to": [12, 8.25, 10], "rotation": {"angle": 0, "axis": "y", "origin": [8, 0, 8]}, "faces": {"north": {"uv": [10, 9, 12, 10], "rotation": 180, "texture": "#all"}, "east": {"uv": [11, 9, 12, 10], "rotation": 90, "texture": "#all"}, "west": {"uv": [10, 10, 11, 11], "rotation": 270, "texture": "#all"}, "up": {"uv": [10, 9, 12, 10], "texture": "#all"}}}, {"from": [13, 8, 14], "to": [14, 8.25, 15], "rotation": {"angle": 0, "axis": "y", "origin": [8, 0, 8]}, "faces": {"east": {"uv": [13, 14, 14, 15], "rotation": 90, "texture": "#all"}, "south": {"uv": [13, 14, 14, 15], "texture": "#all"}, "west": {"uv": [13, 14, 14, 15], "rotation": 270, "texture": "#all"}, "up": {"uv": [13, 14, 14, 15], "texture": "#all"}}}, {"from": [12, 8, 12], "to": [16, 8.25, 14], "rotation": {"angle": 0, "axis": "y", "origin": [8, 0, 8]}, "faces": {"north": {"uv": [12, 12, 16, 13], "rotation": 180, "texture": "#all"}, "east": {"uv": [15, 12, 16, 14], "rotation": 90, "texture": "#all"}, "south": {"uv": [12, 13, 16, 14], "texture": "#all"}, "west": {"uv": [12, 12, 13, 14], "rotation": 270, "texture": "#all"}, "up": {"uv": [12, 12, 16, 14], "texture": "#all"}}}, {"from": [13, 8, 11], "to": [16, 8.25, 12], "rotation": {"angle": 0, "axis": "y", "origin": [8, 0, 8]}, "faces": {"north": {"uv": [13, 11, 16, 12], "rotation": 180, "texture": "#all"}, "east": {"uv": [15, 11, 16, 12], "rotation": 90, "texture": "#all"}, "west": {"uv": [13, 11, 14, 12], "rotation": 270, "texture": "#all"}, "up": {"uv": [13, 11, 16, 12], "texture": "#all"}}}, {"from": [13, 8, 10], "to": [14, 8.25, 11], "rotation": {"angle": 0, "axis": "y", "origin": [8, 0, 8]}, "faces": {"north": {"uv": [13, 10, 14, 11], "rotation": 180, "texture": "#all"}, "east": {"uv": [13, 10, 14, 11], "rotation": 90, "texture": "#all"}, "west": {"uv": [13, 10, 14, 11], "rotation": 270, "texture": "#all"}, "up": {"uv": [13, 10, 14, 11], "texture": "#all"}}}, {"from": [14, 8, 7], "to": [16, 8.25, 10], "rotation": {"angle": 0, "axis": "y", "origin": [8, 0, 8]}, "faces": {"north": {"uv": [14, 7, 16, 8], "rotation": 180, "texture": "#all"}, "east": {"uv": [15, 7, 16, 10], "rotation": 90, "texture": "#all"}, "south": {"uv": [14, 9, 16, 10], "texture": "#all"}, "west": {"uv": [14, 7, 15, 10], "rotation": 270, "texture": "#all"}, "up": {"uv": [14, 7, 16, 10], "texture": "#all"}}}, {"from": [12, 8, 8], "to": [13, 8.25, 9], "rotation": {"angle": 0, "axis": "y", "origin": [8, 0, 8]}, "faces": {"east": {"uv": [12, 8, 13, 9], "rotation": 90, "texture": "#all"}, "south": {"uv": [12, 8, 13, 9], "texture": "#all"}, "west": {"uv": [12, 8, 13, 9], "rotation": 270, "texture": "#all"}, "up": {"uv": [12, 8, 13, 9], "texture": "#all"}}}, {"from": [11, 8, 7], "to": [13, 8.25, 8], "rotation": {"angle": 0, "axis": "y", "origin": [8, 0, 8]}, "faces": {"east": {"uv": [12, 7, 13, 8], "rotation": 90, "texture": "#all"}, "south": {"uv": [11, 7, 13, 8], "texture": "#all"}, "west": {"uv": [11, 7, 12, 8], "rotation": 270, "texture": "#all"}, "up": {"uv": [11, 7, 13, 8], "texture": "#all"}}}, {"from": [11, 8, 6], "to": [14, 8.25, 7], "rotation": {"angle": 0, "axis": "y", "origin": [8, 0, 8]}, "faces": {"north": {"uv": [11, 6, 14, 7], "rotation": 180, "texture": "#all"}, "east": {"uv": [13, 6, 14, 7], "rotation": 90, "texture": "#all"}, "south": {"uv": [11, 6, 14, 7], "texture": "#all"}, "west": {"uv": [11, 6, 12, 7], "rotation": 270, "texture": "#all"}, "up": {"uv": [11, 6, 14, 7], "texture": "#all"}}}, {"from": [12, 8, 5], "to": [15, 8.25, 6], "rotation": {"angle": 0, "axis": "y", "origin": [8, 0, 8]}, "faces": {"north": {"uv": [12, 5, 15, 6], "rotation": 180, "texture": "#all"}, "east": {"uv": [14, 5, 15, 6], "rotation": 90, "texture": "#all"}, "south": {"uv": [12, 5, 15, 6], "texture": "#all"}, "west": {"uv": [12, 5, 13, 6], "rotation": 270, "texture": "#all"}, "up": {"uv": [12, 5, 15, 6], "texture": "#all"}}}, {"from": [15, 8, 4], "to": [16, 8.25, 5], "rotation": {"angle": 0, "axis": "y", "origin": [8, 0, 8]}, "faces": {"north": {"uv": [15, 4, 16, 5], "rotation": 180, "texture": "#all"}, "east": {"uv": [15, 4, 16, 5], "rotation": 90, "texture": "#all"}, "south": {"uv": [15, 4, 16, 5], "texture": "#all"}, "west": {"uv": [15, 4, 16, 5], "rotation": 270, "texture": "#all"}, "up": {"uv": [15, 4, 16, 5], "texture": "#all"}}}, {"from": [9, 8, 5], "to": [11, 8.25, 6], "rotation": {"angle": 0, "axis": "y", "origin": [8, 0, 8]}, "faces": {"north": {"uv": [9, 5, 11, 6], "rotation": 180, "texture": "#all"}, "east": {"uv": [10, 5, 11, 6], "rotation": 90, "texture": "#all"}, "south": {"uv": [9, 5, 11, 6], "texture": "#all"}, "west": {"uv": [9, 5, 10, 6], "rotation": 270, "texture": "#all"}, "up": {"uv": [9, 5, 11, 6], "texture": "#all"}}}, {"from": [10, 8, 4], "to": [13, 8.25, 5], "rotation": {"angle": 0, "axis": "y", "origin": [8, 0, 8]}, "faces": {"north": {"uv": [10, 4, 13, 5], "rotation": 180, "texture": "#all"}, "east": {"uv": [12, 4, 13, 5], "rotation": 90, "texture": "#all"}, "south": {"uv": [10, 4, 13, 5], "texture": "#all"}, "west": {"uv": [10, 4, 11, 5], "rotation": 270, "texture": "#all"}, "up": {"uv": [10, 4, 13, 5], "texture": "#all"}}}, {"from": [11, 8, 3], "to": [14, 8.25, 4], "rotation": {"angle": 0, "axis": "y", "origin": [8, 0, 8]}, "faces": {"north": {"uv": [11, 3, 14, 4], "rotation": 180, "texture": "#all"}, "east": {"uv": [13, 3, 14, 4], "rotation": 90, "texture": "#all"}, "south": {"uv": [11, 3, 14, 4], "texture": "#all"}, "west": {"uv": [11, 3, 12, 4], "rotation": 270, "texture": "#all"}, "up": {"uv": [11, 3, 14, 4], "texture": "#all"}}}, {"from": [12, 8, 2], "to": [13, 8.25, 3], "rotation": {"angle": 0, "axis": "y", "origin": [8, 0, 8]}, "faces": {"north": {"uv": [12, 2, 13, 3], "rotation": 180, "texture": "#all"}, "east": {"uv": [12, 2, 13, 3], "rotation": 90, "texture": "#all"}, "west": {"uv": [12, 2, 13, 3], "rotation": 270, "texture": "#all"}, "up": {"uv": [12, 2, 13, 3], "texture": "#all"}}}, {"from": [1, 8, 6], "to": [2, 8.25, 7], "rotation": {"angle": 0, "axis": "y", "origin": [8, 0, 8]}, "faces": {"east": {"uv": [1, 6, 2, 7], "rotation": 90, "texture": "#all"}, "south": {"uv": [1, 6, 2, 7], "texture": "#all"}, "west": {"uv": [1, 6, 2, 7], "rotation": 270, "texture": "#all"}, "up": {"uv": [1, 6, 2, 7], "texture": "#all"}}}, {"from": [0, 8, 4], "to": [3, 8.25, 6], "rotation": {"angle": 0, "axis": "y", "origin": [8, 0, 8]}, "faces": {"north": {"uv": [0, 4, 3, 5], "rotation": 180, "texture": "#all"}, "east": {"uv": [2, 4, 3, 6], "rotation": 90, "texture": "#all"}, "south": {"uv": [0, 5, 3, 6], "texture": "#all"}, "west": {"uv": [0, 4, 1, 6], "rotation": 270, "texture": "#all"}, "up": {"uv": [0, 4, 3, 6], "texture": "#all"}}}, {"from": [0, 8, 3], "to": [2, 8.25, 4], "rotation": {"angle": 0, "axis": "y", "origin": [8, 0, 8]}, "faces": {"north": {"uv": [0, 3, 2, 4], "rotation": 180, "texture": "#all"}, "east": {"uv": [1, 3, 2, 4], "rotation": 90, "texture": "#all"}, "west": {"uv": [0, 3, 1, 4], "rotation": 270, "texture": "#all"}, "up": {"uv": [0, 3, 2, 4], "texture": "#all"}}}, {"from": [1, 8, 2], "to": [2, 8.25, 3], "rotation": {"angle": 0, "axis": "y", "origin": [8, 0, 8]}, "faces": {"north": {"uv": [1, 2, 2, 3], "rotation": 180, "texture": "#all"}, "east": {"uv": [1, 2, 2, 3], "rotation": 90, "texture": "#all"}, "west": {"uv": [1, 2, 2, 3], "rotation": 270, "texture": "#all"}, "up": {"uv": [1, 2, 2, 3], "texture": "#all"}}}, {"from": [0, 8, 0], "to": [1, 8.25, 2], "rotation": {"angle": 0, "axis": "y", "origin": [8, 0, 8]}, "faces": {"north": {"uv": [0, 0, 1, 1], "rotation": 180, "texture": "#all"}, "east": {"uv": [0, 0, 1, 2], "rotation": 90, "texture": "#all"}, "south": {"uv": [0, 1, 1, 2], "texture": "#all"}, "west": {"uv": [0, 0, 1, 2], "rotation": 270, "texture": "#all"}, "up": {"uv": [0, 0, 1, 2], "texture": "#all"}}}, {"from": [2, 8, 1], "to": [3, 8.25, 2], "rotation": {"angle": 0, "axis": "y", "origin": [8, 0, 8]}, "faces": {"east": {"uv": [2, 1, 3, 2], "rotation": 90, "texture": "#all"}, "south": {"uv": [2, 1, 3, 2], "texture": "#all"}, "west": {"uv": [2, 1, 3, 2], "rotation": 270, "texture": "#all"}, "up": {"uv": [2, 1, 3, 2], "texture": "#all"}}}, {"from": [2, 8, 0], "to": [5, 8.25, 1], "rotation": {"angle": 0, "axis": "y", "origin": [8, 0, 8]}, "faces": {"north": {"uv": [2, 0, 5, 1], "rotation": 180, "texture": "#all"}, "east": {"uv": [4, 0, 5, 1], "rotation": 90, "texture": "#all"}, "south": {"uv": [2, 0, 5, 1], "texture": "#all"}, "west": {"uv": [2, 0, 3, 1], "rotation": 270, "texture": "#all"}, "up": {"uv": [2, 0, 5, 1], "texture": "#all"}}}, {"from": [3, 8, 2], "to": [7, 8.25, 3], "rotation": {"angle": 0, "axis": "y", "origin": [8, 0, 8]}, "faces": {"north": {"uv": [3, 2, 7, 3], "rotation": 180, "texture": "#all"}, "east": {"uv": [6, 2, 7, 3], "rotation": 90, "texture": "#all"}, "south": {"uv": [3, 2, 7, 3], "texture": "#all"}, "west": {"uv": [3, 2, 4, 3], "rotation": 270, "texture": "#all"}, "up": {"uv": [3, 2, 7, 3], "texture": "#all"}}}, {"from": [4, 8, 3], "to": [8, 8.25, 4], "rotation": {"angle": 0, "axis": "y", "origin": [8, 0, 8]}, "faces": {"north": {"uv": [4, 3, 8, 4], "rotation": 180, "texture": "#all"}, "east": {"uv": [7, 3, 8, 4], "rotation": 90, "texture": "#all"}, "south": {"uv": [4, 3, 8, 4], "texture": "#all"}, "west": {"uv": [4, 3, 5, 4], "rotation": 270, "texture": "#all"}, "up": {"uv": [4, 3, 8, 4], "texture": "#all"}}}, {"from": [6, 8, 4], "to": [8, 8.25, 5], "rotation": {"angle": 0, "axis": "y", "origin": [8, 0, 8]}, "faces": {"east": {"uv": [7, 4, 8, 5], "rotation": 90, "texture": "#all"}, "south": {"uv": [6, 4, 8, 5], "texture": "#all"}, "west": {"uv": [6, 4, 7, 5], "rotation": 270, "texture": "#all"}, "up": {"uv": [6, 4, 8, 5], "texture": "#all"}}}, {"from": [5, 8, 1], "to": [7, 8.25, 2], "rotation": {"angle": 0, "axis": "y", "origin": [8, 0, 8]}, "faces": {"north": {"uv": [5, 1, 7, 2], "rotation": 180, "texture": "#all"}, "east": {"uv": [6, 1, 7, 2], "rotation": 90, "texture": "#all"}, "west": {"uv": [5, 1, 6, 2], "rotation": 270, "texture": "#all"}, "up": {"uv": [5, 1, 7, 2], "texture": "#all"}}}, {"from": [4, 8, 5], "to": [6, 8.25, 6], "rotation": {"angle": 0, "axis": "y", "origin": [8, 0, 8]}, "faces": {"north": {"uv": [4, 5, 6, 6], "rotation": 180, "texture": "#all"}, "east": {"uv": [5, 5, 6, 6], "rotation": 90, "texture": "#all"}, "south": {"uv": [4, 5, 6, 6], "texture": "#all"}, "west": {"uv": [4, 5, 5, 6], "rotation": 270, "texture": "#all"}, "up": {"uv": [4, 5, 6, 6], "texture": "#all"}}}, {"from": [3, 8, 6], "to": [5, 8.25, 7], "rotation": {"angle": 0, "axis": "y", "origin": [8, 0, 8]}, "faces": {"north": {"uv": [3, 6, 5, 7], "rotation": 180, "texture": "#all"}, "east": {"uv": [4, 6, 5, 7], "rotation": 90, "texture": "#all"}, "south": {"uv": [3, 6, 5, 7], "texture": "#all"}, "west": {"uv": [3, 6, 4, 7], "rotation": 270, "texture": "#all"}, "up": {"uv": [3, 6, 5, 7], "texture": "#all"}}}, {"from": [8, 8, 1], "to": [11, 8.25, 3], "rotation": {"angle": 0, "axis": "y", "origin": [8, 0, 8]}, "faces": {"north": {"uv": [8, 1, 11, 2], "rotation": 180, "texture": "#all"}, "east": {"uv": [10, 1, 11, 3], "rotation": 90, "texture": "#all"}, "south": {"uv": [8, 2, 11, 3], "texture": "#all"}, "west": {"uv": [8, 1, 9, 3], "rotation": 270, "texture": "#all"}, "up": {"uv": [8, 1, 11, 3], "texture": "#all"}}}, {"from": [11, 8, 0], "to": [12, 8.25, 1], "rotation": {"angle": 0, "axis": "y", "origin": [8, 0, 8]}, "faces": {"north": {"uv": [11, 0, 12, 1], "rotation": 180, "texture": "#all"}, "east": {"uv": [11, 0, 12, 1], "rotation": 90, "texture": "#all"}, "south": {"uv": [11, 0, 12, 1], "texture": "#all"}, "west": {"uv": [11, 0, 12, 1], "rotation": 270, "texture": "#all"}, "up": {"uv": [11, 0, 12, 1], "texture": "#all"}}}, {"from": [15, 8, 2], "to": [16, 8.25, 3], "rotation": {"angle": 0, "axis": "y", "origin": [8, 0, 8]}, "faces": {"east": {"uv": [15, 2, 16, 3], "rotation": 90, "texture": "#all"}, "south": {"uv": [15, 2, 16, 3], "texture": "#all"}, "west": {"uv": [15, 2, 16, 3], "rotation": 270, "texture": "#all"}, "up": {"uv": [15, 2, 16, 3], "texture": "#all"}}}, {"from": [13, 8, 0], "to": [16, 8.25, 2], "rotation": {"angle": 0, "axis": "y", "origin": [8, 0, 8]}, "faces": {"north": {"uv": [13, 0, 16, 1], "rotation": 180, "texture": "#all"}, "east": {"uv": [15, 0, 16, 2], "rotation": 90, "texture": "#all"}, "south": {"uv": [13, 0, 16, 1], "texture": "#all"}, "west": {"uv": [13, 0, 14, 2], "rotation": 270, "texture": "#all"}, "up": {"uv": [13, 0, 16, 2], "texture": "#all"}}}, {"from": [8, 8, 0], "to": [10, 8.25, 1], "rotation": {"angle": 0, "axis": "y", "origin": [8, 0, 8]}, "faces": {"north": {"uv": [8, 0, 10, 1], "rotation": 180, "texture": "#all"}, "east": {"uv": [9, 0, 10, 1], "rotation": 90, "texture": "#all"}, "west": {"uv": [8, 0, 9, 1], "rotation": 270, "texture": "#all"}, "up": {"uv": [8, 0, 10, 1], "texture": "#all"}}}, {"from": [9, 8, 3], "to": [10, 8.25, 4], "rotation": {"angle": 0, "axis": "y", "origin": [8, 0, 8]}, "faces": {"east": {"uv": [9, 3, 10, 4], "rotation": 90, "texture": "#all"}, "south": {"uv": [9, 3, 10, 4], "texture": "#all"}, "west": {"uv": [9, 3, 10, 4], "rotation": 270, "texture": "#all"}, "up": {"uv": [9, 3, 10, 4], "texture": "#all"}}}, {"from": [6, 8, 7], "to": [10, 8.25, 8], "rotation": {"angle": 0, "axis": "y", "origin": [8, 0, 8]}, "faces": {"north": {"uv": [6, 7, 10, 8], "rotation": 180, "texture": "#all"}, "east": {"uv": [9, 7, 10, 8], "rotation": 90, "texture": "#all"}, "west": {"uv": [6, 7, 7, 8], "rotation": 270, "texture": "#all"}, "up": {"uv": [6, 7, 10, 8], "texture": "#all"}}}, {"from": [7, 8, 6], "to": [9, 8.25, 7], "rotation": {"angle": 0, "axis": "y", "origin": [8, 0, 8]}, "faces": {"north": {"uv": [7, 6, 9, 7], "rotation": 180, "texture": "#all"}, "east": {"uv": [8, 6, 9, 7], "rotation": 90, "texture": "#all"}, "west": {"uv": [7, 6, 8, 7], "rotation": 270, "texture": "#all"}, "up": {"uv": [7, 6, 9, 7], "texture": "#all"}}}, {"from": [14, -0.25, 0], "to": [16, 0, 1], "faces": {"north": {"uv": [14, 15, 16, 16], "rotation": 180, "texture": "#all", "cullface": "down"}, "east": {"uv": [15, 15, 16, 16], "rotation": 270, "texture": "#all", "cullface": "down"}, "south": {"uv": [14, 15, 16, 16], "texture": "#all", "cullface": "down"}, "west": {"uv": [14, 15, 15, 16], "rotation": 90, "texture": "#all", "cullface": "down"}, "down": {"uv": [14, 15, 16, 16], "texture": "#all", "cullface": "down"}}}, {"from": [10, -0.25, 0], "to": [13, 0, 1], "faces": {"north": {"uv": [10, 15, 13, 16], "rotation": 180, "texture": "#all", "cullface": "down"}, "east": {"uv": [12, 15, 13, 16], "rotation": 270, "texture": "#all", "cullface": "down"}, "south": {"uv": [10, 15, 13, 16], "texture": "#all", "cullface": "down"}, "west": {"uv": [10, 15, 11, 16], "rotation": 90, "texture": "#all", "cullface": "down"}, "down": {"uv": [10, 15, 13, 16], "texture": "#all", "cullface": "down"}}}, {"from": [2, -0.25, 0], "to": [4, 0, 1], "faces": {"north": {"uv": [2, 15, 4, 16], "rotation": 180, "texture": "#all", "cullface": "down"}, "east": {"uv": [3, 15, 4, 16], "rotation": 270, "texture": "#all", "cullface": "down"}, "south": {"uv": [2, 15, 4, 16], "texture": "#all", "cullface": "down"}, "west": {"uv": [2, 15, 3, 16], "rotation": 90, "texture": "#all", "cullface": "down"}, "down": {"uv": [2, 15, 4, 16], "texture": "#all", "cullface": "down"}}}, {"from": [0, -0.25, 1], "to": [2, 0, 3], "faces": {"north": {"uv": [0, 14, 2, 15], "rotation": 180, "texture": "#all", "cullface": "down"}, "east": {"uv": [1, 13, 2, 15], "rotation": 270, "texture": "#all", "cullface": "down"}, "south": {"uv": [0, 13, 2, 14], "texture": "#all", "cullface": "down"}, "west": {"uv": [0, 13, 1, 15], "rotation": 90, "texture": "#all", "cullface": "down"}, "down": {"uv": [0, 13, 2, 15], "texture": "#all", "cullface": "down"}}}, {"from": [0, -0.25, 3], "to": [1, 0, 4], "faces": {"east": {"uv": [0, 12, 1, 13], "rotation": 270, "texture": "#all", "cullface": "down"}, "south": {"uv": [0, 12, 1, 13], "texture": "#all", "cullface": "down"}, "west": {"uv": [0, 12, 1, 13], "rotation": 90, "texture": "#all", "cullface": "down"}, "down": {"uv": [0, 12, 1, 13], "texture": "#all", "cullface": "down"}}}, {"from": [5, -0.25, 0], "to": [7, 0, 1], "faces": {"north": {"uv": [5, 15, 7, 16], "rotation": 180, "texture": "#all", "cullface": "down"}, "east": {"uv": [6, 15, 7, 16], "rotation": 270, "texture": "#all", "cullface": "down"}, "west": {"uv": [5, 15, 6, 16], "rotation": 90, "texture": "#all", "cullface": "down"}, "down": {"uv": [5, 15, 7, 16], "texture": "#all", "cullface": "down"}}}, {"from": [4, -0.25, 1], "to": [7, 0, 2], "faces": {"north": {"uv": [4, 14, 7, 15], "rotation": 180, "texture": "#all", "cullface": "down"}, "east": {"uv": [6, 14, 7, 15], "rotation": 270, "texture": "#all", "cullface": "down"}, "south": {"uv": [4, 14, 7, 15], "texture": "#all", "cullface": "down"}, "west": {"uv": [4, 14, 5, 15], "rotation": 90, "texture": "#all", "cullface": "down"}, "down": {"uv": [4, 14, 7, 15], "texture": "#all", "cullface": "down"}}}, {"from": [3, -0.25, 2], "to": [6, 0, 4], "faces": {"north": {"uv": [3, 13, 6, 14], "rotation": 180, "texture": "#all", "cullface": "down"}, "east": {"uv": [5, 12, 6, 14], "rotation": 270, "texture": "#all", "cullface": "down"}, "south": {"uv": [3, 12, 6, 13], "texture": "#all", "cullface": "down"}, "west": {"uv": [3, 12, 4, 14], "rotation": 90, "texture": "#all", "cullface": "down"}, "down": {"uv": [3, 12, 6, 14], "texture": "#all", "cullface": "down"}}}, {"from": [4, -0.25, 4], "to": [6, 0, 5], "faces": {"east": {"uv": [5, 11, 6, 12], "rotation": 270, "texture": "#all", "cullface": "down"}, "south": {"uv": [4, 11, 6, 12], "texture": "#all", "cullface": "down"}, "west": {"uv": [4, 11, 5, 12], "rotation": 90, "texture": "#all", "cullface": "down"}, "down": {"uv": [4, 11, 6, 12], "texture": "#all", "cullface": "down"}}}, {"from": [8, -0.25, 1], "to": [12, 0, 2], "faces": {"north": {"uv": [8, 14, 12, 15], "rotation": 180, "texture": "#all", "cullface": "down"}, "east": {"uv": [11, 14, 12, 15], "rotation": 270, "texture": "#all", "cullface": "down"}, "south": {"uv": [8, 14, 12, 15], "texture": "#all", "cullface": "down"}, "west": {"uv": [8, 14, 9, 15], "rotation": 90, "texture": "#all", "cullface": "down"}, "down": {"uv": [8, 14, 12, 15], "texture": "#all", "cullface": "down"}}}, {"from": [7, -0.25, 2], "to": [11, 0, 3], "faces": {"north": {"uv": [7, 13, 11, 14], "rotation": 180, "texture": "#all", "cullface": "down"}, "east": {"uv": [10, 13, 11, 14], "rotation": 270, "texture": "#all", "cullface": "down"}, "south": {"uv": [7, 13, 11, 14], "texture": "#all", "cullface": "down"}, "west": {"uv": [7, 13, 8, 14], "rotation": 90, "texture": "#all", "cullface": "down"}, "down": {"uv": [7, 13, 11, 14], "texture": "#all", "cullface": "down"}}}, {"from": [8, -0.25, 3], "to": [9, 0, 4], "faces": {"east": {"uv": [8, 12, 9, 13], "texture": "#all", "cullface": "west"}, "south": {"uv": [8, 12, 9, 13], "texture": "#all", "cullface": "down"}, "west": {"uv": [8, 12, 9, 13], "rotation": 90, "texture": "#all", "cullface": "down"}, "down": {"uv": [8, 12, 9, 13], "texture": "#all", "cullface": "down"}}}, {"from": [7, -0.25, 4], "to": [8, 0, 5], "faces": {"north": {"uv": [7, 11, 8, 12], "rotation": 180, "texture": "#all", "cullface": "down"}, "east": {"uv": [7, 11, 8, 12], "rotation": 270, "texture": "#all", "cullface": "down"}, "west": {"uv": [7, 11, 8, 12], "rotation": 90, "texture": "#all", "cullface": "down"}, "down": {"uv": [7, 11, 8, 12], "texture": "#all", "cullface": "down"}}}, {"from": [6, -0.25, 5], "to": [8, 0, 6], "faces": {"north": {"uv": [6, 10, 8, 11], "rotation": 180, "texture": "#all", "cullface": "down"}, "east": {"uv": [7, 10, 8, 11], "rotation": 270, "texture": "#all", "cullface": "down"}, "west": {"uv": [6, 10, 7, 11], "rotation": 90, "texture": "#all", "cullface": "down"}, "down": {"uv": [6, 10, 8, 11], "texture": "#all", "cullface": "down"}}}, {"from": [5, -0.25, 6], "to": [9, 0, 7], "faces": {"north": {"uv": [5, 9, 9, 10], "rotation": 180, "texture": "#all", "cullface": "down"}, "east": {"uv": [8, 9, 9, 10], "rotation": 270, "texture": "#all", "cullface": "down"}, "west": {"uv": [5, 9, 6, 10], "rotation": 90, "texture": "#all", "cullface": "down"}, "down": {"uv": [5, 9, 9, 10], "texture": "#all", "cullface": "down"}}}, {"from": [2, -0.25, 7], "to": [10, 0, 8], "faces": {"north": {"uv": [2, 8, 10, 9], "rotation": 180, "texture": "#all", "cullface": "down"}, "east": {"uv": [9, 8, 10, 9], "rotation": 270, "texture": "#all", "cullface": "down"}, "south": {"uv": [2, 8, 10, 9], "texture": "#all", "cullface": "down"}, "west": {"uv": [2, 8, 3, 9], "rotation": 90, "texture": "#all", "cullface": "down"}, "down": {"uv": [2, 8, 10, 9], "texture": "#all", "cullface": "down"}}}, {"from": [1, -0.25, 5], "to": [4, 0, 7], "faces": {"north": {"uv": [1, 10, 4, 11], "rotation": 180, "texture": "#all", "cullface": "down"}, "east": {"uv": [3, 9, 4, 11], "rotation": 270, "texture": "#all", "cullface": "down"}, "south": {"uv": [1, 9, 4, 10], "texture": "#all", "cullface": "down"}, "west": {"uv": [1, 9, 2, 11], "rotation": 90, "texture": "#all", "cullface": "down"}, "down": {"uv": [1, 9, 4, 11], "texture": "#all", "cullface": "down"}}}, {"from": [2, -0.25, 4], "to": [3, 0, 5], "faces": {"north": {"uv": [2, 11, 3, 12], "rotation": 180, "texture": "#all", "cullface": "down"}, "east": {"uv": [2, 11, 3, 12], "rotation": 270, "texture": "#all", "cullface": "down"}, "west": {"uv": [2, 11, 3, 12], "rotation": 90, "texture": "#all", "cullface": "down"}, "down": {"uv": [2, 11, 3, 12], "texture": "#all", "cullface": "down"}}}, {"from": [0, -0.25, 6], "to": [1, 0, 9], "faces": {"north": {"uv": [0, 9, 1, 10], "rotation": 180, "texture": "#all", "cullface": "down"}, "east": {"uv": [0, 7, 1, 10], "rotation": 270, "texture": "#all", "cullface": "down"}, "south": {"uv": [0, 7, 1, 8], "texture": "#all", "cullface": "down"}, "west": {"uv": [0, 7, 1, 10], "rotation": 90, "texture": "#all", "cullface": "down"}, "down": {"uv": [0, 7, 1, 10], "texture": "#all", "cullface": "down"}}}, {"from": [9, -0.25, 4], "to": [12, 0, 6], "faces": {"north": {"uv": [9, 11, 12, 12], "rotation": 180, "texture": "#all", "cullface": "down"}, "east": {"uv": [11, 10, 12, 12], "rotation": 270, "texture": "#all", "cullface": "down"}, "south": {"uv": [9, 10, 12, 11], "texture": "#all", "cullface": "down"}, "west": {"uv": [9, 10, 10, 12], "rotation": 90, "texture": "#all", "cullface": "down"}, "down": {"uv": [9, 10, 12, 12], "texture": "#all", "cullface": "down"}}}, {"from": [10, -0.25, 6], "to": [12, 0, 7], "faces": {"east": {"uv": [11, 9, 12, 10], "rotation": 270, "texture": "#all", "cullface": "down"}, "south": {"uv": [10, 9, 12, 10], "texture": "#all", "cullface": "down"}, "west": {"uv": [10, 10, 11, 11], "rotation": 90, "texture": "#all", "cullface": "down"}, "down": {"uv": [10, 9, 12, 10], "texture": "#all", "cullface": "down"}}}, {"from": [13, -0.25, 1], "to": [14, 0, 2], "faces": {"north": {"uv": [13, 14, 14, 15], "rotation": 180, "texture": "#all", "cullface": "down"}, "east": {"uv": [13, 14, 14, 15], "rotation": 270, "texture": "#all", "cullface": "down"}, "west": {"uv": [13, 14, 14, 15], "rotation": 90, "texture": "#all", "cullface": "down"}, "down": {"uv": [13, 14, 14, 15], "texture": "#all", "cullface": "down"}}}, {"from": [12, -0.25, 2], "to": [16, 0, 4], "faces": {"north": {"uv": [12, 13, 16, 14], "rotation": 180, "texture": "#all", "cullface": "down"}, "east": {"uv": [15, 12, 16, 14], "rotation": 270, "texture": "#all", "cullface": "down"}, "south": {"uv": [12, 12, 16, 13], "texture": "#all", "cullface": "down"}, "west": {"uv": [12, 12, 13, 14], "rotation": 90, "texture": "#all", "cullface": "down"}, "down": {"uv": [12, 12, 16, 14], "texture": "#all", "cullface": "down"}}}, {"from": [13, -0.25, 4], "to": [16, 0, 5], "faces": {"east": {"uv": [15, 11, 16, 12], "rotation": 270, "texture": "#all", "cullface": "down"}, "south": {"uv": [13, 11, 16, 12], "texture": "#all", "cullface": "down"}, "west": {"uv": [13, 11, 14, 12], "rotation": 90, "texture": "#all", "cullface": "down"}, "down": {"uv": [13, 11, 16, 12], "texture": "#all", "cullface": "down"}}}, {"from": [13, -0.25, 5], "to": [14, 0, 6], "faces": {"east": {"uv": [13, 10, 14, 11], "rotation": 270, "texture": "#all", "cullface": "down"}, "south": {"uv": [13, 10, 14, 11], "texture": "#all", "cullface": "down"}, "west": {"uv": [13, 10, 14, 11], "rotation": 90, "texture": "#all", "cullface": "down"}, "down": {"uv": [13, 10, 14, 11], "texture": "#all", "cullface": "down"}}}, {"from": [14, -0.25, 6], "to": [16, 0, 9], "faces": {"north": {"uv": [14, 9, 16, 10], "rotation": 180, "texture": "#all", "cullface": "down"}, "east": {"uv": [15, 7, 16, 10], "rotation": 270, "texture": "#all", "cullface": "down"}, "south": {"uv": [14, 7, 16, 8], "texture": "#all", "cullface": "down"}, "west": {"uv": [14, 7, 15, 10], "rotation": 90, "texture": "#all", "cullface": "down"}, "down": {"uv": [14, 7, 16, 10], "texture": "#all", "cullface": "down"}}}, {"from": [12, -0.25, 7], "to": [13, 0, 8], "faces": {"north": {"uv": [12, 8, 13, 9], "rotation": 180, "texture": "#all", "cullface": "down"}, "east": {"uv": [12, 8, 13, 9], "rotation": 270, "texture": "#all", "cullface": "down"}, "west": {"uv": [12, 8, 13, 9], "rotation": 90, "texture": "#all", "cullface": "down"}, "down": {"uv": [12, 8, 13, 9], "texture": "#all", "cullface": "down"}}}, {"from": [11, -0.25, 8], "to": [13, 0, 9], "faces": {"north": {"uv": [11, 7, 13, 8], "rotation": 180, "texture": "#all", "cullface": "down"}, "east": {"uv": [12, 7, 13, 8], "rotation": 270, "texture": "#all", "cullface": "down"}, "west": {"uv": [11, 7, 12, 8], "rotation": 90, "texture": "#all", "cullface": "down"}, "down": {"uv": [11, 7, 13, 8], "texture": "#all", "cullface": "down"}}}, {"from": [11, -0.25, 9], "to": [14, 0, 10], "faces": {"north": {"uv": [11, 6, 14, 7], "rotation": 180, "texture": "#all", "cullface": "down"}, "east": {"uv": [13, 6, 14, 7], "rotation": 270, "texture": "#all", "cullface": "down"}, "south": {"uv": [11, 6, 14, 7], "texture": "#all", "cullface": "down"}, "west": {"uv": [11, 6, 12, 7], "rotation": 90, "texture": "#all", "cullface": "down"}, "down": {"uv": [11, 6, 14, 7], "texture": "#all", "cullface": "down"}}}, {"from": [12, -0.25, 10], "to": [15, 0, 11], "faces": {"north": {"uv": [12, 5, 15, 6], "rotation": 180, "texture": "#all", "cullface": "down"}, "east": {"uv": [14, 5, 15, 6], "rotation": 270, "texture": "#all", "cullface": "down"}, "south": {"uv": [12, 5, 15, 6], "texture": "#all", "cullface": "down"}, "west": {"uv": [12, 5, 13, 6], "rotation": 90, "texture": "#all", "cullface": "down"}, "down": {"uv": [12, 5, 15, 6], "texture": "#all", "cullface": "down"}}}, {"from": [15, -0.25, 11], "to": [16, 0, 12], "faces": {"north": {"uv": [15, 4, 16, 5], "rotation": 180, "texture": "#all", "cullface": "down"}, "east": {"uv": [15, 4, 16, 5], "rotation": 270, "texture": "#all", "cullface": "down"}, "south": {"uv": [15, 4, 16, 5], "texture": "#all", "cullface": "down"}, "west": {"uv": [15, 4, 16, 5], "rotation": 90, "texture": "#all", "cullface": "down"}, "down": {"uv": [15, 4, 16, 5], "texture": "#all", "cullface": "down"}}}, {"from": [9, -0.25, 10], "to": [11, 0, 11], "faces": {"north": {"uv": [9, 5, 11, 6], "rotation": 180, "texture": "#all", "cullface": "down"}, "east": {"uv": [10, 5, 11, 6], "rotation": 270, "texture": "#all", "cullface": "down"}, "south": {"uv": [9, 5, 11, 6], "texture": "#all", "cullface": "down"}, "west": {"uv": [9, 5, 10, 6], "rotation": 90, "texture": "#all", "cullface": "down"}, "down": {"uv": [9, 5, 11, 6], "texture": "#all", "cullface": "down"}}}, {"from": [10, -0.25, 11], "to": [13, 0, 12], "faces": {"north": {"uv": [10, 4, 13, 5], "rotation": 180, "texture": "#all", "cullface": "down"}, "east": {"uv": [12, 4, 13, 5], "rotation": 270, "texture": "#all", "cullface": "down"}, "south": {"uv": [10, 4, 13, 5], "texture": "#all", "cullface": "down"}, "west": {"uv": [10, 4, 11, 5], "rotation": 90, "texture": "#all", "cullface": "down"}, "down": {"uv": [10, 4, 13, 5], "texture": "#all", "cullface": "down"}}}, {"from": [11, -0.25, 12], "to": [14, 0, 13], "faces": {"north": {"uv": [11, 3, 14, 4], "rotation": 180, "texture": "#all", "cullface": "down"}, "east": {"uv": [13, 3, 14, 4], "rotation": 270, "texture": "#all", "cullface": "down"}, "south": {"uv": [11, 3, 14, 4], "texture": "#all", "cullface": "down"}, "west": {"uv": [11, 3, 12, 4], "rotation": 90, "texture": "#all", "cullface": "down"}, "down": {"uv": [11, 3, 14, 4], "texture": "#all", "cullface": "down"}}}, {"from": [12, -0.25, 13], "to": [13, 0, 14], "faces": {"east": {"uv": [12, 2, 13, 3], "rotation": 270, "texture": "#all", "cullface": "down"}, "south": {"uv": [12, 2, 13, 3], "texture": "#all", "cullface": "down"}, "west": {"uv": [12, 2, 13, 3], "rotation": 90, "texture": "#all", "cullface": "down"}, "down": {"uv": [12, 2, 13, 3], "texture": "#all", "cullface": "down"}}}, {"from": [1, -0.25, 9], "to": [2, 0, 10], "faces": {"north": {"uv": [1, 6, 2, 7], "rotation": 180, "texture": "#all", "cullface": "down"}, "east": {"uv": [1, 6, 2, 7], "rotation": 270, "texture": "#all", "cullface": "down"}, "west": {"uv": [1, 6, 2, 7], "rotation": 90, "texture": "#all", "cullface": "down"}, "down": {"uv": [1, 6, 2, 7], "texture": "#all", "cullface": "down"}}}, {"from": [0, -0.25, 10], "to": [3, 0, 12], "faces": {"north": {"uv": [0, 5, 3, 6], "rotation": 180, "texture": "#all", "cullface": "down"}, "east": {"uv": [2, 4, 3, 6], "rotation": 270, "texture": "#all", "cullface": "down"}, "south": {"uv": [0, 4, 3, 5], "texture": "#all", "cullface": "down"}, "west": {"uv": [0, 4, 1, 6], "rotation": 90, "texture": "#all", "cullface": "down"}, "down": {"uv": [0, 4, 3, 6], "texture": "#all", "cullface": "down"}}}, {"from": [0, -0.25, 12], "to": [2, 0, 13], "faces": {"east": {"uv": [1, 3, 2, 4], "rotation": 270, "texture": "#all", "cullface": "down"}, "south": {"uv": [0, 3, 2, 4], "texture": "#all", "cullface": "down"}, "west": {"uv": [0, 3, 1, 4], "rotation": 90, "texture": "#all", "cullface": "down"}, "down": {"uv": [0, 3, 2, 4], "texture": "#all", "cullface": "down"}}}, {"from": [1, -0.25, 13], "to": [2, 0, 14], "faces": {"east": {"uv": [1, 2, 2, 3], "rotation": 270, "texture": "#all", "cullface": "down"}, "south": {"uv": [1, 2, 2, 3], "texture": "#all", "cullface": "down"}, "west": {"uv": [1, 2, 2, 3], "rotation": 90, "texture": "#all", "cullface": "down"}, "down": {"uv": [1, 2, 2, 3], "texture": "#all", "cullface": "down"}}}, {"from": [0, -0.25, 14], "to": [1, 0, 16], "faces": {"north": {"uv": [0, 1, 1, 2], "rotation": 180, "texture": "#all", "cullface": "down"}, "east": {"uv": [0, 0, 1, 2], "rotation": 270, "texture": "#all", "cullface": "down"}, "south": {"uv": [0, 0, 1, 1], "texture": "#all", "cullface": "down"}, "west": {"uv": [0, 0, 1, 2], "rotation": 90, "texture": "#all", "cullface": "down"}, "down": {"uv": [0, 0, 1, 2], "texture": "#all", "cullface": "down"}}}, {"from": [2, -0.25, 14], "to": [3, 0, 15], "faces": {"north": {"uv": [2, 1, 3, 2], "rotation": 180, "texture": "#all", "cullface": "down"}, "east": {"uv": [2, 1, 3, 2], "rotation": 270, "texture": "#all", "cullface": "down"}, "west": {"uv": [2, 1, 3, 2], "rotation": 90, "texture": "#all", "cullface": "down"}, "down": {"uv": [2, 1, 3, 2], "texture": "#all", "cullface": "down"}}}, {"from": [2, -0.25, 15], "to": [5, 0, 16], "faces": {"north": {"uv": [2, 0, 5, 1], "rotation": 180, "texture": "#all", "cullface": "down"}, "east": {"uv": [4, 0, 5, 1], "rotation": 270, "texture": "#all", "cullface": "down"}, "south": {"uv": [2, 0, 5, 1], "texture": "#all", "cullface": "down"}, "west": {"uv": [2, 0, 3, 1], "rotation": 90, "texture": "#all", "cullface": "down"}, "down": {"uv": [2, 0, 5, 1], "texture": "#all", "cullface": "down"}}}, {"from": [3, -0.25, 13], "to": [7, 0, 14], "faces": {"north": {"uv": [3, 2, 7, 3], "rotation": 180, "texture": "#all", "cullface": "down"}, "east": {"uv": [6, 2, 7, 3], "rotation": 270, "texture": "#all", "cullface": "down"}, "south": {"uv": [3, 2, 7, 3], "texture": "#all", "cullface": "down"}, "west": {"uv": [3, 2, 4, 3], "rotation": 90, "texture": "#all", "cullface": "down"}, "down": {"uv": [3, 2, 7, 3], "texture": "#all", "cullface": "down"}}}, {"from": [4, -0.25, 12], "to": [8, 0, 13], "faces": {"north": {"uv": [4, 3, 8, 4], "rotation": 180, "texture": "#all", "cullface": "down"}, "east": {"uv": [7, 3, 8, 4], "rotation": 270, "texture": "#all", "cullface": "down"}, "south": {"uv": [4, 3, 8, 4], "texture": "#all", "cullface": "down"}, "west": {"uv": [4, 3, 5, 4], "rotation": 90, "texture": "#all", "cullface": "down"}, "down": {"uv": [4, 3, 8, 4], "texture": "#all", "cullface": "down"}}}, {"from": [6, -0.25, 11], "to": [8, 0, 12], "faces": {"north": {"uv": [6, 4, 8, 5], "rotation": 180, "texture": "#all", "cullface": "down"}, "east": {"uv": [7, 4, 8, 5], "rotation": 270, "texture": "#all", "cullface": "down"}, "west": {"uv": [6, 4, 7, 5], "rotation": 90, "texture": "#all", "cullface": "down"}, "down": {"uv": [6, 4, 8, 5], "texture": "#all", "cullface": "down"}}}, {"from": [5, -0.25, 14], "to": [7, 0, 15], "faces": {"east": {"uv": [6, 1, 7, 2], "rotation": 270, "texture": "#all", "cullface": "down"}, "south": {"uv": [5, 1, 7, 2], "texture": "#all", "cullface": "down"}, "west": {"uv": [5, 1, 6, 2], "rotation": 90, "texture": "#all", "cullface": "down"}, "down": {"uv": [5, 1, 7, 2], "texture": "#all", "cullface": "down"}}}, {"from": [4, -0.25, 10], "to": [6, 0, 11], "faces": {"north": {"uv": [4, 5, 6, 6], "rotation": 180, "texture": "#all", "cullface": "down"}, "east": {"uv": [5, 5, 6, 6], "rotation": 270, "texture": "#all", "cullface": "down"}, "south": {"uv": [4, 5, 6, 6], "texture": "#all", "cullface": "down"}, "west": {"uv": [4, 5, 5, 6], "rotation": 90, "texture": "#all", "cullface": "down"}, "down": {"uv": [4, 5, 6, 6], "texture": "#all", "cullface": "down"}}}, {"from": [3, -0.25, 9], "to": [5, 0, 10], "faces": {"north": {"uv": [3, 6, 5, 7], "rotation": 180, "texture": "#all", "cullface": "down"}, "east": {"uv": [4, 6, 5, 7], "rotation": 270, "texture": "#all", "cullface": "down"}, "south": {"uv": [3, 6, 5, 7], "texture": "#all", "cullface": "down"}, "west": {"uv": [3, 6, 4, 7], "rotation": 90, "texture": "#all", "cullface": "down"}, "down": {"uv": [3, 6, 5, 7], "texture": "#all", "cullface": "down"}}}, {"from": [8, -0.25, 13], "to": [11, 0, 15], "faces": {"north": {"uv": [8, 2, 11, 3], "rotation": 180, "texture": "#all", "cullface": "down"}, "east": {"uv": [10, 1, 11, 3], "rotation": 270, "texture": "#all", "cullface": "down"}, "south": {"uv": [8, 1, 11, 2], "texture": "#all", "cullface": "down"}, "west": {"uv": [8, 1, 9, 3], "rotation": 90, "texture": "#all", "cullface": "down"}, "down": {"uv": [8, 1, 11, 3], "texture": "#all", "cullface": "down"}}}, {"from": [11, -0.25, 15], "to": [12, 0, 16], "faces": {"north": {"uv": [11, 0, 12, 1], "rotation": 180, "texture": "#all", "cullface": "down"}, "east": {"uv": [11, 0, 12, 1], "rotation": 270, "texture": "#all", "cullface": "down"}, "south": {"uv": [11, 0, 12, 1], "texture": "#all", "cullface": "down"}, "west": {"uv": [11, 0, 12, 1], "rotation": 90, "texture": "#all", "cullface": "down"}, "down": {"uv": [11, 0, 12, 1], "texture": "#all", "cullface": "down"}}}, {"from": [15, -0.25, 13], "to": [16, 0, 14], "faces": {"north": {"uv": [15, 2, 16, 3], "rotation": 180, "texture": "#all", "cullface": "down"}, "east": {"uv": [15, 2, 16, 3], "rotation": 270, "texture": "#all", "cullface": "down"}, "west": {"uv": [15, 2, 16, 3], "rotation": 90, "texture": "#all", "cullface": "down"}, "down": {"uv": [15, 2, 16, 3], "texture": "#all", "cullface": "down"}}}, {"from": [13, -0.25, 14], "to": [16, 0, 16], "faces": {"north": {"uv": [13, 0, 16, 1], "rotation": 180, "texture": "#all", "cullface": "down"}, "east": {"uv": [15, 0, 16, 2], "rotation": 270, "texture": "#all", "cullface": "down"}, "south": {"uv": [13, 0, 16, 1], "texture": "#all", "cullface": "down"}, "west": {"uv": [13, 0, 14, 2], "rotation": 90, "texture": "#all", "cullface": "down"}, "down": {"uv": [13, 0, 16, 2], "texture": "#all", "cullface": "down"}}}, {"from": [8, -0.25, 15], "to": [10, 0, 16], "faces": {"east": {"uv": [9, 0, 10, 1], "rotation": 270, "texture": "#all", "cullface": "down"}, "south": {"uv": [8, 0, 10, 1], "texture": "#all", "cullface": "down"}, "west": {"uv": [8, 0, 9, 1], "rotation": 90, "texture": "#all", "cullface": "down"}, "down": {"uv": [8, 0, 10, 1], "texture": "#all", "cullface": "down"}}}, {"from": [9, -0.25, 12], "to": [10, 0, 13], "faces": {"north": {"uv": [9, 3, 10, 4], "rotation": 180, "texture": "#all", "cullface": "down"}, "east": {"uv": [9, 3, 10, 4], "rotation": 270, "texture": "#all", "cullface": "down"}, "west": {"uv": [9, 3, 10, 4], "rotation": 90, "texture": "#all", "cullface": "down"}, "down": {"uv": [9, 3, 10, 4], "texture": "#all", "cullface": "down"}}}, {"from": [6, -0.25, 8], "to": [10, 0, 9], "faces": {"east": {"uv": [9, 7, 10, 8], "rotation": 270, "texture": "#all", "cullface": "down"}, "south": {"uv": [6, 7, 10, 8], "texture": "#all", "cullface": "down"}, "west": {"uv": [6, 7, 7, 8], "rotation": 90, "texture": "#all", "cullface": "down"}, "down": {"uv": [6, 7, 10, 8], "texture": "#all", "cullface": "down"}}}, {"from": [7, -0.25, 9], "to": [9, 0, 10], "faces": {"east": {"uv": [8, 6, 9, 7], "rotation": 270, "texture": "#all", "cullface": "down"}, "south": {"uv": [7, 6, 9, 7], "texture": "#all", "cullface": "down"}, "west": {"uv": [7, 6, 8, 7], "rotation": 90, "texture": "#all", "cullface": "down"}, "down": {"uv": [7, 6, 9, 7], "texture": "#all", "cullface": "down"}}}], "groups": [0, {"name": "north", "origin": [8, 8, 8], "color": 0, "children": [1, 2, 3, 4, 5, 6, 7, 8, 9, 10, 11, 12, 13, 14, 15, 16, 17, 18, 19, 20, 21, 22, 23, 24, 25, 26, 27, 28]}, {"name": "east", "origin": [8, 8, 8], "color": 0, "children": [29, 30, 31, 32, 33, 34, 35, 36, 37, 38, 39, 40, 41, 42, 43, 44, 45, 46, 47, 48, 49, 50, 51, 52, 53, 54]}, {"name": "south", "origin": [8, 8, 8], "color": 0, "children": [55, 56, 57, 58, 59, 60, 61, 62, 63, 64, 65, 66, 67, 68, 69, 70, 71, 72, 73, 74, 75, 76, 77, 78, 79, 80, 81]}, {"name": "west", "origin": [8, 8, 8], "color": 0, "children": [82, 83, 84, 85, 86, 87, 88, 89, 90, 91, 92, 93, 94, 95, 96, 97, 98, 99, 100, 101, 102, 103, 104, 105, 106, 107, 108]}, {"name": "up", "origin": [8, 8, 8], "color": 0, "children": [109, 110, 111, 112, 113, 114, 115, 116, 117, 118, 119, 120, 121, 122, 123, 124, 125, 126, 127, 128, 129, 130, 131, 132, 133, 134, 135, 136, 137, 138, 139, 140, 141, 142, 143, 144, 145, 146, 147, 148, 149, 150, 151, 152, 153, 154, 155, 156, 157, 158, 159, 160, 161, 162, 163, 164]}, {"name": "down", "origin": [8, 8, 8], "color": 0, "children": [165, 166, 167, 168, 169, 170, 171, 172, 173, 174, 175, 176, 177, 178, 179, 180, 181, 182, 183, 184, 185, 186, 187, 188, 189, 190, 191, 192, 193, 194, 195, 196, 197, 198, 199, 200, 201, 202, 203, 204, 205, 206, 207, 208, 209, 210, 211, 212, 213, 214, 215, 216, 217, 218, 219, 220]}]}