{"textures": {"particle": "#side"}, "elements": [{"from": [0, 8, 0], "to": [16, 16, 16], "faces": {"north": {"uv": [0, 0, 16, 8], "texture": "#side", "cullface": "north"}, "east": {"uv": [0, 0, 16, 8], "texture": "#side", "cullface": "east"}, "south": {"uv": [0, 0, 16, 8], "texture": "#side", "cullface": "south"}, "west": {"uv": [0, 0, 16, 8], "texture": "#side", "cullface": "west"}, "up": {"uv": [0, 0, 16, 16], "texture": "#top", "cullface": "up"}, "down": {"uv": [0, 0, 16, 16], "texture": "#bottom"}}}, {"from": [12, 8, -0.5], "to": [16, 9, 0], "faces": {"north": {"uv": [0, 7, 4, 8], "texture": "#side", "cullface": "north"}, "east": {"uv": [0, 7, 1, 8], "texture": "#side", "cullface": "north"}, "west": {"uv": [3, 7, 4, 8], "texture": "#side", "cullface": "north"}, "up": {"uv": [0, 7, 4, 8], "texture": "#side", "cullface": "north"}, "down": {"uv": [0, 7, 4, 8], "texture": "#side", "cullface": "north"}}}, {"from": [13, 9, -0.5], "to": [16, 10, 0], "faces": {"north": {"uv": [0, 6, 3, 7], "texture": "#side", "cullface": "north"}, "east": {"uv": [0, 6, 1, 7], "texture": "#side", "cullface": "north"}, "west": {"uv": [2, 6, 3, 7], "texture": "#side", "cullface": "north"}, "up": {"uv": [0, 6, 3, 7], "texture": "#side", "cullface": "north"}}}, {"from": [14, 10, -0.5], "to": [16, 11, 0], "faces": {"north": {"uv": [0, 5, 2, 6], "texture": "#side", "cullface": "north"}, "east": {"uv": [0, 5, 1, 6], "texture": "#side", "cullface": "north"}, "west": {"uv": [1, 5, 2, 6], "texture": "#side", "cullface": "north"}, "up": {"uv": [0, 5, 2, 6], "texture": "#side", "cullface": "north"}}}, {"from": [15, 11, -0.5], "to": [16, 13, 0], "faces": {"north": {"uv": [0, 3, 1, 5], "texture": "#side", "cullface": "north"}, "east": {"uv": [0, 3, 1, 5], "texture": "#side", "cullface": "north"}, "west": {"uv": [0, 3, 1, 5], "texture": "#side", "cullface": "north"}, "up": {"uv": [0, 3, 1, 4], "texture": "#side", "cullface": "north"}}}, {"from": [0, 14, -0.5], "to": [16, 16, 0], "faces": {"north": {"uv": [0, 0, 16, 2], "texture": "#side", "cullface": "north"}, "east": {"uv": [0, 0, 1, 2], "texture": "#side", "cullface": "north"}, "west": {"uv": [15, 0, 16, 2], "texture": "#side", "cullface": "north"}, "up": {"uv": [0, 0, 16, 1], "texture": "#side", "cullface": "north"}, "down": {"uv": [0, 1, 16, 2], "texture": "#side", "cullface": "north"}}}, {"from": [9, 11, -0.5], "to": [14, 13, 0], "faces": {"north": {"uv": [2, 3, 7, 5], "texture": "#side", "cullface": "north"}, "east": {"uv": [2, 3, 3, 5], "texture": "#side", "cullface": "north"}, "west": {"uv": [6, 3, 7, 5], "texture": "#side", "cullface": "north"}, "up": {"uv": [2, 3, 7, 4], "texture": "#side", "cullface": "north"}, "down": {"uv": [2, 4, 7, 5], "texture": "#side", "cullface": "north"}}}, {"from": [9, 10, -0.5], "to": [12, 11, 0], "faces": {"north": {"uv": [4, 5, 7, 6], "texture": "#side", "cullface": "north"}, "east": {"uv": [4, 5, 5, 6], "texture": "#side", "cullface": "north"}, "west": {"uv": [6, 5, 7, 6], "texture": "#side", "cullface": "north"}, "down": {"uv": [4, 5, 7, 6], "texture": "#side", "cullface": "north"}}}, {"from": [8, 12, -0.5], "to": [9, 13, 0], "faces": {"north": {"uv": [7, 3, 8, 4], "texture": "#side", "cullface": "north"}, "west": {"uv": [7, 3, 8, 4], "texture": "#side", "cullface": "north"}, "up": {"uv": [7, 3, 8, 4], "texture": "#side", "cullface": "north"}, "down": {"uv": [7, 3, 8, 4], "texture": "#side", "cullface": "north"}}}, {"from": [4, 12, -0.5], "to": [7, 13, 0], "faces": {"north": {"uv": [9, 3, 12, 4], "texture": "#side", "cullface": "north"}, "east": {"uv": [9, 3, 10, 4], "texture": "#side", "cullface": "north"}, "west": {"uv": [11, 3, 12, 4], "texture": "#side", "cullface": "north"}, "up": {"uv": [9, 3, 12, 4], "texture": "#side", "cullface": "north"}}}, {"from": [3, 10, -0.5], "to": [8, 12, 0], "faces": {"north": {"uv": [8, 4, 13, 6], "texture": "#side", "cullface": "north"}, "east": {"uv": [8, 4, 9, 6], "texture": "#side", "cullface": "north"}, "west": {"uv": [12, 4, 13, 6], "texture": "#side", "cullface": "north"}, "up": {"uv": [8, 4, 13, 5], "texture": "#side", "cullface": "north"}, "down": {"uv": [8, 5, 13, 6], "texture": "#side", "cullface": "north"}}}, {"from": [6, 8, -0.5], "to": [7, 10, 0], "faces": {"north": {"uv": [9, 6, 10, 8], "texture": "#side", "cullface": "north"}, "east": {"uv": [9, 6, 10, 8], "texture": "#side", "cullface": "north"}, "west": {"uv": [9, 6, 10, 8], "texture": "#side", "cullface": "north"}, "down": {"uv": [9, 7, 10, 8], "texture": "#side", "cullface": "north"}}}, {"from": [5, 9, -0.5], "to": [6, 10, 0], "faces": {"north": {"uv": [10, 6, 11, 7], "texture": "#side", "cullface": "north"}, "west": {"uv": [10, 6, 11, 7], "texture": "#side", "cullface": "north"}, "down": {"uv": [10, 6, 11, 7], "texture": "#side", "cullface": "north"}}}, {"from": [8, 8, -0.5], "to": [11, 9, 0], "faces": {"north": {"uv": [5, 7, 8, 8], "texture": "#side", "cullface": "north"}, "east": {"uv": [5, 7, 6, 8], "texture": "#side", "cullface": "north"}, "west": {"uv": [7, 7, 8, 8], "texture": "#side", "cullface": "north"}, "up": {"uv": [5, 7, 8, 8], "texture": "#side", "cullface": "north"}, "down": {"uv": [5, 7, 8, 8], "texture": "#side", "cullface": "north"}}}, {"from": [0, 9, -0.5], "to": [1, 13, 0], "faces": {"north": {"uv": [15, 3, 16, 7], "texture": "#side", "cullface": "north"}, "east": {"uv": [15, 3, 16, 7], "texture": "#side", "cullface": "north"}, "west": {"uv": [15, 3, 16, 7], "texture": "#side", "cullface": "north"}, "up": {"uv": [15, 3, 16, 4], "texture": "#side", "cullface": "north"}, "down": {"uv": [15, 6, 16, 7], "texture": "#side", "cullface": "north"}}}, {"from": [1, 10, -0.5], "to": [2, 12, 0], "faces": {"north": {"uv": [14, 4, 15, 6], "texture": "#side", "cullface": "north"}, "east": {"uv": [14, 4, 15, 6], "texture": "#side", "cullface": "north"}, "up": {"uv": [14, 4, 15, 5], "texture": "#side", "cullface": "north"}, "down": {"uv": [14, 5, 15, 6], "texture": "#side", "cullface": "north"}}}, {"from": [1, 8, -0.5], "to": [5, 9, 0], "faces": {"north": {"uv": [11, 7, 15, 8], "texture": "#side", "cullface": "north"}, "east": {"uv": [11, 7, 12, 8], "texture": "#side", "cullface": "north"}, "west": {"uv": [14, 7, 15, 8], "texture": "#side", "cullface": "north"}, "up": {"uv": [11, 7, 15, 8], "texture": "#side", "cullface": "north"}, "down": {"uv": [11, 7, 15, 8], "texture": "#side", "cullface": "north"}}}, {"from": [16, 8, 12], "to": [16.5, 9, 16], "faces": {"north": {"uv": [3, 7, 4, 8], "texture": "#side", "cullface": "east"}, "east": {"uv": [0, 7, 4, 8], "texture": "#side", "cullface": "east"}, "south": {"uv": [0, 7, 1, 8], "texture": "#side", "cullface": "east"}, "up": {"uv": [0, 7, 4, 8], "rotation": 270, "texture": "#side", "cullface": "east"}, "down": {"uv": [0, 7, 4, 8], "rotation": 90, "texture": "#side", "cullface": "east"}}}, {"from": [16, 9, 13], "to": [16.5, 10, 16], "faces": {"north": {"uv": [2, 6, 3, 7], "texture": "#side", "cullface": "east"}, "east": {"uv": [0, 6, 3, 7], "texture": "#side", "cullface": "east"}, "south": {"uv": [0, 6, 1, 7], "texture": "#side", "cullface": "east"}, "up": {"uv": [0, 6, 3, 7], "rotation": 270, "texture": "#side", "cullface": "east"}}}, {"from": [16, 10, 14], "to": [16.5, 11, 16], "faces": {"north": {"uv": [1, 5, 2, 6], "texture": "#side", "cullface": "east"}, "east": {"uv": [0, 5, 2, 6], "texture": "#side", "cullface": "east"}, "south": {"uv": [0, 5, 1, 6], "texture": "#side", "cullface": "east"}, "up": {"uv": [0, 5, 2, 6], "rotation": 270, "texture": "#side", "cullface": "east"}}}, {"from": [16, 11, 15], "to": [16.5, 13, 16], "faces": {"north": {"uv": [0, 3, 1, 5], "texture": "#side", "cullface": "east"}, "east": {"uv": [0, 3, 1, 5], "texture": "#side", "cullface": "east"}, "south": {"uv": [0, 3, 1, 5], "texture": "#side", "cullface": "east"}, "up": {"uv": [0, 3, 1, 4], "rotation": 270, "texture": "#side", "cullface": "east"}}}, {"from": [16, 14, 0], "to": [16.5, 16, 16], "faces": {"north": {"uv": [15, 0, 16, 2], "texture": "#side", "cullface": "east"}, "east": {"uv": [0, 0, 16, 2], "texture": "#side", "cullface": "east"}, "south": {"uv": [0, 0, 1, 2], "texture": "#side", "cullface": "east"}, "up": {"uv": [0, 0, 16, 1], "rotation": 270, "texture": "#side", "cullface": "east"}, "down": {"uv": [0, 1, 16, 2], "rotation": 90, "texture": "#side", "cullface": "east"}}}, {"from": [16, 11, 9], "to": [16.5, 13, 14], "faces": {"north": {"uv": [6, 3, 7, 5], "texture": "#side", "cullface": "east"}, "east": {"uv": [2, 3, 7, 5], "texture": "#side", "cullface": "east"}, "south": {"uv": [2, 3, 3, 5], "texture": "#side", "cullface": "east"}, "up": {"uv": [2, 3, 7, 4], "rotation": 270, "texture": "#side", "cullface": "east"}, "down": {"uv": [2, 4, 7, 5], "rotation": 90, "texture": "#side", "cullface": "east"}}}, {"from": [16, 10, 9], "to": [16.5, 11, 12], "faces": {"north": {"uv": [6, 5, 7, 6], "texture": "#side", "cullface": "east"}, "east": {"uv": [4, 5, 7, 6], "texture": "#side", "cullface": "east"}, "south": {"uv": [4, 5, 5, 6], "texture": "#side", "cullface": "east"}, "down": {"uv": [4, 5, 7, 6], "rotation": 90, "texture": "#side", "cullface": "east"}}}, {"from": [16, 12, 8], "to": [16.5, 13, 9], "faces": {"north": {"uv": [7, 3, 8, 4], "texture": "#side", "cullface": "east"}, "east": {"uv": [7, 3, 8, 4], "texture": "#side", "cullface": "east"}, "up": {"uv": [7, 3, 8, 4], "rotation": 270, "texture": "#side", "cullface": "east"}, "down": {"uv": [7, 3, 8, 4], "rotation": 90, "texture": "#side", "cullface": "east"}}}, {"from": [16, 12, 4], "to": [16.5, 13, 7], "faces": {"north": {"uv": [11, 3, 12, 4], "texture": "#side", "cullface": "east"}, "east": {"uv": [9, 3, 12, 4], "texture": "#side", "cullface": "east"}, "south": {"uv": [9, 3, 10, 4], "texture": "#side", "cullface": "east"}, "up": {"uv": [9, 3, 12, 4], "rotation": 270, "texture": "#side", "cullface": "east"}}}, {"from": [16, 10, 3], "to": [16.5, 12, 8], "faces": {"north": {"uv": [12, 4, 13, 6], "texture": "#side", "cullface": "east"}, "east": {"uv": [8, 4, 13, 6], "texture": "#side", "cullface": "east"}, "south": {"uv": [8, 4, 9, 6], "texture": "#side", "cullface": "east"}, "up": {"uv": [8, 4, 13, 5], "rotation": 270, "texture": "#side", "cullface": "east"}, "down": {"uv": [8, 5, 13, 6], "rotation": 90, "texture": "#side", "cullface": "east"}}}, {"from": [16, 8, 6], "to": [16.5, 10, 7], "faces": {"north": {"uv": [9, 6, 10, 8], "texture": "#side", "cullface": "east"}, "east": {"uv": [9, 6, 10, 8], "texture": "#side", "cullface": "east"}, "south": {"uv": [9, 6, 10, 8], "texture": "#side", "cullface": "east"}, "down": {"uv": [9, 7, 10, 8], "rotation": 90, "texture": "#side", "cullface": "east"}}}, {"from": [16, 9, 5], "to": [16.5, 10, 6], "faces": {"north": {"uv": [10, 6, 11, 7], "texture": "#side", "cullface": "east"}, "east": {"uv": [10, 6, 11, 7], "texture": "#side", "cullface": "east"}, "down": {"uv": [10, 6, 11, 7], "rotation": 90, "texture": "#side", "cullface": "east"}}}, {"from": [16, 8, 8], "to": [16.5, 9, 11], "faces": {"north": {"uv": [7, 7, 8, 8], "texture": "#side", "cullface": "east"}, "east": {"uv": [5, 7, 8, 8], "texture": "#side", "cullface": "east"}, "south": {"uv": [5, 7, 6, 8], "texture": "#side", "cullface": "east"}, "up": {"uv": [5, 7, 8, 8], "rotation": 270, "texture": "#side", "cullface": "east"}, "down": {"uv": [5, 7, 8, 8], "rotation": 90, "texture": "#side", "cullface": "east"}}}, {"from": [16, 9, 0], "to": [16.5, 13, 1], "faces": {"north": {"uv": [15, 3, 16, 7], "texture": "#side", "cullface": "east"}, "east": {"uv": [15, 3, 16, 7], "texture": "#side", "cullface": "east"}, "south": {"uv": [15, 3, 16, 7], "texture": "#side", "cullface": "east"}, "up": {"uv": [15, 3, 16, 4], "rotation": 270, "texture": "#side", "cullface": "east"}, "down": {"uv": [15, 6, 16, 7], "rotation": 90, "texture": "#side", "cullface": "east"}}}, {"from": [16, 10, 1], "to": [16.5, 12, 2], "faces": {"east": {"uv": [14, 4, 15, 6], "texture": "#side", "cullface": "east"}, "south": {"uv": [14, 4, 15, 6], "texture": "#side", "cullface": "east"}, "up": {"uv": [14, 4, 15, 5], "rotation": 270, "texture": "#side", "cullface": "east"}, "down": {"uv": [14, 5, 15, 6], "rotation": 90, "texture": "#side", "cullface": "east"}}}, {"from": [16, 8, 1], "to": [16.5, 9, 5], "faces": {"north": {"uv": [14, 7, 15, 8], "texture": "#side", "cullface": "east"}, "east": {"uv": [11, 7, 15, 8], "texture": "#side", "cullface": "east"}, "south": {"uv": [11, 7, 12, 8], "texture": "#side", "cullface": "east"}, "up": {"uv": [11, 7, 15, 8], "rotation": 270, "texture": "#side", "cullface": "east"}, "down": {"uv": [11, 7, 15, 8], "rotation": 90, "texture": "#side", "cullface": "east"}}}, {"from": [0, 8, 16], "to": [4, 9, 16.5], "faces": {"east": {"uv": [3, 7, 4, 8], "texture": "#side", "cullface": "south"}, "south": {"uv": [0, 7, 4, 8], "texture": "#side", "cullface": "south"}, "west": {"uv": [0, 7, 1, 8], "texture": "#side", "cullface": "south"}, "up": {"uv": [0, 7, 4, 8], "texture": "#side", "cullface": "south"}, "down": {"uv": [0, 7, 4, 8], "texture": "#side", "cullface": "south"}}}, {"from": [0, 9, 16], "to": [3, 10, 16.5], "faces": {"east": {"uv": [2, 6, 3, 7], "texture": "#side", "cullface": "south"}, "south": {"uv": [0, 6, 3, 7], "texture": "#side", "cullface": "south"}, "west": {"uv": [0, 6, 1, 7], "texture": "#side", "cullface": "south"}, "up": {"uv": [0, 6, 3, 7], "texture": "#side", "cullface": "south"}}}, {"from": [0, 10, 16], "to": [2, 11, 16.5], "faces": {"east": {"uv": [1, 5, 2, 6], "texture": "#side", "cullface": "south"}, "south": {"uv": [0, 5, 2, 6], "texture": "#side", "cullface": "south"}, "west": {"uv": [0, 5, 1, 6], "texture": "#side", "cullface": "south"}, "up": {"uv": [0, 5, 2, 6], "texture": "#side", "cullface": "south"}}}, {"from": [0, 11, 16], "to": [1, 13, 16.5], "faces": {"east": {"uv": [0, 3, 1, 5], "texture": "#side", "cullface": "south"}, "south": {"uv": [0, 3, 1, 5], "texture": "#side", "cullface": "south"}, "west": {"uv": [0, 3, 1, 5], "texture": "#side", "cullface": "south"}, "up": {"uv": [0, 3, 1, 4], "texture": "#side", "cullface": "south"}}}, {"from": [0, 14, 16], "to": [16, 16, 16.5], "faces": {"east": {"uv": [15, 0, 16, 2], "texture": "#side", "cullface": "south"}, "south": {"uv": [0, 0, 16, 2], "texture": "#side", "cullface": "south"}, "west": {"uv": [0, 0, 1, 2], "texture": "#side", "cullface": "south"}, "up": {"uv": [0, 0, 16, 1], "texture": "#side", "cullface": "south"}, "down": {"uv": [0, 1, 16, 2], "texture": "#side", "cullface": "south"}}}, {"from": [2, 11, 16], "to": [7, 13, 16.5], "faces": {"east": {"uv": [6, 3, 7, 5], "texture": "#side", "cullface": "south"}, "south": {"uv": [2, 3, 7, 5], "texture": "#side", "cullface": "south"}, "west": {"uv": [2, 3, 3, 5], "texture": "#side", "cullface": "south"}, "up": {"uv": [2, 3, 7, 4], "texture": "#side", "cullface": "south"}, "down": {"uv": [2, 4, 7, 5], "texture": "#side", "cullface": "south"}}}, {"from": [4, 10, 16], "to": [7, 11, 16.5], "faces": {"east": {"uv": [6, 5, 7, 6], "texture": "#side", "cullface": "south"}, "south": {"uv": [4, 5, 7, 6], "texture": "#side", "cullface": "south"}, "west": {"uv": [4, 5, 5, 6], "texture": "#side", "cullface": "south"}, "down": {"uv": [4, 5, 7, 6], "texture": "#side", "cullface": "south"}}}, {"from": [7, 12, 16], "to": [8, 13, 16.5], "faces": {"east": {"uv": [7, 3, 8, 4], "texture": "#side", "cullface": "south"}, "south": {"uv": [7, 3, 8, 4], "texture": "#side", "cullface": "south"}, "up": {"uv": [7, 3, 8, 4], "texture": "#side", "cullface": "south"}, "down": {"uv": [7, 3, 8, 4], "texture": "#side", "cullface": "south"}}}, {"from": [9, 12, 16], "to": [12, 13, 16.5], "faces": {"east": {"uv": [11, 3, 12, 4], "texture": "#side", "cullface": "south"}, "south": {"uv": [9, 3, 12, 4], "texture": "#side", "cullface": "south"}, "west": {"uv": [9, 3, 10, 4], "texture": "#side", "cullface": "south"}, "up": {"uv": [9, 3, 12, 4], "texture": "#side", "cullface": "south"}}}, {"from": [8, 10, 16], "to": [13, 12, 16.5], "faces": {"east": {"uv": [12, 4, 13, 6], "texture": "#side", "cullface": "south"}, "south": {"uv": [8, 4, 13, 6], "texture": "#side", "cullface": "south"}, "west": {"uv": [8, 4, 9, 6], "texture": "#side", "cullface": "south"}, "up": {"uv": [8, 4, 13, 5], "texture": "#side", "cullface": "south"}, "down": {"uv": [8, 5, 13, 6], "texture": "#side", "cullface": "south"}}}, {"from": [9, 8, 16], "to": [10, 10, 16.5], "faces": {"east": {"uv": [9, 6, 10, 8], "texture": "#side", "cullface": "south"}, "south": {"uv": [9, 6, 10, 8], "texture": "#side", "cullface": "south"}, "west": {"uv": [9, 6, 10, 8], "texture": "#side", "cullface": "south"}, "down": {"uv": [9, 7, 10, 8], "texture": "#side", "cullface": "south"}}}, {"from": [10, 9, 16], "to": [11, 10, 16.5], "faces": {"east": {"uv": [10, 6, 11, 7], "texture": "#side", "cullface": "south"}, "south": {"uv": [10, 6, 11, 7], "texture": "#side", "cullface": "south"}, "down": {"uv": [10, 6, 11, 7], "texture": "#side", "cullface": "south"}}}, {"from": [5, 8, 16], "to": [8, 9, 16.5], "faces": {"east": {"uv": [7, 7, 8, 8], "texture": "#side", "cullface": "south"}, "south": {"uv": [5, 7, 8, 8], "texture": "#side", "cullface": "south"}, "west": {"uv": [5, 7, 6, 8], "texture": "#side", "cullface": "south"}, "up": {"uv": [5, 7, 8, 8], "texture": "#side", "cullface": "south"}, "down": {"uv": [5, 7, 8, 8], "texture": "#side", "cullface": "south"}}}, {"from": [15, 9, 16], "to": [16, 13, 16.5], "faces": {"east": {"uv": [15, 3, 16, 7], "texture": "#side", "cullface": "south"}, "south": {"uv": [15, 3, 16, 7], "texture": "#side", "cullface": "south"}, "west": {"uv": [15, 3, 16, 7], "texture": "#side", "cullface": "south"}, "up": {"uv": [15, 3, 16, 4], "texture": "#side", "cullface": "south"}, "down": {"uv": [15, 6, 16, 7], "texture": "#side", "cullface": "south"}}}, {"from": [14, 10, 16], "to": [15, 12, 16.5], "faces": {"south": {"uv": [14, 4, 15, 6], "texture": "#side", "cullface": "south"}, "west": {"uv": [14, 4, 15, 6], "texture": "#side", "cullface": "south"}, "up": {"uv": [14, 4, 15, 5], "texture": "#side", "cullface": "south"}, "down": {"uv": [14, 5, 15, 6], "texture": "#side", "cullface": "south"}}}, {"from": [11, 8, 16], "to": [15, 9, 16.5], "faces": {"east": {"uv": [14, 7, 15, 8], "texture": "#side", "cullface": "south"}, "south": {"uv": [11, 7, 15, 8], "texture": "#side", "cullface": "south"}, "west": {"uv": [11, 7, 12, 8], "texture": "#side", "cullface": "south"}, "up": {"uv": [11, 7, 15, 8], "texture": "#side", "cullface": "south"}, "down": {"uv": [11, 7, 15, 8], "texture": "#side", "cullface": "south"}}}, {"from": [-0.5, 8, 0], "to": [0, 9, 4], "faces": {"north": {"uv": [0, 7, 1, 8], "texture": "#side", "cullface": "west"}, "south": {"uv": [3, 7, 4, 8], "texture": "#side", "cullface": "west"}, "west": {"uv": [0, 7, 4, 8], "texture": "#side", "cullface": "west"}, "up": {"uv": [0, 7, 4, 8], "rotation": 90, "texture": "#side", "cullface": "west"}, "down": {"uv": [0, 7, 4, 8], "rotation": 270, "texture": "#side", "cullface": "west"}}}, {"from": [-0.5, 9, 0], "to": [0, 10, 3], "faces": {"north": {"uv": [0, 6, 1, 7], "texture": "#side", "cullface": "west"}, "south": {"uv": [2, 6, 3, 7], "texture": "#side", "cullface": "west"}, "west": {"uv": [0, 6, 3, 7], "texture": "#side", "cullface": "west"}, "up": {"uv": [0, 6, 3, 7], "rotation": 90, "texture": "#side", "cullface": "west"}}}, {"from": [-0.5, 10, 0], "to": [0, 11, 2], "faces": {"north": {"uv": [0, 5, 1, 6], "texture": "#side", "cullface": "west"}, "south": {"uv": [1, 5, 2, 6], "texture": "#side", "cullface": "west"}, "west": {"uv": [0, 5, 2, 6], "texture": "#side", "cullface": "west"}, "up": {"uv": [0, 5, 2, 6], "rotation": 90, "texture": "#side", "cullface": "west"}}}, {"from": [-0.5, 11, 0], "to": [0, 13, 1], "faces": {"north": {"uv": [0, 3, 1, 5], "texture": "#side", "cullface": "west"}, "south": {"uv": [0, 3, 1, 5], "texture": "#side", "cullface": "west"}, "west": {"uv": [0, 3, 1, 5], "texture": "#side", "cullface": "west"}, "up": {"uv": [0, 3, 1, 4], "rotation": 90, "texture": "#side", "cullface": "west"}}}, {"from": [-0.5, 14, 0], "to": [0, 16, 16], "faces": {"north": {"uv": [0, 0, 1, 2], "texture": "#side", "cullface": "west"}, "south": {"uv": [15, 0, 16, 2], "texture": "#side", "cullface": "west"}, "west": {"uv": [0, 0, 16, 2], "texture": "#side", "cullface": "west"}, "up": {"uv": [0, 0, 16, 1], "rotation": 90, "texture": "#side", "cullface": "west"}, "down": {"uv": [0, 1, 16, 2], "rotation": 270, "texture": "#side", "cullface": "west"}}}, {"from": [-0.5, 11, 2], "to": [0, 13, 7], "faces": {"north": {"uv": [2, 3, 3, 5], "texture": "#side", "cullface": "west"}, "south": {"uv": [6, 3, 7, 5], "texture": "#side", "cullface": "west"}, "west": {"uv": [2, 3, 7, 5], "texture": "#side", "cullface": "west"}, "up": {"uv": [2, 3, 7, 4], "rotation": 90, "texture": "#side", "cullface": "west"}, "down": {"uv": [2, 4, 7, 5], "rotation": 270, "texture": "#side", "cullface": "west"}}}, {"from": [-0.5, 10, 4], "to": [0, 11, 7], "faces": {"north": {"uv": [4, 5, 5, 6], "texture": "#side", "cullface": "west"}, "south": {"uv": [6, 5, 7, 6], "texture": "#side", "cullface": "west"}, "west": {"uv": [4, 5, 7, 6], "texture": "#side", "cullface": "west"}, "down": {"uv": [4, 5, 7, 6], "rotation": 270, "texture": "#side", "cullface": "west"}}}, {"from": [-0.5, 12, 7], "to": [0, 13, 8], "faces": {"south": {"uv": [7, 3, 8, 4], "texture": "#side", "cullface": "west"}, "west": {"uv": [7, 3, 8, 4], "texture": "#side", "cullface": "west"}, "up": {"uv": [7, 3, 8, 4], "rotation": 90, "texture": "#side", "cullface": "west"}, "down": {"uv": [7, 3, 8, 4], "rotation": 270, "texture": "#side", "cullface": "west"}}}, {"from": [-0.5, 12, 9], "to": [0, 13, 12], "faces": {"north": {"uv": [9, 3, 10, 4], "texture": "#side", "cullface": "west"}, "south": {"uv": [11, 3, 12, 4], "texture": "#side", "cullface": "west"}, "west": {"uv": [9, 3, 12, 4], "texture": "#side", "cullface": "west"}, "up": {"uv": [9, 3, 12, 4], "rotation": 90, "texture": "#side", "cullface": "west"}}}, {"from": [-0.5, 10, 8], "to": [0, 12, 13], "faces": {"north": {"uv": [8, 4, 9, 6], "texture": "#side", "cullface": "west"}, "south": {"uv": [12, 4, 13, 6], "texture": "#side", "cullface": "west"}, "west": {"uv": [8, 4, 13, 6], "texture": "#side", "cullface": "west"}, "up": {"uv": [8, 4, 13, 5], "rotation": 90, "texture": "#side", "cullface": "west"}, "down": {"uv": [8, 5, 13, 6], "rotation": 270, "texture": "#side", "cullface": "west"}}}, {"from": [-0.5, 8, 9], "to": [0, 10, 10], "faces": {"north": {"uv": [9, 6, 10, 8], "texture": "#side", "cullface": "west"}, "south": {"uv": [9, 6, 10, 8], "texture": "#side", "cullface": "west"}, "west": {"uv": [9, 6, 10, 8], "texture": "#side", "cullface": "west"}, "down": {"uv": [9, 7, 10, 8], "rotation": 270, "texture": "#side", "cullface": "west"}}}, {"from": [-0.5, 9, 10], "to": [0, 10, 11], "faces": {"south": {"uv": [10, 6, 11, 7], "texture": "#side", "cullface": "west"}, "west": {"uv": [10, 6, 11, 7], "texture": "#side", "cullface": "west"}, "down": {"uv": [10, 6, 11, 7], "rotation": 270, "texture": "#side", "cullface": "west"}}}, {"from": [-0.5, 8, 5], "to": [0, 9, 8], "faces": {"north": {"uv": [5, 7, 6, 8], "texture": "#side", "cullface": "west"}, "south": {"uv": [7, 7, 8, 8], "texture": "#side", "cullface": "west"}, "west": {"uv": [5, 7, 8, 8], "texture": "#side", "cullface": "west"}, "up": {"uv": [5, 7, 8, 8], "rotation": 90, "texture": "#side", "cullface": "west"}, "down": {"uv": [5, 7, 8, 8], "rotation": 270, "texture": "#side", "cullface": "west"}}}, {"from": [-0.5, 9, 15], "to": [0, 13, 16], "faces": {"north": {"uv": [15, 3, 16, 7], "texture": "#side", "cullface": "west"}, "south": {"uv": [15, 3, 16, 7], "texture": "#side", "cullface": "west"}, "west": {"uv": [15, 3, 16, 7], "texture": "#side", "cullface": "west"}, "up": {"uv": [15, 3, 16, 4], "rotation": 90, "texture": "#side", "cullface": "west"}, "down": {"uv": [15, 6, 16, 7], "rotation": 270, "texture": "#side", "cullface": "west"}}}, {"from": [-0.5, 10, 14], "to": [0, 12, 15], "faces": {"north": {"uv": [14, 4, 15, 6], "texture": "#side", "cullface": "west"}, "west": {"uv": [14, 4, 15, 6], "texture": "#side", "cullface": "west"}, "up": {"uv": [14, 4, 15, 5], "rotation": 90, "texture": "#side", "cullface": "west"}, "down": {"uv": [14, 5, 15, 6], "rotation": 270, "texture": "#side", "cullface": "west"}}}, {"from": [-0.5, 8, 11], "to": [0, 9, 15], "faces": {"north": {"uv": [11, 7, 12, 8], "texture": "#side", "cullface": "west"}, "south": {"uv": [14, 7, 15, 8], "texture": "#side", "cullface": "west"}, "west": {"uv": [11, 7, 15, 8], "texture": "#side", "cullface": "west"}, "up": {"uv": [11, 7, 15, 8], "rotation": 90, "texture": "#side", "cullface": "west"}, "down": {"uv": [11, 7, 15, 8], "rotation": 270, "texture": "#side", "cullface": "west"}}}, {"from": [13, 7.5, 2], "to": [14, 8, 3], "rotation": {"angle": 0, "axis": "y", "origin": [8, 16, 8]}, "faces": {"north": {"uv": [13, 13, 14, 14], "rotation": 180, "texture": "#side"}, "south": {"uv": [13, 13, 14, 14], "texture": "#side"}, "west": {"uv": [13, 13, 14, 14], "rotation": 90, "texture": "#side"}, "down": {"uv": [13, 13, 14, 14], "texture": "#side"}}}, {"from": [9, 7.5, 0], "to": [14, 8, 1], "rotation": {"angle": 0, "axis": "y", "origin": [8, 16, 8]}, "faces": {"north": {"uv": [9, 15, 14, 16], "rotation": 180, "texture": "#side"}, "east": {"uv": [13, 15, 14, 16], "rotation": 270, "texture": "#side"}, "south": {"uv": [9, 15, 14, 16], "texture": "#side"}, "west": {"uv": [9, 15, 10, 16], "rotation": 90, "texture": "#side"}, "down": {"uv": [9, 15, 14, 16], "texture": "#side"}}}, {"from": [5, 7.5, 0], "to": [7, 8, 1], "rotation": {"angle": 0, "axis": "y", "origin": [8, 16, 8]}, "faces": {"north": {"uv": [5, 15, 7, 16], "rotation": 180, "texture": "#side"}, "east": {"uv": [6, 15, 7, 16], "rotation": 270, "texture": "#side"}, "south": {"uv": [5, 15, 7, 16], "texture": "#side"}, "west": {"uv": [5, 15, 6, 16], "rotation": 90, "texture": "#side"}, "down": {"uv": [5, 15, 7, 16], "texture": "#side"}}}, {"from": [1, 7.5, 0], "to": [2, 8, 1], "rotation": {"angle": 0, "axis": "y", "origin": [8, 16, 8]}, "faces": {"north": {"uv": [1, 15, 2, 16], "rotation": 180, "texture": "#side"}, "east": {"uv": [1, 15, 2, 16], "rotation": 270, "texture": "#side"}, "south": {"uv": [1, 15, 2, 16], "texture": "#side"}, "down": {"uv": [1, 15, 2, 16], "texture": "#side"}}}, {"from": [0, 7.5, 0], "to": [1, 8, 3], "rotation": {"angle": 0, "axis": "y", "origin": [8, 16, 8]}, "faces": {"north": {"uv": [0, 15, 1, 16], "rotation": 180, "texture": "#side"}, "east": {"uv": [0, 13, 1, 16], "rotation": 270, "texture": "#side"}, "south": {"uv": [0, 13, 1, 14], "texture": "#side"}, "west": {"uv": [0, 13, 1, 16], "rotation": 90, "texture": "#side"}, "down": {"uv": [0, 13, 1, 16], "texture": "#side"}}}, {"from": [2, 7.5, 1], "to": [4, 8, 2], "rotation": {"angle": 0, "axis": "y", "origin": [8, 16, 8]}, "faces": {"north": {"uv": [2, 14, 4, 15], "rotation": 180, "texture": "#side"}, "east": {"uv": [3, 14, 4, 15], "rotation": 270, "texture": "#side"}, "west": {"uv": [2, 14, 3, 15], "rotation": 90, "texture": "#side"}, "down": {"uv": [2, 14, 4, 15], "texture": "#side"}}}, {"from": [2, 7.5, 2], "to": [5, 8, 3], "rotation": {"angle": 0, "axis": "y", "origin": [8, 16, 8]}, "faces": {"north": {"uv": [2, 13, 5, 14], "rotation": 180, "texture": "#side"}, "east": {"uv": [4, 13, 5, 14], "rotation": 270, "texture": "#side"}, "south": {"uv": [2, 13, 5, 14], "texture": "#side"}, "west": {"uv": [2, 13, 3, 14], "rotation": 90, "texture": "#side"}, "down": {"uv": [2, 13, 5, 14], "texture": "#side"}}}, {"from": [3, 7.5, 3], "to": [6, 8, 4], "rotation": {"angle": 0, "axis": "y", "origin": [8, 16, 8]}, "faces": {"north": {"uv": [3, 12, 6, 13], "rotation": 180, "texture": "#side"}, "east": {"uv": [5, 12, 6, 13], "rotation": 270, "texture": "#side"}, "south": {"uv": [3, 12, 6, 13], "texture": "#side"}, "west": {"uv": [3, 12, 4, 13], "rotation": 90, "texture": "#side"}, "down": {"uv": [3, 12, 6, 13], "texture": "#side"}}}, {"from": [0, 7.5, 4], "to": [3, 8, 6], "rotation": {"angle": 0, "axis": "y", "origin": [8, 16, 8]}, "faces": {"north": {"uv": [0, 11, 3, 12], "rotation": 180, "texture": "#side"}, "east": {"uv": [2, 10, 3, 12], "rotation": 270, "texture": "#side"}, "south": {"uv": [0, 10, 3, 11], "texture": "#side"}, "west": {"uv": [0, 10, 1, 12], "rotation": 90, "texture": "#side"}, "down": {"uv": [0, 10, 3, 12], "texture": "#side"}}}, {"from": [1, 7.5, 3], "to": [2, 8, 4], "rotation": {"angle": 0, "axis": "y", "origin": [8, 16, 8]}, "faces": {"north": {"uv": [1, 12, 2, 13], "rotation": 180, "texture": "#side"}, "east": {"uv": [1, 12, 2, 13], "rotation": 270, "texture": "#side"}, "west": {"uv": [1, 12, 2, 13], "rotation": 90, "texture": "#side"}, "down": {"uv": [1, 12, 2, 13], "texture": "#side"}}}, {"from": [1, 7.5, 7], "to": [2, 8, 8], "rotation": {"angle": 0, "axis": "y", "origin": [8, 16, 8]}, "faces": {"north": {"uv": [1, 8, 2, 9], "rotation": 180, "texture": "#side"}, "east": {"uv": [1, 8, 2, 9], "rotation": 270, "texture": "#side"}, "west": {"uv": [1, 8, 2, 9], "rotation": 90, "texture": "#side"}, "down": {"uv": [1, 8, 2, 9], "texture": "#side"}}}, {"from": [0, 7.5, 8], "to": [4, 8, 9], "rotation": {"angle": 0, "axis": "y", "origin": [8, 16, 8]}, "faces": {"north": {"uv": [0, 7, 4, 8], "rotation": 180, "texture": "#side"}, "east": {"uv": [3, 7, 4, 8], "rotation": 270, "texture": "#side"}, "south": {"uv": [0, 7, 4, 8], "texture": "#side"}, "west": {"uv": [0, 7, 1, 8], "rotation": 90, "texture": "#side"}, "down": {"uv": [0, 7, 4, 8], "texture": "#side"}}}, {"from": [0, 7.5, 9], "to": [3, 8, 10], "rotation": {"angle": 0, "axis": "y", "origin": [8, 16, 8]}, "faces": {"east": {"uv": [2, 6, 3, 7], "rotation": 270, "texture": "#side"}, "south": {"uv": [0, 6, 3, 7], "texture": "#side"}, "west": {"uv": [0, 6, 1, 7], "rotation": 90, "texture": "#side"}, "down": {"uv": [0, 6, 3, 7], "texture": "#side"}}}, {"from": [0, 7.5, 10], "to": [2, 8, 11], "rotation": {"angle": 0, "axis": "y", "origin": [8, 16, 8]}, "faces": {"east": {"uv": [1, 5, 2, 6], "rotation": 270, "texture": "#side"}, "south": {"uv": [0, 5, 2, 6], "texture": "#side"}, "west": {"uv": [0, 5, 1, 6], "rotation": 90, "texture": "#side"}, "down": {"uv": [0, 5, 2, 6], "texture": "#side"}}}, {"from": [0, 7.5, 11], "to": [1, 8, 13], "rotation": {"angle": 0, "axis": "y", "origin": [8, 16, 8]}, "faces": {"east": {"uv": [0, 3, 1, 5], "rotation": 270, "texture": "#side"}, "south": {"uv": [0, 3, 1, 4], "texture": "#side"}, "west": {"uv": [0, 3, 1, 5], "rotation": 90, "texture": "#side"}, "down": {"uv": [0, 3, 1, 5], "texture": "#side"}}}, {"from": [2, 7.5, 11], "to": [7, 8, 13], "rotation": {"angle": 0, "axis": "y", "origin": [8, 16, 8]}, "faces": {"north": {"uv": [2, 4, 7, 5], "rotation": 180, "texture": "#side"}, "east": {"uv": [6, 3, 7, 5], "rotation": 270, "texture": "#side"}, "south": {"uv": [2, 3, 7, 4], "texture": "#side"}, "west": {"uv": [2, 3, 3, 5], "rotation": 90, "texture": "#side"}, "down": {"uv": [2, 3, 7, 5], "texture": "#side"}}}, {"from": [4, 7.5, 10], "to": [7, 8, 11], "rotation": {"angle": 0, "axis": "y", "origin": [8, 16, 8]}, "faces": {"north": {"uv": [4, 5, 7, 6], "rotation": 180, "texture": "#side"}, "east": {"uv": [6, 5, 7, 6], "rotation": 270, "texture": "#side"}, "west": {"uv": [4, 5, 5, 6], "rotation": 90, "texture": "#side"}, "down": {"uv": [4, 5, 7, 6], "texture": "#side"}}}, {"from": [7, 7.5, 12], "to": [8, 8, 13], "rotation": {"angle": 0, "axis": "y", "origin": [8, 16, 8]}, "faces": {"north": {"uv": [7, 3, 8, 4], "rotation": 180, "texture": "#side"}, "east": {"uv": [7, 3, 8, 4], "rotation": 270, "texture": "#side"}, "south": {"uv": [7, 3, 8, 4], "texture": "#side"}, "down": {"uv": [7, 3, 8, 4], "texture": "#side"}}}, {"from": [9, 7.5, 12], "to": [12, 8, 13], "rotation": {"angle": 0, "axis": "y", "origin": [8, 16, 8]}, "faces": {"east": {"uv": [11, 3, 12, 4], "rotation": 270, "texture": "#side"}, "south": {"uv": [9, 3, 12, 4], "texture": "#side"}, "west": {"uv": [9, 3, 10, 4], "rotation": 90, "texture": "#side"}, "down": {"uv": [9, 3, 12, 4], "texture": "#side"}}}, {"from": [8, 7.5, 10], "to": [13, 8, 12], "rotation": {"angle": 0, "axis": "y", "origin": [8, 16, 8]}, "faces": {"north": {"uv": [8, 5, 13, 6], "rotation": 180, "texture": "#side"}, "east": {"uv": [12, 4, 13, 6], "rotation": 270, "texture": "#side"}, "south": {"uv": [8, 4, 13, 5], "texture": "#side"}, "west": {"uv": [8, 4, 9, 6], "rotation": 90, "texture": "#side"}, "down": {"uv": [8, 4, 13, 6], "texture": "#side"}}}, {"from": [9, 7.5, 8], "to": [10, 8, 10], "rotation": {"angle": 0, "axis": "y", "origin": [8, 16, 8]}, "faces": {"north": {"uv": [9, 7, 10, 8], "rotation": 180, "texture": "#side"}, "east": {"uv": [9, 6, 10, 8], "rotation": 270, "texture": "#side"}, "west": {"uv": [9, 6, 10, 8], "rotation": 90, "texture": "#side"}, "down": {"uv": [9, 6, 10, 8], "texture": "#side"}}}, {"from": [10, 7.5, 9], "to": [11, 8, 10], "rotation": {"angle": 0, "axis": "y", "origin": [8, 16, 8]}, "faces": {"north": {"uv": [10, 6, 11, 7], "rotation": 180, "texture": "#side"}, "east": {"uv": [10, 6, 11, 7], "rotation": 270, "texture": "#side"}, "down": {"uv": [10, 6, 11, 7], "texture": "#side"}}}, {"from": [10, 7.5, 6], "to": [11, 8, 8], "rotation": {"angle": 0, "axis": "y", "origin": [8, 16, 8]}, "faces": {"north": {"uv": [10, 9, 11, 10], "rotation": 180, "texture": "#side"}, "south": {"uv": [10, 8, 11, 9], "texture": "#side"}, "west": {"uv": [10, 8, 11, 10], "rotation": 90, "texture": "#side"}, "down": {"uv": [10, 8, 11, 10], "texture": "#side"}}}, {"from": [15, 7.5, 6], "to": [16, 8, 7], "rotation": {"angle": 0, "axis": "y", "origin": [8, 16, 8]}, "faces": {"north": {"uv": [15, 9, 16, 10], "rotation": 180, "texture": "#side"}, "east": {"uv": [15, 9, 16, 10], "rotation": 270, "texture": "#side"}, "south": {"uv": [15, 9, 16, 10], "texture": "#side"}, "down": {"uv": [15, 9, 16, 10], "texture": "#side"}}}, {"from": [3, 7.5, 6], "to": [8, 8, 7], "rotation": {"angle": 0, "axis": "y", "origin": [8, 16, 8]}, "faces": {"north": {"uv": [3, 9, 8, 10], "rotation": 180, "texture": "#side"}, "east": {"uv": [7, 9, 8, 10], "rotation": 270, "texture": "#side"}, "south": {"uv": [3, 9, 8, 10], "texture": "#side"}, "west": {"uv": [3, 9, 4, 10], "rotation": 90, "texture": "#side"}, "down": {"uv": [3, 9, 8, 10], "texture": "#side"}}}, {"from": [4, 7.5, 7], "to": [9, 8, 8], "rotation": {"angle": 0, "axis": "y", "origin": [8, 16, 8]}, "faces": {"north": {"uv": [4, 8, 9, 9], "rotation": 180, "texture": "#side"}, "east": {"uv": [8, 8, 9, 9], "rotation": 270, "texture": "#side"}, "south": {"uv": [4, 8, 9, 9], "texture": "#side"}, "west": {"uv": [4, 8, 5, 9], "rotation": 90, "texture": "#side"}, "down": {"uv": [4, 8, 9, 9], "texture": "#side"}}}, {"from": [5, 7.5, 8], "to": [8, 8, 9], "rotation": {"angle": 0, "axis": "y", "origin": [8, 16, 8]}, "faces": {"east": {"uv": [7, 7, 8, 8], "rotation": 270, "texture": "#side"}, "south": {"uv": [5, 7, 8, 8], "texture": "#side"}, "west": {"uv": [5, 7, 6, 8], "rotation": 90, "texture": "#side"}, "down": {"uv": [4, 5, 7, 6], "texture": "#side"}}}, {"from": [4, 7.5, 5], "to": [7, 8, 6], "rotation": {"angle": 0, "axis": "y", "origin": [8, 16, 8]}, "faces": {"north": {"uv": [4, 10, 7, 11], "rotation": 180, "texture": "#side"}, "east": {"uv": [6, 10, 7, 11], "rotation": 270, "texture": "#side"}, "west": {"uv": [4, 10, 5, 11], "rotation": 90, "texture": "#side"}, "down": {"uv": [4, 10, 7, 11], "texture": "#side"}}}, {"from": [8, 7.5, 5], "to": [10, 8, 6], "rotation": {"angle": 0, "axis": "y", "origin": [8, 16, 8]}, "faces": {"east": {"uv": [9, 10, 10, 11], "rotation": 270, "texture": "#side"}, "south": {"uv": [8, 10, 10, 11], "texture": "#side"}, "west": {"uv": [8, 10, 9, 11], "rotation": 90, "texture": "#side"}, "down": {"uv": [8, 10, 10, 11], "texture": "#side"}}}, {"from": [7, 7.5, 4], "to": [11, 8, 5], "rotation": {"angle": 0, "axis": "y", "origin": [8, 16, 8]}, "faces": {"east": {"uv": [10, 11, 11, 12], "rotation": 270, "texture": "#side"}, "south": {"uv": [7, 11, 11, 12], "texture": "#side"}, "west": {"uv": [7, 11, 8, 12], "rotation": 90, "texture": "#side"}, "down": {"uv": [7, 11, 11, 12], "texture": "#side"}}}, {"from": [6, 7.5, 2], "to": [12, 8, 3], "rotation": {"angle": 0, "axis": "y", "origin": [8, 16, 8]}, "faces": {"north": {"uv": [6, 13, 12, 14], "rotation": 180, "texture": "#side"}, "east": {"uv": [11, 13, 12, 14], "rotation": 270, "texture": "#side"}, "south": {"uv": [6, 13, 12, 14], "texture": "#side"}, "west": {"uv": [6, 13, 7, 14], "rotation": 90, "texture": "#side"}, "down": {"uv": [6, 13, 12, 14], "texture": "#side"}}}, {"from": [7, 7.5, 1], "to": [9, 8, 2], "rotation": {"angle": 0, "axis": "y", "origin": [8, 16, 8]}, "faces": {"north": {"uv": [7, 14, 9, 15], "rotation": 180, "texture": "#side"}, "east": {"uv": [8, 14, 9, 15], "rotation": 270, "texture": "#side"}, "west": {"uv": [7, 14, 8, 15], "rotation": 90, "texture": "#side"}, "down": {"uv": [7, 14, 9, 15], "texture": "#side"}}}, {"from": [7, 7.5, 3], "to": [13, 8, 4], "rotation": {"angle": 0, "axis": "y", "origin": [8, 16, 8]}, "faces": {"north": {"uv": [7, 12, 13, 13], "rotation": 180, "texture": "#side"}, "east": {"uv": [12, 12, 13, 13], "rotation": 270, "texture": "#side"}, "south": {"uv": [7, 12, 13, 13], "texture": "#side"}, "west": {"uv": [7, 12, 8, 13], "rotation": 90, "texture": "#side"}, "down": {"uv": [7, 12, 13, 13], "texture": "#side"}}}, {"from": [14, 7.5, 1], "to": [16, 8, 4], "rotation": {"angle": 0, "axis": "y", "origin": [8, 16, 8]}, "faces": {"north": {"uv": [14, 14, 16, 15], "rotation": 180, "texture": "#side"}, "east": {"uv": [15, 12, 16, 15], "rotation": 270, "texture": "#side"}, "south": {"uv": [14, 12, 16, 13], "texture": "#side"}, "west": {"uv": [14, 12, 15, 15], "rotation": 90, "texture": "#side"}, "down": {"uv": [14, 12, 16, 15], "texture": "#side"}}}, {"from": [13, 7.5, 4], "to": [14, 8, 5], "rotation": {"angle": 0, "axis": "y", "origin": [8, 16, 8]}, "faces": {"north": {"uv": [13, 11, 14, 12], "rotation": 180, "texture": "#side"}, "east": {"uv": [13, 11, 14, 12], "rotation": 270, "texture": "#side"}, "west": {"uv": [13, 11, 14, 12], "rotation": 90, "texture": "#side"}, "down": {"uv": [13, 11, 14, 12], "texture": "#side"}}}, {"from": [15, 7.5, 9], "to": [16, 8, 13], "rotation": {"angle": 0, "axis": "y", "origin": [8, 16, 8]}, "faces": {"north": {"uv": [15, 6, 16, 7], "rotation": 180, "texture": "#side"}, "east": {"uv": [15, 3, 16, 7], "rotation": 270, "texture": "#side"}, "south": {"uv": [15, 3, 16, 4], "texture": "#side"}, "west": {"uv": [15, 3, 16, 7], "rotation": 90, "texture": "#side"}, "down": {"uv": [15, 3, 16, 7], "texture": "#side"}}}, {"from": [14, 7.5, 10], "to": [15, 8, 12], "rotation": {"angle": 0, "axis": "y", "origin": [8, 16, 8]}, "faces": {"north": {"uv": [14, 5, 15, 6], "rotation": 180, "texture": "#side"}, "south": {"uv": [14, 4, 15, 5], "texture": "#side"}, "west": {"uv": [14, 4, 15, 6], "rotation": 90, "texture": "#side"}, "down": {"uv": [14, 4, 15, 6], "texture": "#side"}}}, {"from": [11, 7.5, 5], "to": [15, 8, 9], "rotation": {"angle": 0, "axis": "y", "origin": [8, 16, 8]}, "faces": {"north": {"uv": [11, 10, 15, 11], "rotation": 180, "texture": "#side"}, "east": {"uv": [14, 7, 15, 11], "rotation": 270, "texture": "#side"}, "south": {"uv": [11, 7, 15, 8], "texture": "#side"}, "west": {"uv": [11, 7, 12, 11], "rotation": 90, "texture": "#side"}, "down": {"uv": [11, 7, 15, 11], "texture": "#side"}}}, {"from": [1, 7.5, 13], "to": [3, 8, 16], "rotation": {"angle": 0, "axis": "y", "origin": [8, 16, 8]}, "faces": {"north": {"uv": [1, 2, 3, 3], "rotation": 180, "texture": "#bottom"}, "east": {"uv": [2, 0, 3, 3], "rotation": 270, "texture": "#bottom"}, "south": {"uv": [1, 0, 3, 1], "texture": "#bottom"}, "west": {"uv": [1, 0, 2, 3], "rotation": 90, "texture": "#bottom"}, "down": {"uv": [1, 0, 3, 3], "texture": "#bottom"}}}, {"from": [13, 7.5, 13], "to": [15, 8, 16], "rotation": {"angle": 0, "axis": "y", "origin": [8, 16, 8]}, "faces": {"north": {"uv": [13, 2, 15, 3], "rotation": 180, "texture": "#bottom"}, "east": {"uv": [14, 0, 15, 3], "rotation": 270, "texture": "#bottom"}, "south": {"uv": [13, 0, 15, 1], "texture": "#bottom"}, "west": {"uv": [13, 0, 14, 3], "rotation": 90, "texture": "#bottom"}, "down": {"uv": [13, 0, 15, 3], "texture": "#bottom"}}}, {"from": [8, 7.5, 14], "to": [11, 8, 15], "rotation": {"angle": 0, "axis": "y", "origin": [8, 16, 8]}, "faces": {"north": {"uv": [8, 1, 11, 2], "rotation": 180, "texture": "#bottom"}, "east": {"uv": [10, 1, 11, 2], "rotation": 270, "texture": "#bottom"}, "west": {"uv": [8, 1, 9, 2], "rotation": 90, "texture": "#bottom"}, "down": {"uv": [8, 1, 11, 2], "texture": "#bottom"}}}, {"from": [5, 7.5, 15], "to": [12, 8, 16], "rotation": {"angle": 0, "axis": "y", "origin": [8, 16, 8]}, "faces": {"north": {"uv": [5, 0, 12, 1], "rotation": 180, "texture": "#bottom"}, "east": {"uv": [11, 0, 12, 1], "rotation": 270, "texture": "#bottom"}, "south": {"uv": [5, 0, 12, 1], "texture": "#bottom"}, "west": {"uv": [5, 0, 6, 1], "rotation": 90, "texture": "#bottom"}, "down": {"uv": [5, 0, 12, 1], "texture": "#bottom"}}}, {"from": [4, 7.5, 13], "to": [7, 8, 14], "rotation": {"angle": 0, "axis": "y", "origin": [8, 16, 8]}, "faces": {"east": {"uv": [6, 2, 7, 3], "rotation": 270, "texture": "#bottom"}, "south": {"uv": [4, 2, 7, 3], "texture": "#bottom"}, "west": {"uv": [4, 2, 5, 3], "rotation": 90, "texture": "#bottom"}, "down": {"uv": [4, 2, 7, 3], "texture": "#bottom"}}}, {"from": [3, 7.5, 14], "to": [4, 8, 16], "rotation": {"angle": 0, "axis": "y", "origin": [8, 16, 8]}, "faces": {"north": {"uv": [3, 1, 4, 2], "rotation": 180, "texture": "#bottom"}, "east": {"uv": [3, 0, 4, 2], "rotation": 270, "texture": "#bottom"}, "south": {"uv": [3, 0, 4, 1], "texture": "#bottom"}, "down": {"uv": [3, 0, 4, 2], "texture": "#bottom"}}}, {"from": [12, 7.5, 13], "to": [13, 8, 14], "rotation": {"angle": 0, "axis": "y", "origin": [8, 16, 8]}, "faces": {"north": {"uv": [12, 2, 13, 3], "rotation": 180, "texture": "#bottom"}, "south": {"uv": [12, 2, 13, 3], "texture": "#bottom"}, "west": {"uv": [12, 2, 13, 3], "rotation": 90, "texture": "#bottom"}, "down": {"uv": [12, 2, 13, 3], "texture": "#bottom"}}}, {"from": [15, 7.5, 15], "to": [16, 8, 16], "rotation": {"angle": 0, "axis": "y", "origin": [8, 16, 8]}, "faces": {"north": {"uv": [15, 0, 16, 1], "rotation": 180, "texture": "#bottom"}, "east": {"uv": [15, 0, 16, 1], "rotation": 270, "texture": "#bottom"}, "south": {"uv": [15, 0, 16, 1], "texture": "#bottom"}, "down": {"uv": [15, 0, 16, 1], "texture": "#bottom"}}}], "display": {"thirdperson_righthand": {"rotation": [75, 45, 0], "translation": [0, 2.5, 0], "scale": [0.375, 0.375, 0.375]}, "thirdperson_lefthand": {"rotation": [75, 45, 0], "translation": [0, 2.5, 0], "scale": [0.375, 0.375, 0.375]}, "firstperson_righthand": {"rotation": [0, 45, 0], "scale": [0.4, 0.4, 0.4]}, "firstperson_lefthand": {"rotation": [0, 225, 0], "scale": [0.4, 0.4, 0.4]}, "ground": {"translation": [0, 3, 0], "scale": [0.25, 0.25, 0.25]}, "gui": {"rotation": [30, 225, 0], "scale": [0.625, 0.625, 0.625]}, "fixed": {"scale": [0.5, 0.5, 0.5]}}, "groups": [0, {"name": "north", "origin": [8, 8, 8], "color": 0, "children": [1, 2, 3, 4, 5, 6, 7, 8, 9, 10, 11, 12, 13, 14, 15, 16]}, {"name": "east", "origin": [8, 8, 8], "color": 0, "children": [17, 18, 19, 20, 21, 22, 23, 24, 25, 26, 27, 28, 29, 30, 31, 32]}, {"name": "south", "origin": [8, 8, 8], "color": 0, "children": [33, 34, 35, 36, 37, 38, 39, 40, 41, 42, 43, 44, 45, 46, 47, 48]}, {"name": "west", "origin": [8, 8, 8], "color": 0, "children": [49, 50, 51, 52, 53, 54, 55, 56, 57, 58, 59, 60, 61, 62, 63, 64]}, {"name": "down", "origin": [8, 8, 8], "color": 0, "children": [65, 66, 67, 68, 69, 70, 71, 72, 73, 74, 75, 76, 77, 78, 79, 80, 81, 82, 83, 84, 85, 86, 87, 88, 89, 90, 91, 92, 93, 94, 95, 96, 97, 98, 99, 100, 101, 102, 103, 104, 105, 106, 107, 108, 109, 110]}]}