{
	"credit": "Made by awildthomas",
	"parent": "minecraft:block/cube_top",
	"textures": {
		"1": "block/blackstone_top",
		"particle": "block/blackstone_top",
		"side": "block/blackstone"
	},
	"elements": [
		{
			"from": [7, 8, 8],
			"to": [8, 8.5, 10],
			"rotation": {"angle": 0, "axis": "y", "origin": [8, 8, 8]},
			"faces": {
				"north": {"uv": [7, 8, 8, 9], "rotation": 180, "texture": "#1"},
				"south": {"uv": [7, 9, 8, 10], "texture": "#1"},
				"west": {"uv": [7, 8, 8, 10], "rotation": 270, "texture": "#1"},
				"up": {"uv": [7, 8, 8, 10], "texture": "#1"}
			}
		},
		{
			"from": [5, 8, 14],
			"to": [8, 8.5, 16],
			"rotation": {"angle": 0, "axis": "y", "origin": [8, 8, 8]},
			"faces": {
				"north": {"uv": [5, 14, 8, 15], "rotation": 180, "texture": "#1"},
				"south": {"uv": [5, 15, 8, 16], "texture": "#1"},
				"west": {"uv": [5, 14, 6, 16], "rotation": 270, "texture": "#1"},
				"up": {"uv": [5, 14, 8, 16], "texture": "#1"}
			}
		},
		{
			"from": [3, 8, 11],
			"to": [8, 8.5, 12],
			"rotation": {"angle": 0, "axis": "y", "origin": [8, 8, 8]},
			"faces": {
				"north": {"uv": [3, 11, 8, 12], "rotation": 180, "texture": "#1"},
				"south": {"uv": [3, 11, 8, 12], "texture": "#1"},
				"west": {"uv": [3, 11, 4, 12], "rotation": 270, "texture": "#1"},
				"up": {"uv": [3, 11, 8, 12], "texture": "#1"}
			}
		},
		{
			"from": [4, 8, 10],
			"to": [7, 8.5, 11],
			"rotation": {"angle": 0, "axis": "y", "origin": [8, 8, 8]},
			"faces": {
				"north": {"uv": [4, 10, 7, 11], "rotation": 180, "texture": "#1"},
				"east": {"uv": [6, 10, 7, 11], "rotation": 90, "texture": "#1"},
				"west": {"uv": [4, 10, 5, 11], "rotation": 270, "texture": "#1"},
				"up": {"uv": [4, 10, 7, 11], "texture": "#1"}
			}
		},
		{
			"from": [2, 8, 12],
			"to": [5, 8.5, 13],
			"rotation": {"angle": 0, "axis": "y", "origin": [8, 8, 8]},
			"faces": {
				"north": {"uv": [2, 12, 5, 13], "rotation": 180, "texture": "#1"},
				"east": {"uv": [4, 12, 5, 13], "rotation": 90, "texture": "#1"},
				"west": {"uv": [2, 12, 3, 13], "rotation": 270, "texture": "#1"},
				"up": {"uv": [2, 12, 5, 13], "texture": "#1"}
			}
		},
		{
			"from": [1, 8, 13],
			"to": [5, 8.5, 14],
			"rotation": {"angle": 0, "axis": "y", "origin": [8, 8, 8]},
			"faces": {
				"north": {"uv": [1, 13, 5, 14], "rotation": 180, "texture": "#1"},
				"east": {"uv": [4, 13, 5, 14], "rotation": 90, "texture": "#1"},
				"south": {"uv": [1, 13, 5, 14], "texture": "#1"},
				"west": {"uv": [1, 13, 2, 14], "rotation": 270, "texture": "#1"},
				"up": {"uv": [1, 13, 5, 14], "texture": "#1"}
			}
		},
		{
			"from": [1, 8, 14],
			"to": [4, 8.5, 15],
			"rotation": {"angle": 0, "axis": "y", "origin": [8, 8, 8]},
			"faces": {
				"east": {"uv": [3, 14, 4, 15], "rotation": 90, "texture": "#1"},
				"south": {"uv": [1, 14, 4, 15], "texture": "#1"},
				"west": {"uv": [1, 14, 2, 15], "rotation": 270, "texture": "#1"},
				"up": {"uv": [1, 14, 4, 15], "texture": "#1"}
			}
		},
		{
			"from": [4, 8, 15],
			"to": [5, 8.5, 16],
			"rotation": {"angle": 0, "axis": "y", "origin": [8, 8, 8]},
			"faces": {
				"north": {"uv": [4, 15, 5, 16], "rotation": 180, "texture": "#1"},
				"south": {"uv": [4, 15, 5, 16], "texture": "#1"},
				"west": {"uv": [4, 15, 5, 16], "rotation": 270, "texture": "#1"},
				"up": {"uv": [4, 15, 5, 16], "texture": "#1"}
			}
		},
		{
			"from": [0, 8, 15],
			"to": [2, 8.5, 16],
			"rotation": {"angle": 0, "axis": "y", "origin": [8, 8, 8]},
			"faces": {
				"north": {"uv": [0, 15, 2, 16], "rotation": 180, "texture": "#1"},
				"east": {"uv": [1, 15, 2, 16], "rotation": 90, "texture": "#1"},
				"south": {"uv": [0, 15, 2, 16], "texture": "#1"},
				"west": {"uv": [0, 15, 1, 16], "rotation": 270, "texture": "#1"},
				"up": {"uv": [0, 15, 2, 16], "texture": "#1"}
			}
		},
		{
			"from": [0, 8, 10],
			"to": [1, 8.5, 13],
			"rotation": {"angle": 0, "axis": "y", "origin": [8, 8, 8]},
			"faces": {
				"north": {"uv": [0, 10, 1, 11], "rotation": 180, "texture": "#1"},
				"east": {"uv": [0, 10, 1, 13], "rotation": 90, "texture": "#1"},
				"south": {"uv": [0, 12, 1, 13], "texture": "#1"},
				"west": {"uv": [0, 10, 1, 13], "rotation": 270, "texture": "#1"},
				"up": {"uv": [0, 10, 1, 13], "texture": "#1"}
			}
		},
		{
			"from": [1, 8, 11],
			"to": [2, 8.5, 12],
			"rotation": {"angle": 0, "axis": "y", "origin": [8, 8, 8]},
			"faces": {
				"north": {"uv": [1, 11, 2, 12], "rotation": 180, "texture": "#1"},
				"east": {"uv": [1, 11, 2, 12], "rotation": 90, "texture": "#1"},
				"south": {"uv": [1, 11, 2, 12], "texture": "#1"},
				"up": {"uv": [1, 11, 2, 12], "texture": "#1"}
			}
		},
		{
			"from": [2, 8, 6],
			"to": [7, 8.5, 7],
			"rotation": {"angle": 0, "axis": "y", "origin": [8, 8, 8]},
			"faces": {
				"north": {"uv": [2, 6, 7, 7], "rotation": 180, "texture": "#1"},
				"east": {"uv": [6, 6, 7, 7], "rotation": 90, "texture": "#1"},
				"west": {"uv": [2, 6, 3, 7], "rotation": 270, "texture": "#1"},
				"up": {"uv": [2, 6, 7, 7], "texture": "#1"}
			}
		},
		{
			"from": [2, 8, 8],
			"to": [5, 8.5, 9],
			"rotation": {"angle": 0, "axis": "y", "origin": [8, 8, 8]},
			"faces": {
				"east": {"uv": [4, 8, 5, 9], "rotation": 90, "texture": "#1"},
				"south": {"uv": [2, 8, 5, 9], "texture": "#1"},
				"west": {"uv": [2, 8, 3, 9], "rotation": 270, "texture": "#1"},
				"up": {"uv": [2, 8, 5, 9], "texture": "#1"}
			}
		},
		{
			"from": [1, 8, 7],
			"to": [7, 8.5, 8],
			"rotation": {"angle": 0, "axis": "y", "origin": [8, 8, 8]},
			"faces": {
				"north": {"uv": [1, 7, 7, 8], "rotation": 180, "texture": "#1"},
				"east": {"uv": [6, 7, 7, 8], "rotation": 90, "texture": "#1"},
				"south": {"uv": [1, 7, 7, 8], "texture": "#1"},
				"west": {"uv": [1, 7, 2, 8], "rotation": 270, "texture": "#1"},
				"up": {"uv": [1, 7, 7, 8], "texture": "#1"}
			}
		},
		{
			"from": [3, 8, 5],
			"to": [5, 8.5, 6],
			"rotation": {"angle": 0, "axis": "y", "origin": [8, 8, 8]},
			"faces": {
				"north": {"uv": [3, 5, 5, 6], "rotation": 180, "texture": "#1"},
				"east": {"uv": [4, 5, 5, 6], "rotation": 90, "texture": "#1"},
				"west": {"uv": [3, 5, 4, 6], "rotation": 270, "texture": "#1"},
				"up": {"uv": [3, 5, 5, 6], "texture": "#1"}
			}
		},
		{
			"from": [5, 8, 4],
			"to": [9, 8.5, 5],
			"rotation": {"angle": 0, "axis": "y", "origin": [8, 8, 8]},
			"faces": {
				"east": {"uv": [8, 4, 9, 5], "rotation": 90, "texture": "#1"},
				"south": {"uv": [5, 4, 9, 5], "texture": "#1"},
				"west": {"uv": [5, 4, 6, 5], "rotation": 270, "texture": "#1"},
				"up": {"uv": [5, 4, 9, 5], "texture": "#1"}
			}
		},
		{
			"from": [6, 8, 5],
			"to": [8, 8.5, 6],
			"rotation": {"angle": 0, "axis": "y", "origin": [8, 8, 8]},
			"faces": {
				"east": {"uv": [7, 5, 8, 6], "rotation": 90, "texture": "#1"},
				"south": {"uv": [6, 5, 8, 6], "texture": "#1"},
				"west": {"uv": [6, 5, 7, 6], "rotation": 270, "texture": "#1"},
				"up": {"uv": [6, 5, 8, 6], "texture": "#1"}
			}
		},
		{
			"from": [8, 8, 7],
			"to": [12, 8.5, 8],
			"rotation": {"angle": 0, "axis": "y", "origin": [8, 8, 8]},
			"faces": {
				"north": {"uv": [8, 7, 12, 8], "rotation": 180, "texture": "#1"},
				"east": {"uv": [11, 7, 12, 8], "rotation": 90, "texture": "#1"},
				"west": {"uv": [8, 7, 9, 8], "rotation": 270, "texture": "#1"},
				"up": {"uv": [8, 7, 12, 8], "texture": "#1"}
			}
		},
		{
			"from": [12, 8, 5],
			"to": [15, 8.5, 6],
			"rotation": {"angle": 0, "axis": "y", "origin": [8, 8, 8]},
			"faces": {
				"east": {"uv": [14, 5, 15, 6], "rotation": 90, "texture": "#1"},
				"south": {"uv": [12, 5, 15, 6], "texture": "#1"},
				"west": {"uv": [12, 5, 13, 6], "rotation": 270, "texture": "#1"},
				"up": {"uv": [12, 5, 15, 6], "texture": "#1"}
			}
		},
		{
			"from": [13, 8, 6],
			"to": [14, 8.5, 7],
			"rotation": {"angle": 0, "axis": "y", "origin": [8, 8, 8]},
			"faces": {
				"east": {"uv": [13, 6, 14, 7], "rotation": 90, "texture": "#1"},
				"south": {"uv": [13, 6, 14, 7], "texture": "#1"},
				"west": {"uv": [13, 6, 14, 7], "rotation": 270, "texture": "#1"},
				"up": {"uv": [13, 6, 14, 7], "texture": "#1"}
			}
		},
		{
			"from": [7.5, 8.5, 8],
			"to": [8, 9, 9],
			"rotation": {"angle": 0, "axis": "y", "origin": [0, 0, 16]},
			"faces": {
				"north": {"uv": [8, 7, 8.5, 7.5], "texture": "#side"},
				"south": {"uv": [8.5, 7, 9, 7.5], "texture": "#side"},
				"west": {"uv": [8, 7, 9, 7.5], "texture": "#side"},
				"up": {"uv": [8, 7, 9, 7.5], "rotation": 270, "texture": "#side"},
				"down": {"uv": [9, 7.5, 8, 8], "rotation": 90, "texture": "#side"}
			}
		},
		{
			"from": [7.5, 10, 10],
			"to": [8, 11, 11],
			"rotation": {"angle": 0, "axis": "y", "origin": [0, 0, 16]},
			"faces": {
				"north": {"uv": [10, 5, 10.5, 6], "texture": "#side"},
				"south": {"uv": [10.5, 5, 11, 6], "texture": "#side"},
				"west": {"uv": [10, 5, 11, 6], "texture": "#side"},
				"up": {"uv": [10, 5, 11, 5.5], "rotation": 270, "texture": "#side"},
				"down": {"uv": [11, 5.5, 10, 6], "rotation": 90, "texture": "#side"}
			}
		},
		{
			"from": [7.5, 8.5, 11],
			"to": [8, 9, 13],
			"rotation": {"angle": 0, "axis": "y", "origin": [0, 0, 16]},
			"faces": {
				"north": {"uv": [8, 7, 8.5, 7.5], "texture": "#side"},
				"south": {"uv": [9.5, 7, 10, 7.5], "texture": "#side"},
				"west": {"uv": [8, 7, 10, 7.5], "texture": "#side"},
				"up": {"uv": [10, 7, 8, 7.5], "rotation": 270, "texture": "#side"},
				"down": {"uv": [10, 7.5, 8, 8], "rotation": 90, "texture": "#side"}
			}
		},
		{
			"from": [7.5, 9, 13],
			"to": [8, 10, 14],
			"rotation": {"angle": 0, "axis": "y", "origin": [0, 0, 16]},
			"faces": {
				"north": {"uv": [13, 6, 13.5, 7], "texture": "#side"},
				"south": {"uv": [13.5, 6, 14, 7], "texture": "#side"},
				"west": {"uv": [13, 6, 14, 7], "texture": "#side"},
				"up": {"uv": [13, 6, 14, 6.5], "rotation": 270, "texture": "#side"},
				"down": {"uv": [14, 6.5, 13, 7], "rotation": 90, "texture": "#side"}
			}
		},
		{
			"from": [7.5, 15, 15],
			"to": [8, 16, 16],
			"rotation": {"angle": 0, "axis": "y", "origin": [0, 0, 16]},
			"faces": {
				"north": {"uv": [15, 0, 15.5, 1], "texture": "#side"},
				"south": {"uv": [15.5, 0, 16, 1], "texture": "#side"},
				"west": {"uv": [15, 0, 16, 1], "texture": "#side"},
				"up": {"uv": [15, 0, 16, 0.5], "rotation": 270, "texture": "#side"},
				"down": {"uv": [16, 0.5, 15, 1], "rotation": 90, "texture": "#side"}
			}
		},
		{
			"from": [7.5, 13, 12],
			"to": [8, 15, 14],
			"rotation": {"angle": 0, "axis": "y", "origin": [0, 0, 16]},
			"faces": {
				"north": {"uv": [12, 1, 12.5, 3], "texture": "#side"},
				"south": {"uv": [13.5, 1, 14, 3], "texture": "#side"},
				"west": {"uv": [12, 1, 14, 3], "texture": "#side"},
				"up": {"uv": [14, 1, 12, 1.5], "rotation": 270, "texture": "#side"},
				"down": {"uv": [14, 2.5, 12, 3], "rotation": 90, "texture": "#side"}
			}
		},
		{
			"from": [7.5, 15, 10],
			"to": [8, 16, 13],
			"rotation": {"angle": 0, "axis": "y", "origin": [0, 0, 16]},
			"faces": {
				"north": {"uv": [10, 0, 10.5, 1], "texture": "#side"},
				"south": {"uv": [12.5, 0, 13, 1], "texture": "#side"},
				"west": {"uv": [10, 0, 13, 1], "texture": "#side"},
				"up": {"uv": [13, 0, 10, 0.5], "rotation": 270, "texture": "#side"},
				"down": {"uv": [13, 0.5, 10, 1], "rotation": 90, "texture": "#side"}
			}
		},
		{
			"from": [7.5, 11, 8],
			"to": [8, 15, 12],
			"rotation": {"angle": 0, "axis": "y", "origin": [0, 0, 16]},
			"faces": {
				"north": {"uv": [8, 1, 8.5, 5], "texture": "#side"},
				"south": {"uv": [11.5, 1, 12, 5], "texture": "#side"},
				"west": {"uv": [8, 1, 12, 5], "texture": "#side"},
				"up": {"uv": [12, 1, 8, 1.5], "rotation": 270, "texture": "#side"},
				"down": {"uv": [12, 4.5, 8, 5], "rotation": 90, "texture": "#side"}
			}
		},
		{
			"from": [14, 8, 7],
			"to": [16, 8.5, 7.5],
			"rotation": {"angle": 0, "axis": "y", "origin": [8, 8, 8]},
			"faces": {
				"north": {"uv": [14, 7, 16, 7.5], "rotation": 180, "texture": "#1"},
				"east": {"uv": [15, 7, 15.5, 7.5], "rotation": 90, "texture": "#1"},
				"west": {"uv": [14, 7, 14.5, 7.5], "rotation": 270, "texture": "#1"},
				"up": {"uv": [14, 7, 16, 7.5], "texture": "#1"}
			}
		},
		{
			"from": [11, 8, 4],
			"to": [15, 8.5, 5],
			"rotation": {"angle": 0, "axis": "y", "origin": [8, 8, 8]},
			"faces": {
				"east": {"uv": [14, 4, 15, 5], "rotation": 90, "texture": "#1"},
				"south": {"uv": [11, 4, 15, 5], "texture": "#1"},
				"west": {"uv": [11, 4, 12, 5], "rotation": 270, "texture": "#1"},
				"up": {"uv": [11, 4, 15, 5], "texture": "#1"}
			}
		},
		{
			"from": [11, 8, 3],
			"to": [16, 8.5, 4],
			"rotation": {"angle": 0, "axis": "y", "origin": [8, 8, 8]},
			"faces": {
				"north": {"uv": [11, 3, 16, 4], "rotation": 180, "texture": "#1"},
				"east": {"uv": [15, 3, 16, 4], "rotation": 90, "texture": "#1"},
				"south": {"uv": [11, 3, 16, 4], "texture": "#1"},
				"west": {"uv": [11, 4, 12, 5], "rotation": 270, "texture": "#1"},
				"up": {"uv": [11, 3, 16, 4], "texture": "#1"}
			}
		},
		{
			"from": [12, 8, 2],
			"to": [16, 8.5, 3],
			"rotation": {"angle": 0, "axis": "y", "origin": [8, 8, 8]},
			"faces": {
				"north": {"uv": [12, 2, 16, 3], "rotation": 180, "texture": "#1"},
				"east": {"uv": [15, 2, 16, 3], "rotation": 90, "texture": "#1"},
				"west": {"uv": [12, 2, 13, 3], "rotation": 270, "texture": "#1"},
				"up": {"uv": [12, 2, 16, 3], "texture": "#1"}
			}
		},
		{
			"from": [14, 8, 1],
			"to": [16, 8.5, 2],
			"rotation": {"angle": 0, "axis": "y", "origin": [8, 8, 8]},
			"faces": {
				"north": {"uv": [14, 1, 16, 2], "rotation": 180, "texture": "#1"},
				"east": {"uv": [15, 1, 16, 2], "rotation": 90, "texture": "#1"},
				"west": {"uv": [14, 1, 15, 2], "rotation": 270, "texture": "#1"},
				"up": {"uv": [14, 1, 16, 2], "texture": "#1"}
			}
		},
		{
			"from": [7, 8, 0],
			"to": [14, 8.5, 1],
			"rotation": {"angle": 0, "axis": "y", "origin": [8, 8, 8]},
			"faces": {
				"north": {"uv": [7, 0, 14, 1], "rotation": 180, "texture": "#1"},
				"east": {"uv": [13, 0, 14, 1], "rotation": 90, "texture": "#1"},
				"south": {"uv": [7, 0, 14, 1], "texture": "#1"},
				"west": {"uv": [7, 0, 8, 1], "rotation": 270, "texture": "#1"},
				"up": {"uv": [7, 0, 14, 1], "texture": "#1"}
			}
		},
		{
			"from": [9, 8, 1],
			"to": [12, 8.5, 2],
			"rotation": {"angle": 0, "axis": "y", "origin": [8, 8, 8]},
			"faces": {
				"east": {"uv": [11, 1, 12, 2], "rotation": 90, "texture": "#1"},
				"south": {"uv": [9, 1, 12, 2], "texture": "#1"},
				"west": {"uv": [9, 1, 10, 2], "rotation": 270, "texture": "#1"},
				"up": {"uv": [9, 1, 12, 2], "texture": "#1"}
			}
		},
		{
			"from": [6, 8, 2],
			"to": [9, 8.5, 3],
			"rotation": {"angle": 0, "axis": "y", "origin": [8, 8, 8]},
			"faces": {
				"north": {"uv": [6, 2, 9, 3], "rotation": 180, "texture": "#1"},
				"east": {"uv": [8, 2, 9, 3], "rotation": 90, "texture": "#1"},
				"west": {"uv": [6, 2, 7, 3], "rotation": 270, "texture": "#1"},
				"up": {"uv": [6, 2, 9, 3], "texture": "#1"}
			}
		},
		{
			"from": [5, 8, 3],
			"to": [10, 8.5, 4],
			"rotation": {"angle": 0, "axis": "y", "origin": [8, 8, 8]},
			"faces": {
				"north": {"uv": [5, 3, 10, 4], "rotation": 180, "texture": "#1"},
				"east": {"uv": [9, 3, 10, 4], "rotation": 90, "texture": "#1"},
				"south": {"uv": [5, 3, 10, 4], "texture": "#1"},
				"west": {"uv": [5, 3, 6, 4], "rotation": 270, "texture": "#1"},
				"up": {"uv": [5, 3, 10, 4], "texture": "#1"}
			}
		},
		{
			"from": [1, 8, 3],
			"to": [4, 8.5, 4],
			"rotation": {"angle": 0, "axis": "y", "origin": [8, 8, 8]},
			"faces": {
				"east": {"uv": [3, 3, 4, 4], "rotation": 90, "texture": "#1"},
				"south": {"uv": [1, 3, 4, 4], "texture": "#1"},
				"west": {"uv": [1, 3, 2, 4], "rotation": 270, "texture": "#1"},
				"up": {"uv": [1, 3, 4, 4], "texture": "#1"}
			}
		},
		{
			"from": [1, 8, 2],
			"to": [5, 8.5, 3],
			"rotation": {"angle": 0, "axis": "y", "origin": [8, 8, 8]},
			"faces": {
				"east": {"uv": [4, 2, 5, 3], "rotation": 90, "texture": "#1"},
				"south": {"uv": [1, 2, 5, 3], "texture": "#1"},
				"west": {"uv": [1, 2, 2, 3], "rotation": 270, "texture": "#1"},
				"up": {"uv": [1, 2, 5, 3], "texture": "#1"}
			}
		},
		{
			"from": [1, 8, 1],
			"to": [6, 8.5, 2],
			"rotation": {"angle": 0, "axis": "y", "origin": [8, 8, 8]},
			"faces": {
				"east": {"uv": [5, 1, 6, 2], "rotation": 90, "texture": "#1"},
				"south": {"uv": [1, 1, 6, 2], "texture": "#1"},
				"west": {"uv": [1, 1, 2, 2], "rotation": 270, "texture": "#1"},
				"up": {"uv": [1, 1, 6, 2], "texture": "#1"}
			}
		},
		{
			"from": [0, 8, 0],
			"to": [6, 8.5, 1],
			"rotation": {"angle": 0, "axis": "y", "origin": [8, 8, 8]},
			"faces": {
				"north": {"uv": [0, 0, 6, 1], "rotation": 180, "texture": "#1"},
				"east": {"uv": [5, 0, 6, 1], "rotation": 90, "texture": "#1"},
				"south": {"uv": [0, 0, 6, 1], "texture": "#1"},
				"west": {"uv": [0, 0, 1, 1], "rotation": 270, "texture": "#1"},
				"up": {"uv": [0, 0, 6, 1], "texture": "#1"}
			}
		},
		{
			"from": [6, 8, 12],
			"to": [8, 8.5, 13],
			"rotation": {"angle": 0, "axis": "y", "origin": [8, 8, 8]},
			"faces": {
				"south": {"uv": [6, 12, 8, 13], "texture": "#1"},
				"west": {"uv": [6, 12, 7, 13], "rotation": 270, "texture": "#1"},
				"up": {"uv": [6, 12, 8, 13], "texture": "#1"}
			}
		},
		{
			"from": [8, 16, 8],
			"to": [12, 16.5, 10],
			"rotation": {"angle": 0, "axis": "y", "origin": [8, 8, 8]},
			"faces": {
				"north": {"uv": [8, 8, 12, 9], "rotation": 180, "texture": "#1", "cullface": "up"},
				"east": {"uv": [11, 8, 12, 10], "rotation": 90, "texture": "#1", "cullface": "up"},
				"south": {"uv": [8, 9, 12, 10], "texture": "#1", "cullface": "up"},
				"west": {"uv": [8, 8, 9, 10], "rotation": 270, "texture": "#1", "cullface": "up"},
				"up": {"uv": [8, 8, 12, 10], "texture": "#1", "cullface": "up"}
			}
		},
		{
			"from": [8, 16, 10],
			"to": [11, 16.5, 11],
			"rotation": {"angle": 0, "axis": "y", "origin": [8, 8, 8]},
			"faces": {
				"east": {"uv": [10, 10, 11, 11], "rotation": 90, "texture": "#1", "cullface": "up"},
				"south": {"uv": [8, 10, 11, 11], "texture": "#1", "cullface": "up"},
				"west": {"uv": [8, 10, 9, 11], "rotation": 270, "texture": "#1", "cullface": "up"},
				"up": {"uv": [8, 10, 11, 11], "texture": "#1", "cullface": "up"}
			}
		},
		{
			"from": [13, 16, 8],
			"to": [16, 16.5, 9],
			"rotation": {"angle": 0, "axis": "y", "origin": [8, 8, 8]},
			"faces": {
				"north": {"uv": [13, 8, 16, 9], "rotation": 180, "texture": "#1", "cullface": "up"},
				"east": {"uv": [15, 8, 16, 9], "rotation": 90, "texture": "#1", "cullface": "up"},
				"south": {"uv": [13, 8, 16, 9], "texture": "#1", "cullface": "up"},
				"west": {"uv": [13, 8, 14, 9], "rotation": 270, "texture": "#1", "cullface": "up"},
				"up": {"uv": [13, 8, 16, 9], "texture": "#1", "cullface": "up"}
			}
		},
		{
			"from": [14, 16, 9],
			"to": [16, 16.5, 10],
			"rotation": {"angle": 0, "axis": "y", "origin": [8, 8, 8]},
			"faces": {
				"east": {"uv": [15, 9, 16, 10], "rotation": 90, "texture": "#1", "cullface": "up"},
				"south": {"uv": [14, 9, 16, 10], "texture": "#1", "cullface": "up"},
				"west": {"uv": [14, 9, 15, 10], "rotation": 270, "texture": "#1", "cullface": "up"},
				"up": {"uv": [14, 9, 16, 10], "texture": "#1", "cullface": "up"}
			}
		},
		{
			"from": [15, 16, 10],
			"to": [16, 16.5, 12],
			"rotation": {"angle": 0, "axis": "y", "origin": [8, 8, 8]},
			"faces": {
				"east": {"uv": [15, 10, 16, 12], "rotation": 90, "texture": "#1", "cullface": "up"},
				"south": {"uv": [15, 11, 16, 12], "texture": "#1", "cullface": "up"},
				"west": {"uv": [15, 10, 16, 12], "rotation": 270, "texture": "#1", "cullface": "up"},
				"up": {"uv": [15, 10, 16, 12], "texture": "#1", "cullface": "up"}
			}
		},
		{
			"from": [12, 16, 11],
			"to": [14, 16.5, 12],
			"rotation": {"angle": 0, "axis": "y", "origin": [8, 8, 8]},
			"faces": {
				"north": {"uv": [12, 11, 14, 12], "rotation": 180, "texture": "#1", "cullface": "up"},
				"east": {"uv": [13, 11, 14, 12], "rotation": 90, "texture": "#1", "cullface": "up"},
				"west": {"uv": [12, 11, 13, 12], "rotation": 270, "texture": "#1", "cullface": "up"},
				"up": {"uv": [12, 11, 14, 12], "texture": "#1", "cullface": "up"}
			}
		},
		{
			"from": [11, 16, 12],
			"to": [15, 16.5, 14],
			"rotation": {"angle": 0, "axis": "y", "origin": [8, 8, 8]},
			"faces": {
				"north": {"uv": [11, 12, 15, 13], "rotation": 180, "texture": "#1", "cullface": "up"},
				"east": {"uv": [14, 12, 15, 14], "rotation": 90, "texture": "#1", "cullface": "up"},
				"south": {"uv": [11, 13, 15, 14], "texture": "#1", "cullface": "up"},
				"west": {"uv": [11, 12, 12, 14], "rotation": 270, "texture": "#1", "cullface": "up"},
				"up": {"uv": [11, 12, 15, 14], "texture": "#1", "cullface": "up"}
			}
		},
		{
			"from": [12, 16, 14],
			"to": [15, 16.5, 15],
			"rotation": {"angle": 0, "axis": "y", "origin": [8, 8, 8]},
			"faces": {
				"east": {"uv": [14, 14, 15, 15], "rotation": 90, "texture": "#1", "cullface": "up"},
				"south": {"uv": [12, 14, 15, 15], "texture": "#1", "cullface": "up"},
				"west": {"uv": [12, 14, 13, 15], "rotation": 270, "texture": "#1", "cullface": "up"},
				"up": {"uv": [12, 14, 15, 15], "texture": "#1", "cullface": "up"}
			}
		},
		{
			"from": [13, 16, 15],
			"to": [15, 16.5, 16],
			"rotation": {"angle": 0, "axis": "y", "origin": [8, 8, 8]},
			"faces": {
				"east": {"uv": [14, 15, 15, 16], "rotation": 90, "texture": "#1", "cullface": "up"},
				"south": {"uv": [13, 15, 15, 16], "texture": "#1", "cullface": "up"},
				"west": {"uv": [13, 15, 14, 16], "rotation": 270, "texture": "#1", "cullface": "up"},
				"up": {"uv": [13, 15, 15, 16], "texture": "#1", "cullface": "up"}
			}
		},
		{
			"from": [8, 16, 14],
			"to": [11, 16.5, 16],
			"rotation": {"angle": 0, "axis": "y", "origin": [8, 8, 8]},
			"faces": {
				"north": {"uv": [8, 14, 11, 15], "rotation": 180, "texture": "#1", "cullface": "up"},
				"east": {"uv": [10, 14, 11, 16], "rotation": 90, "texture": "#1", "cullface": "up"},
				"south": {"uv": [8, 15, 11, 16], "texture": "#1", "cullface": "up"},
				"west": {"uv": [8, 14, 9, 16], "rotation": 270, "texture": "#1", "cullface": "up"},
				"up": {"uv": [8, 14, 11, 16], "texture": "#1", "cullface": "up"}
			}
		},
		{
			"from": [0, -0.5, 15],
			"to": [6, 0, 16],
			"rotation": {"angle": 0, "axis": "y", "origin": [8, 8, 8]},
			"faces": {
				"north": {"uv": [0, 0, 6, 1], "rotation": 180, "texture": "#1", "cullface": "down"},
				"east": {"uv": [5, 0, 6, 1], "rotation": 270, "texture": "#1", "cullface": "down"},
				"south": {"uv": [0, 0, 6, 1], "texture": "#1", "cullface": "down"},
				"west": {"uv": [0, 0, 1, 1], "rotation": 90, "texture": "#1", "cullface": "down"},
				"down": {"uv": [0, 0, 6, 1], "texture": "#1", "cullface": "down"}
			}
		},
		{
			"from": [7, -0.5, 15],
			"to": [14, 0, 16],
			"rotation": {"angle": 0, "axis": "y", "origin": [8, 8, 8]},
			"faces": {
				"north": {"uv": [7, 0, 14, 1], "rotation": 180, "texture": "#1", "cullface": "down"},
				"east": {"uv": [13, 0, 14, 1], "rotation": 270, "texture": "#1", "cullface": "down"},
				"south": {"uv": [7, 0, 14, 1], "texture": "#1", "cullface": "down"},
				"west": {"uv": [7, 0, 8, 1], "rotation": 90, "texture": "#1", "cullface": "down"},
				"down": {"uv": [7, 0, 14, 1], "texture": "#1", "cullface": "down"}
			}
		},
		{
			"from": [1, -0.5, 14],
			"to": [6, 0, 15],
			"rotation": {"angle": 0, "axis": "y", "origin": [8, 8, 8]},
			"faces": {
				"north": {"uv": [1, 1, 6, 2], "rotation": 180, "texture": "#1", "cullface": "down"},
				"east": {"uv": [5, 1, 6, 2], "rotation": 270, "texture": "#1", "cullface": "down"},
				"west": {"uv": [1, 1, 2, 2], "rotation": 90, "texture": "#1", "cullface": "down"},
				"down": {"uv": [1, 1, 6, 2], "texture": "#1", "cullface": "down"}
			}
		},
		{
			"from": [1, -0.5, 13],
			"to": [5, 0, 14],
			"rotation": {"angle": 0, "axis": "y", "origin": [8, 8, 8]},
			"faces": {
				"north": {"uv": [1, 2, 5, 3], "rotation": 180, "texture": "#1", "cullface": "down"},
				"east": {"uv": [4, 2, 5, 3], "rotation": 270, "texture": "#1", "cullface": "down"},
				"west": {"uv": [1, 2, 2, 3], "rotation": 90, "texture": "#1", "cullface": "down"},
				"down": {"uv": [1, 2, 5, 3], "texture": "#1", "cullface": "down"}
			}
		},
		{
			"from": [1, -0.5, 12],
			"to": [4, 0, 13],
			"rotation": {"angle": 0, "axis": "y", "origin": [8, 8, 8]},
			"faces": {
				"north": {"uv": [1, 3, 4, 4], "rotation": 180, "texture": "#1", "cullface": "down"},
				"east": {"uv": [3, 3, 4, 4], "rotation": 270, "texture": "#1", "cullface": "down"},
				"west": {"uv": [1, 3, 2, 4], "rotation": 90, "texture": "#1", "cullface": "down"},
				"down": {"uv": [1, 3, 4, 4], "texture": "#1", "cullface": "down"}
			}
		},
		{
			"from": [9, -0.5, 14],
			"to": [12, 0, 15],
			"rotation": {"angle": 0, "axis": "y", "origin": [8, 8, 8]},
			"faces": {
				"north": {"uv": [9, 1, 12, 2], "rotation": 180, "texture": "#1", "cullface": "down"},
				"east": {"uv": [11, 1, 12, 2], "rotation": 270, "texture": "#1", "cullface": "down"},
				"west": {"uv": [9, 1, 10, 2], "rotation": 90, "texture": "#1", "cullface": "down"},
				"down": {"uv": [9, 1, 12, 2], "texture": "#1", "cullface": "down"}
			}
		},
		{
			"from": [14, -0.5, 14],
			"to": [16, 0, 15],
			"rotation": {"angle": 0, "axis": "y", "origin": [8, 8, 8]},
			"faces": {
				"east": {"uv": [15, 1, 16, 2], "rotation": 270, "texture": "#1", "cullface": "down"},
				"south": {"uv": [14, 1, 16, 2], "texture": "#1", "cullface": "down"},
				"west": {"uv": [14, 1, 15, 2], "rotation": 90, "texture": "#1", "cullface": "down"},
				"down": {"uv": [14, 1, 16, 2], "texture": "#1", "cullface": "down"}
			}
		},
		{
			"from": [12, -0.5, 13],
			"to": [16, 0, 14],
			"rotation": {"angle": 0, "axis": "y", "origin": [8, 8, 8]},
			"faces": {
				"east": {"uv": [15, 2, 16, 3], "rotation": 270, "texture": "#1", "cullface": "down"},
				"south": {"uv": [12, 2, 16, 3], "texture": "#1", "cullface": "down"},
				"west": {"uv": [12, 2, 13, 3], "rotation": 90, "texture": "#1", "cullface": "down"},
				"down": {"uv": [12, 2, 16, 3], "texture": "#1", "cullface": "down"}
			}
		},
		{
			"from": [11, -0.5, 12],
			"to": [16, 0, 13],
			"rotation": {"angle": 0, "axis": "y", "origin": [8, 8, 8]},
			"faces": {
				"north": {"uv": [11, 3, 16, 4], "rotation": 180, "texture": "#1", "cullface": "down"},
				"east": {"uv": [15, 3, 16, 4], "rotation": 270, "texture": "#1", "cullface": "down"},
				"south": {"uv": [11, 3, 16, 4], "texture": "#1", "cullface": "down"},
				"west": {"uv": [11, 4, 12, 5], "rotation": 90, "texture": "#1", "cullface": "down"},
				"down": {"uv": [11, 3, 16, 4], "texture": "#1", "cullface": "down"}
			}
		},
		{
			"from": [11, -0.5, 11],
			"to": [15, 0, 12],
			"rotation": {"angle": 0, "axis": "y", "origin": [8, 8, 8]},
			"faces": {
				"north": {"uv": [11, 4, 15, 5], "rotation": 180, "texture": "#1", "cullface": "down"},
				"east": {"uv": [14, 4, 15, 5], "rotation": 270, "texture": "#1", "cullface": "down"},
				"west": {"uv": [11, 4, 12, 5], "rotation": 90, "texture": "#1", "cullface": "down"},
				"down": {"uv": [11, 4, 15, 5], "texture": "#1", "cullface": "down"}
			}
		},
		{
			"from": [12, -0.5, 10],
			"to": [15, 0, 11],
			"rotation": {"angle": 0, "axis": "y", "origin": [8, 8, 8]},
			"faces": {
				"north": {"uv": [12, 5, 15, 6], "rotation": 180, "texture": "#1", "cullface": "down"},
				"east": {"uv": [14, 5, 15, 6], "rotation": 270, "texture": "#1", "cullface": "down"},
				"west": {"uv": [12, 5, 13, 6], "rotation": 90, "texture": "#1", "cullface": "down"},
				"down": {"uv": [12, 5, 15, 6], "texture": "#1", "cullface": "down"}
			}
		},
		{
			"from": [13, -0.5, 9],
			"to": [14, 0, 10],
			"rotation": {"angle": 0, "axis": "y", "origin": [8, 8, 8]},
			"faces": {
				"north": {"uv": [13, 6, 14, 7], "rotation": 180, "texture": "#1", "cullface": "down"},
				"east": {"uv": [13, 6, 14, 7], "rotation": 270, "texture": "#1", "cullface": "down"},
				"west": {"uv": [13, 6, 14, 7], "rotation": 90, "texture": "#1", "cullface": "down"},
				"down": {"uv": [13, 6, 14, 7], "texture": "#1", "cullface": "down"}
			}
		},
		{
			"from": [6, -0.5, 13],
			"to": [9, 0, 14],
			"rotation": {"angle": 0, "axis": "y", "origin": [8, 8, 8]},
			"faces": {
				"east": {"uv": [8, 2, 9, 3], "rotation": 270, "texture": "#1", "cullface": "down"},
				"south": {"uv": [6, 2, 9, 3], "texture": "#1", "cullface": "down"},
				"west": {"uv": [6, 2, 7, 3], "rotation": 90, "texture": "#1", "cullface": "down"},
				"down": {"uv": [6, 2, 9, 3], "texture": "#1", "cullface": "down"}
			}
		},
		{
			"from": [5, -0.5, 12],
			"to": [10, 0, 13],
			"rotation": {"angle": 0, "axis": "y", "origin": [8, 8, 8]},
			"faces": {
				"north": {"uv": [5, 3, 10, 4], "rotation": 180, "texture": "#1", "cullface": "down"},
				"east": {"uv": [9, 3, 10, 4], "rotation": 270, "texture": "#1", "cullface": "down"},
				"south": {"uv": [5, 3, 10, 4], "texture": "#1", "cullface": "down"},
				"west": {"uv": [5, 3, 6, 4], "rotation": 90, "texture": "#1", "cullface": "down"},
				"down": {"uv": [5, 3, 10, 4], "texture": "#1", "cullface": "down"}
			}
		},
		{
			"from": [5, -0.5, 11],
			"to": [9, 0, 12],
			"rotation": {"angle": 0, "axis": "y", "origin": [8, 8, 8]},
			"faces": {
				"north": {"uv": [5, 4, 9, 5], "rotation": 180, "texture": "#1", "cullface": "down"},
				"east": {"uv": [8, 4, 9, 5], "rotation": 270, "texture": "#1", "cullface": "down"},
				"west": {"uv": [5, 4, 6, 5], "rotation": 90, "texture": "#1", "cullface": "down"},
				"down": {"uv": [5, 4, 9, 5], "texture": "#1", "cullface": "down"}
			}
		},
		{
			"from": [6, -0.5, 10],
			"to": [8, 0, 11],
			"rotation": {"angle": 0, "axis": "y", "origin": [8, 8, 8]},
			"faces": {
				"north": {"uv": [6, 5, 8, 6], "rotation": 180, "texture": "#1", "cullface": "down"},
				"east": {"uv": [7, 5, 8, 6], "rotation": 270, "texture": "#1", "cullface": "down"},
				"west": {"uv": [6, 5, 7, 6], "rotation": 90, "texture": "#1", "cullface": "down"},
				"down": {"uv": [6, 5, 8, 6], "texture": "#1", "cullface": "down"}
			}
		},
		{
			"from": [3, -0.5, 10],
			"to": [5, 0, 11],
			"rotation": {"angle": 0, "axis": "y", "origin": [8, 8, 8]},
			"faces": {
				"east": {"uv": [4, 5, 5, 6], "rotation": 270, "texture": "#1", "cullface": "down"},
				"south": {"uv": [3, 5, 5, 6], "texture": "#1", "cullface": "down"},
				"west": {"uv": [3, 5, 4, 6], "rotation": 90, "texture": "#1", "cullface": "down"},
				"down": {"uv": [3, 5, 5, 6], "texture": "#1", "cullface": "down"}
			}
		},
		{
			"from": [2, -0.5, 9],
			"to": [7, 0, 10],
			"rotation": {"angle": 0, "axis": "y", "origin": [8, 8, 8]},
			"faces": {
				"east": {"uv": [6, 6, 7, 7], "rotation": 270, "texture": "#1", "cullface": "down"},
				"south": {"uv": [2, 6, 7, 7], "texture": "#1", "cullface": "down"},
				"west": {"uv": [2, 6, 3, 7], "rotation": 90, "texture": "#1", "cullface": "down"},
				"down": {"uv": [2, 6, 7, 7], "texture": "#1", "cullface": "down"}
			}
		},
		{
			"from": [1, -0.5, 8],
			"to": [7, 0, 9],
			"rotation": {"angle": 0, "axis": "y", "origin": [8, 8, 8]},
			"faces": {
				"north": {"uv": [1, 7, 7, 8], "rotation": 180, "texture": "#1", "cullface": "down"},
				"east": {"uv": [6, 7, 7, 8], "rotation": 270, "texture": "#1", "cullface": "down"},
				"south": {"uv": [1, 7, 7, 8], "texture": "#1", "cullface": "down"},
				"west": {"uv": [1, 7, 2, 8], "rotation": 90, "texture": "#1", "cullface": "down"},
				"down": {"uv": [1, 7, 7, 8], "texture": "#1", "cullface": "down"}
			}
		},
		{
			"from": [2, -0.5, 7],
			"to": [5, 0, 8],
			"rotation": {"angle": 0, "axis": "y", "origin": [8, 8, 8]},
			"faces": {
				"north": {"uv": [2, 8, 5, 9], "rotation": 180, "texture": "#1", "cullface": "down"},
				"east": {"uv": [4, 8, 5, 9], "rotation": 270, "texture": "#1", "cullface": "down"},
				"west": {"uv": [2, 8, 3, 9], "rotation": 90, "texture": "#1", "cullface": "down"},
				"down": {"uv": [2, 8, 5, 9], "texture": "#1", "cullface": "down"}
			}
		},
		{
			"from": [8, -0.5, 8],
			"to": [12, 0, 9],
			"rotation": {"angle": 0, "axis": "y", "origin": [8, 8, 8]},
			"faces": {
				"east": {"uv": [11, 7, 12, 8], "rotation": 270, "texture": "#1", "cullface": "down"},
				"south": {"uv": [8, 7, 12, 8], "texture": "#1", "cullface": "down"},
				"west": {"uv": [8, 7, 9, 8], "rotation": 90, "texture": "#1", "cullface": "down"},
				"down": {"uv": [8, 7, 12, 8], "texture": "#1", "cullface": "down"}
			}
		},
		{
			"from": [7, -0.5, 6],
			"to": [12, 0, 8],
			"rotation": {"angle": 0, "axis": "y", "origin": [8, 8, 8]},
			"faces": {
				"north": {"uv": [7, 9, 12, 10], "rotation": 180, "texture": "#1", "cullface": "down"},
				"east": {"uv": [11, 8, 12, 10], "rotation": 270, "texture": "#1", "cullface": "down"},
				"south": {"uv": [7, 8, 12, 9], "texture": "#1", "cullface": "down"},
				"west": {"uv": [7, 8, 8, 10], "rotation": 90, "texture": "#1", "cullface": "down"},
				"down": {"uv": [7, 8, 12, 10], "texture": "#1", "cullface": "down"}
			}
		},
		{
			"from": [8, -0.5, 5],
			"to": [11, 0, 6],
			"rotation": {"angle": 0, "axis": "y", "origin": [8, 8, 8]},
			"faces": {
				"north": {"uv": [8, 10, 11, 11], "rotation": 180, "texture": "#1", "cullface": "down"},
				"east": {"uv": [10, 10, 11, 11], "rotation": 270, "texture": "#1", "cullface": "down"},
				"west": {"uv": [8, 10, 9, 11], "rotation": 90, "texture": "#1", "cullface": "down"},
				"down": {"uv": [8, 10, 11, 11], "texture": "#1", "cullface": "down"}
			}
		},
		{
			"from": [14, -0.5, 8],
			"to": [16, 0, 9],
			"rotation": {"angle": 0, "axis": "y", "origin": [8, 8, 8]},
			"faces": {
				"east": {"uv": [15, 7, 16, 8], "rotation": 270, "texture": "#1", "cullface": "down"},
				"south": {"uv": [14, 7, 16, 8], "texture": "#1", "cullface": "down"},
				"west": {"uv": [14, 7, 15, 8], "rotation": 90, "texture": "#1", "cullface": "down"},
				"down": {"uv": [14, 7, 16, 8], "texture": "#1", "cullface": "down"}
			}
		},
		{
			"from": [13, -0.5, 7],
			"to": [16, 0, 8],
			"rotation": {"angle": 0, "axis": "y", "origin": [8, 8, 8]},
			"faces": {
				"north": {"uv": [13, 8, 16, 9], "rotation": 180, "texture": "#1", "cullface": "down"},
				"east": {"uv": [15, 8, 16, 9], "rotation": 270, "texture": "#1", "cullface": "down"},
				"south": {"uv": [13, 8, 16, 9], "texture": "#1", "cullface": "down"},
				"west": {"uv": [13, 8, 14, 9], "rotation": 90, "texture": "#1", "cullface": "down"},
				"down": {"uv": [13, 8, 16, 9], "texture": "#1", "cullface": "down"}
			}
		},
		{
			"from": [14, -0.5, 6],
			"to": [16, 0, 7],
			"rotation": {"angle": 0, "axis": "y", "origin": [8, 8, 8]},
			"faces": {
				"north": {"uv": [14, 9, 16, 10], "rotation": 180, "texture": "#1", "cullface": "down"},
				"east": {"uv": [15, 9, 16, 10], "rotation": 270, "texture": "#1", "cullface": "down"},
				"west": {"uv": [14, 9, 15, 10], "rotation": 90, "texture": "#1", "cullface": "down"},
				"down": {"uv": [14, 9, 16, 10], "texture": "#1", "cullface": "down"}
			}
		},
		{
			"from": [15, -0.5, 4],
			"to": [16, 0, 6],
			"rotation": {"angle": 0, "axis": "y", "origin": [8, 8, 8]},
			"faces": {
				"north": {"uv": [15, 11, 16, 12], "rotation": 180, "texture": "#1", "cullface": "down"},
				"east": {"uv": [15, 10, 16, 12], "rotation": 270, "texture": "#1", "cullface": "down"},
				"west": {"uv": [15, 10, 16, 12], "rotation": 90, "texture": "#1", "cullface": "down"},
				"down": {"uv": [15, 10, 16, 12], "texture": "#1", "cullface": "down"}
			}
		},
		{
			"from": [12, -0.5, 4],
			"to": [14, 0, 5],
			"rotation": {"angle": 0, "axis": "y", "origin": [8, 8, 8]},
			"faces": {
				"east": {"uv": [13, 11, 14, 12], "rotation": 270, "texture": "#1", "cullface": "down"},
				"south": {"uv": [12, 11, 14, 12], "texture": "#1", "cullface": "down"},
				"west": {"uv": [12, 11, 13, 12], "rotation": 90, "texture": "#1", "cullface": "down"},
				"down": {"uv": [12, 11, 14, 12], "texture": "#1", "cullface": "down"}
			}
		},
		{
			"from": [11, -0.5, 2],
			"to": [15, 0, 4],
			"rotation": {"angle": 0, "axis": "y", "origin": [8, 8, 8]},
			"faces": {
				"north": {"uv": [11, 13, 15, 14], "rotation": 180, "texture": "#1", "cullface": "down"},
				"east": {"uv": [14, 12, 15, 14], "rotation": 270, "texture": "#1", "cullface": "down"},
				"south": {"uv": [11, 12, 15, 13], "texture": "#1", "cullface": "down"},
				"west": {"uv": [11, 12, 12, 14], "rotation": 90, "texture": "#1", "cullface": "down"},
				"down": {"uv": [11, 12, 15, 14], "texture": "#1", "cullface": "down"}
			}
		},
		{
			"from": [12, -0.5, 1],
			"to": [15, 0, 2],
			"rotation": {"angle": 0, "axis": "y", "origin": [8, 8, 8]},
			"faces": {
				"north": {"uv": [12, 14, 15, 15], "rotation": 180, "texture": "#1", "cullface": "down"},
				"east": {"uv": [14, 14, 15, 15], "rotation": 270, "texture": "#1", "cullface": "down"},
				"west": {"uv": [12, 14, 13, 15], "rotation": 90, "texture": "#1", "cullface": "down"},
				"down": {"uv": [12, 14, 15, 15], "texture": "#1", "cullface": "down"}
			}
		},
		{
			"from": [13, -0.5, 0],
			"to": [15, 0, 1],
			"rotation": {"angle": 0, "axis": "y", "origin": [8, 8, 8]},
			"faces": {
				"north": {"uv": [13, 15, 15, 16], "rotation": 180, "texture": "#1", "cullface": "down"},
				"east": {"uv": [14, 15, 15, 16], "rotation": 270, "texture": "#1", "cullface": "down"},
				"west": {"uv": [13, 15, 14, 16], "rotation": 90, "texture": "#1", "cullface": "down"},
				"down": {"uv": [13, 15, 15, 16], "texture": "#1", "cullface": "down"}
			}
		},
		{
			"from": [0, -0.5, 3],
			"to": [1, 0, 6],
			"rotation": {"angle": 0, "axis": "y", "origin": [8, 8, 8]},
			"faces": {
				"north": {"uv": [0, 12, 1, 13], "rotation": 180, "texture": "#1", "cullface": "down"},
				"east": {"uv": [0, 10, 1, 13], "rotation": 270, "texture": "#1", "cullface": "down"},
				"south": {"uv": [0, 10, 1, 11], "texture": "#1", "cullface": "down"},
				"west": {"uv": [0, 10, 1, 13], "rotation": 90, "texture": "#1", "cullface": "down"},
				"down": {"uv": [0, 10, 1, 13], "texture": "#1", "cullface": "down"}
			}
		},
		{
			"from": [1, -0.5, 4],
			"to": [2, 0, 5],
			"rotation": {"angle": 0, "axis": "y", "origin": [8, 8, 8]},
			"faces": {
				"north": {"uv": [1, 11, 2, 12], "rotation": 180, "texture": "#1", "cullface": "down"},
				"east": {"uv": [1, 11, 2, 12], "rotation": 270, "texture": "#1", "cullface": "down"},
				"south": {"uv": [1, 11, 2, 12], "texture": "#1", "cullface": "down"},
				"down": {"uv": [1, 11, 2, 12], "texture": "#1", "cullface": "down"}
			}
		},
		{
			"from": [4, -0.5, 5],
			"to": [7, 0, 6],
			"rotation": {"angle": 0, "axis": "y", "origin": [8, 8, 8]},
			"faces": {
				"east": {"uv": [6, 10, 7, 11], "rotation": 270, "texture": "#1", "cullface": "down"},
				"south": {"uv": [4, 10, 7, 11], "texture": "#1", "cullface": "down"},
				"west": {"uv": [4, 10, 5, 11], "rotation": 90, "texture": "#1", "cullface": "down"},
				"down": {"uv": [4, 10, 7, 11], "texture": "#1", "cullface": "down"}
			}
		},
		{
			"from": [3, -0.5, 4],
			"to": [8, 0, 5],
			"rotation": {"angle": 0, "axis": "y", "origin": [8, 8, 8]},
			"faces": {
				"north": {"uv": [3, 11, 8, 12], "rotation": 180, "texture": "#1", "cullface": "down"},
				"east": {"uv": [7, 11, 8, 12], "rotation": 270, "texture": "#1", "cullface": "down"},
				"south": {"uv": [3, 11, 8, 12], "texture": "#1", "cullface": "down"},
				"west": {"uv": [3, 11, 4, 12], "rotation": 90, "texture": "#1", "cullface": "down"},
				"down": {"uv": [3, 11, 8, 12], "texture": "#1", "cullface": "down"}
			}
		},
		{
			"from": [6, -0.5, 3],
			"to": [8, 0, 4],
			"rotation": {"angle": 0, "axis": "y", "origin": [8, 8, 8]},
			"faces": {
				"north": {"uv": [6, 12, 8, 13], "rotation": 180, "texture": "#1", "cullface": "down"},
				"east": {"uv": [7, 12, 8, 13], "rotation": 270, "texture": "#1", "cullface": "down"},
				"west": {"uv": [6, 12, 7, 13], "rotation": 90, "texture": "#1", "cullface": "down"},
				"down": {"uv": [6, 12, 8, 13], "texture": "#1", "cullface": "down"}
			}
		},
		{
			"from": [2, -0.5, 3],
			"to": [5, 0, 4],
			"rotation": {"angle": 0, "axis": "y", "origin": [8, 8, 8]},
			"faces": {
				"east": {"uv": [4, 12, 5, 13], "rotation": 270, "texture": "#1", "cullface": "down"},
				"south": {"uv": [2, 12, 5, 13], "texture": "#1", "cullface": "down"},
				"west": {"uv": [2, 12, 3, 13], "rotation": 90, "texture": "#1", "cullface": "down"},
				"down": {"uv": [2, 12, 5, 13], "texture": "#1", "cullface": "down"}
			}
		},
		{
			"from": [1, -0.5, 2],
			"to": [5, 0, 3],
			"rotation": {"angle": 0, "axis": "y", "origin": [8, 8, 8]},
			"faces": {
				"north": {"uv": [1, 13, 5, 14], "rotation": 180, "texture": "#1", "cullface": "down"},
				"east": {"uv": [4, 13, 5, 14], "rotation": 270, "texture": "#1", "cullface": "down"},
				"south": {"uv": [1, 13, 5, 14], "texture": "#1", "cullface": "down"},
				"west": {"uv": [1, 13, 2, 14], "rotation": 90, "texture": "#1", "cullface": "down"},
				"down": {"uv": [1, 13, 5, 14], "texture": "#1", "cullface": "down"}
			}
		},
		{
			"from": [1, -0.5, 1],
			"to": [4, 0, 2],
			"rotation": {"angle": 0, "axis": "y", "origin": [8, 8, 8]},
			"faces": {
				"north": {"uv": [1, 14, 4, 15], "rotation": 180, "texture": "#1", "cullface": "down"},
				"east": {"uv": [3, 14, 4, 15], "rotation": 270, "texture": "#1", "cullface": "down"},
				"west": {"uv": [1, 14, 2, 15], "rotation": 90, "texture": "#1", "cullface": "down"},
				"down": {"uv": [1, 14, 4, 15], "texture": "#1", "cullface": "down"}
			}
		},
		{
			"from": [0, -0.5, 0],
			"to": [2, 0, 1],
			"rotation": {"angle": 0, "axis": "y", "origin": [8, 8, 8]},
			"faces": {
				"north": {"uv": [0, 15, 2, 16], "rotation": 180, "texture": "#1", "cullface": "down"},
				"east": {"uv": [1, 15, 2, 16], "rotation": 270, "texture": "#1", "cullface": "down"},
				"south": {"uv": [0, 15, 2, 16], "texture": "#1", "cullface": "down"},
				"west": {"uv": [0, 15, 1, 16], "rotation": 90, "texture": "#1", "cullface": "down"},
				"down": {"uv": [0, 15, 2, 16], "texture": "#1", "cullface": "down"}
			}
		},
		{
			"from": [5, -0.5, 0],
			"to": [11, 0, 2],
			"rotation": {"angle": 0, "axis": "y", "origin": [8, 8, 8]},
			"faces": {
				"north": {"uv": [5, 15, 11, 16], "rotation": 180, "texture": "#1", "cullface": "down"},
				"east": {"uv": [10, 14, 11, 16], "rotation": 270, "texture": "#1", "cullface": "down"},
				"south": {"uv": [5, 14, 11, 15], "texture": "#1", "cullface": "down"},
				"west": {"uv": [5, 14, 6, 16], "rotation": 90, "texture": "#1", "cullface": "down"},
				"down": {"uv": [5, 14, 11, 16], "texture": "#1", "cullface": "down"}
			}
		},
		{
			"from": [4, -0.5, 0],
			"to": [5, 0, 1],
			"rotation": {"angle": 0, "axis": "y", "origin": [8, 8, 8]},
			"faces": {
				"north": {"uv": [4, 15, 5, 16], "rotation": 180, "texture": "#1", "cullface": "down"},
				"south": {"uv": [4, 15, 5, 16], "texture": "#1", "cullface": "down"},
				"west": {"uv": [4, 15, 5, 16], "rotation": 90, "texture": "#1", "cullface": "down"},
				"down": {"uv": [4, 15, 5, 16], "texture": "#1", "cullface": "down"}
			}
		},
		{
			"from": [0, 0, 0],
			"to": [16, 8, 16],
			"rotation": {"angle": 0, "axis": "y", "origin": [8, 8, 8]},
			"faces": {
				"north": {"uv": [0, 8, 16, 16], "texture": "#side", "cullface": "north"},
				"east": {"uv": [0, 8, 16, 16], "texture": "#side", "cullface": "east"},
				"south": {"uv": [0, 8, 16, 16], "texture": "#side", "cullface": "south"},
				"west": {"uv": [0, 8, 16, 16], "texture": "#side", "cullface": "west"},
				"up": {"uv": [0, 0, 16, 16], "texture": "#1"},
				"down": {"uv": [0, 0, 16, 16], "texture": "#1", "cullface": "down"}
			}
		},
		{
			"from": [8, 8, 8],
			"to": [16, 16, 16],
			"rotation": {"angle": 0, "axis": "y", "origin": [8, 8, 8]},
			"faces": {
				"north": {"uv": [0, 0, 8, 8], "texture": "#side"},
				"east": {"uv": [0, 0, 8, 8], "texture": "#side", "cullface": "east"},
				"south": {"uv": [8, 0, 16, 8], "texture": "#side", "cullface": "south"},
				"west": {"uv": [8, 0, 16, 8], "texture": "#side"},
				"up": {"uv": [8, 8, 16, 16], "texture": "#1", "cullface": "up"}
			}
		},
		{
			"from": [10, 15, 16],
			"to": [13, 16, 16.5],
			"rotation": {"angle": 0, "axis": "y", "origin": [0, 0, 16]},
			"faces": {
				"north": {"uv": [0, 0, 3, 3], "texture": "#side"},
				"east": {"uv": [12.5, 0, 13, 1], "texture": "#side"},
				"south": {"uv": [10, 0, 13, 1], "texture": "#side"},
				"west": {"uv": [10, 0, 10.5, 1], "texture": "#side"},
				"up": {"uv": [13, 0, 10, 0.5], "rotation": 180, "texture": "#side"},
				"down": {"uv": [13, 0.5, 10, 1], "rotation": 180, "texture": "#side"}
			}
		},
		{
			"from": [12, 13, 16],
			"to": [14, 15, 16.5],
			"rotation": {"angle": 0, "axis": "y", "origin": [0, 0, 16]},
			"faces": {
				"north": {"uv": [0, 0, 3, 3], "texture": "#side"},
				"east": {"uv": [13.5, 1, 14, 3], "texture": "#side"},
				"south": {"uv": [12, 1, 14, 3], "texture": "#side"},
				"west": {"uv": [12, 1, 12.5, 3], "texture": "#side"},
				"up": {"uv": [14, 1, 12, 1.5], "rotation": 180, "texture": "#side"},
				"down": {"uv": [14, 2.5, 12, 3], "rotation": 180, "texture": "#side"}
			}
		},
		{
			"from": [8, 11, 16],
			"to": [12, 15, 16.5],
			"rotation": {"angle": 0, "axis": "y", "origin": [0, 0, 16]},
			"faces": {
				"north": {"uv": [0, 0, 3, 3], "texture": "#side"},
				"east": {"uv": [11.5, 1, 12, 5], "texture": "#side"},
				"south": {"uv": [8, 1, 12, 5], "texture": "#side"},
				"west": {"uv": [8, 1, 8.5, 5], "texture": "#side"},
				"up": {"uv": [12, 1, 8, 1.5], "rotation": 180, "texture": "#side"},
				"down": {"uv": [12, 4.5, 8, 5], "rotation": 180, "texture": "#side"}
			}
		},
		{
			"from": [15, 15, 16],
			"to": [16, 16, 16.5],
			"rotation": {"angle": 0, "axis": "y", "origin": [0, 0, 16]},
			"faces": {
				"north": {"uv": [0, 0, 3, 3], "texture": "#side"},
				"east": {"uv": [15.5, 0, 16, 1], "texture": "#side"},
				"south": {"uv": [15, 0, 16, 1], "texture": "#side"},
				"west": {"uv": [15, 0, 15.5, 1], "texture": "#side"},
				"up": {"uv": [15, 0, 16, 0.5], "rotation": 180, "texture": "#side"},
				"down": {"uv": [16, 0.5, 15, 1], "rotation": 180, "texture": "#side"}
			}
		},
		{
			"from": [10, 10, 16],
			"to": [11, 11, 16.5],
			"rotation": {"angle": 0, "axis": "y", "origin": [0, 0, 16]},
			"faces": {
				"north": {"uv": [0, 0, 3, 3], "texture": "#side"},
				"east": {"uv": [10.5, 5, 11, 6], "texture": "#side"},
				"south": {"uv": [10, 5, 11, 6], "texture": "#side"},
				"west": {"uv": [10, 5, 10.5, 6], "texture": "#side"},
				"up": {"uv": [10, 5, 11, 5.5], "rotation": 180, "texture": "#side"},
				"down": {"uv": [11, 5.5, 10, 6], "rotation": 180, "texture": "#side"}
			}
		},
		{
			"from": [13, 9, 16],
			"to": [14, 10, 16.5],
			"rotation": {"angle": 0, "axis": "y", "origin": [0, 0, 16]},
			"faces": {
				"north": {"uv": [0, 0, 3, 3], "texture": "#side"},
				"east": {"uv": [13.5, 6, 14, 7], "texture": "#side"},
				"south": {"uv": [13, 6, 14, 7], "texture": "#side"},
				"west": {"uv": [13, 6, 13.5, 7], "texture": "#side"},
				"up": {"uv": [13, 6, 14, 6.5], "rotation": 180, "texture": "#side"},
				"down": {"uv": [14, 6.5, 13, 7], "rotation": 180, "texture": "#side"}
			}
		},
		{
			"from": [11, 8, 16],
			"to": [13, 9, 16.5],
			"rotation": {"angle": 0, "axis": "y", "origin": [0, 0, 16]},
			"faces": {
				"north": {"uv": [0, 0, 3, 3], "texture": "#side"},
				"east": {"uv": [9.5, 7, 10, 8], "texture": "#side"},
				"south": {"uv": [8, 7, 10, 8], "texture": "#side"},
				"west": {"uv": [8, 7, 8.5, 8], "texture": "#side"},
				"up": {"uv": [10, 7, 8, 7.5], "rotation": 180, "texture": "#side"},
				"down": {"uv": [10, 7.5, 8, 8], "rotation": 180, "texture": "#side"}
			}
		},
		{
			"from": [8, 8, 16],
			"to": [9, 9, 16.5],
			"rotation": {"angle": 0, "axis": "y", "origin": [0, 0, 16]},
			"faces": {
				"north": {"uv": [0, 0, 3, 3], "texture": "#side"},
				"east": {"uv": [8.5, 7, 9, 8], "texture": "#side"},
				"south": {"uv": [8, 7, 9, 8], "texture": "#side"},
				"west": {"uv": [8, 7, 8.5, 8], "texture": "#side"},
				"up": {"uv": [8, 7, 9, 7.5], "rotation": 180, "texture": "#side"},
				"down": {"uv": [9, 7.5, 8, 8], "rotation": 180, "texture": "#side"}
			}
		},
		{
			"from": [6, 7, 16],
			"to": [9, 8, 16.5],
			"rotation": {"angle": 0, "axis": "y", "origin": [0, 0, 16]},
			"faces": {
				"north": {"uv": [0, 0, 3, 3], "texture": "#side"},
				"east": {"uv": [8.5, 8, 9, 9], "texture": "#side"},
				"south": {"uv": [6, 8, 9, 9], "texture": "#side"},
				"west": {"uv": [6, 8, 6.5, 9], "texture": "#side"},
				"up": {"uv": [9, 8, 6, 8.5], "rotation": 180, "texture": "#side"},
				"down": {"uv": [9, 8.5, 6, 9], "rotation": 180, "texture": "#side"}
			}
		},
		{
			"from": [-0.5, 0, 15],
			"to": [0, 3, 16],
			"rotation": {"angle": 0, "axis": "y", "origin": [0, 0, 16]},
			"faces": {
				"north": {"uv": [15, 13, 15.5, 16], "texture": "#side"},
				"east": {"uv": [0, 0, 1, 3], "texture": "#side"},
				"south": {"uv": [15.5, 13, 16, 16], "texture": "#side"},
				"west": {"uv": [15, 13, 16, 16], "texture": "#side"},
				"up": {"uv": [15, 13, 16, 13.5], "rotation": 270, "texture": "#side"},
				"down": {"uv": [15, 15.5, 16, 16], "rotation": 90, "texture": "#side"}
			}
		},
		{
			"from": [-0.5, 6, 12],
			"to": [0, 7, 15],
			"rotation": {"angle": 0, "axis": "y", "origin": [0, 0, 16]},
			"faces": {
				"north": {"uv": [12, 9, 12.5, 10], "texture": "#side"},
				"east": {"uv": [0, 0, 3, 3], "texture": "#side"},
				"south": {"uv": [14.5, 9, 15, 10], "texture": "#side"},
				"west": {"uv": [12, 9, 15, 10], "texture": "#side"},
				"up": {"uv": [15, 9, 12, 9.5], "rotation": 270, "texture": "#side"},
				"down": {"uv": [15, 9.5, 12, 10], "rotation": 90, "texture": "#side"}
			}
		},
		{
			"from": [-0.5, 4, 13],
			"to": [0, 6, 15],
			"rotation": {"angle": 0, "axis": "y", "origin": [0, 0, 16]},
			"faces": {
				"north": {"uv": [13, 10, 13.5, 12], "texture": "#side"},
				"east": {"uv": [0, 0, 3, 3], "texture": "#side"},
				"south": {"uv": [14.5, 10, 15, 12], "texture": "#side"},
				"west": {"uv": [13, 10, 15, 12], "texture": "#side"},
				"up": {"uv": [15, 10, 13, 10.5], "rotation": 270, "texture": "#side"},
				"down": {"uv": [15, 11.5, 13, 12], "rotation": 90, "texture": "#side"}
			}
		},
		{
			"from": [-0.5, 2, 11],
			"to": [0, 3, 12],
			"rotation": {"angle": 0, "axis": "y", "origin": [0, 0, 16]},
			"faces": {
				"north": {"uv": [11, 13, 11.5, 14], "texture": "#side"},
				"east": {"uv": [0, 0, 3, 3], "texture": "#side"},
				"south": {"uv": [11.5, 13, 12, 14], "texture": "#side"},
				"west": {"uv": [11, 13, 12, 14], "texture": "#side"},
				"up": {"uv": [11, 13, 12, 13.5], "rotation": 270, "texture": "#side"},
				"down": {"uv": [12, 13.5, 11, 14], "rotation": 90, "texture": "#side"}
			}
		},
		{
			"from": [-0.5, 4, 9],
			"to": [0, 6, 10],
			"rotation": {"angle": 0, "axis": "y", "origin": [0, 0, 16]},
			"faces": {
				"north": {"uv": [9, 10, 9.5, 12], "texture": "#side"},
				"east": {"uv": [0, 0, 3, 3], "texture": "#side"},
				"south": {"uv": [9.5, 10, 10, 12], "texture": "#side"},
				"west": {"uv": [9, 10, 10, 12], "texture": "#side"},
				"up": {"uv": [9, 10, 10, 10.5], "rotation": 270, "texture": "#side"},
				"down": {"uv": [10, 11.5, 9, 12], "rotation": 90, "texture": "#side"}
			}
		},
		{
			"from": [-0.5, 3, 10],
			"to": [0, 6, 13],
			"rotation": {"angle": 0, "axis": "y", "origin": [0, 0, 16]},
			"faces": {
				"north": {"uv": [10, 10, 10.5, 13], "texture": "#side"},
				"east": {"uv": [0, 0, 3, 3], "texture": "#side"},
				"south": {"uv": [12.5, 10, 13, 13], "texture": "#side"},
				"west": {"uv": [10, 10, 13, 13], "texture": "#side"},
				"up": {"uv": [10, 10, 13, 10.5], "rotation": 270, "texture": "#side"},
				"down": {"uv": [13, 12.5, 10, 13], "rotation": 90, "texture": "#side"}
			}
		},
		{
			"from": [-0.5, 3, 5],
			"to": [0, 4, 6],
			"rotation": {"angle": 0, "axis": "y", "origin": [0, 0, 16]},
			"faces": {
				"north": {"uv": [5, 12, 5.5, 13], "texture": "#side"},
				"east": {"uv": [0, 0, 3, 3], "texture": "#side"},
				"south": {"uv": [5.5, 12, 6, 13], "texture": "#side"},
				"west": {"uv": [5, 12, 6, 13], "texture": "#side"},
				"up": {"uv": [6, 12, 5, 12.5], "rotation": 270, "texture": "#side"},
				"down": {"uv": [6, 12.5, 5, 13], "rotation": 90, "texture": "#side"}
			}
		},
		{
			"from": [-0.5, 0, 2],
			"to": [0, 1, 3],
			"rotation": {"angle": 0, "axis": "y", "origin": [0, 0, 16]},
			"faces": {
				"north": {"uv": [2, 15, 2.5, 16], "texture": "#side"},
				"east": {"uv": [0, 0, 3, 3], "texture": "#side"},
				"south": {"uv": [2.5, 15, 3, 16], "texture": "#side"},
				"west": {"uv": [2, 15, 3, 16], "texture": "#side"},
				"up": {"uv": [3, 15, 2, 15.5], "rotation": 270, "texture": "#side"},
				"down": {"uv": [3, 15.5, 2, 16], "rotation": 90, "texture": "#side"}
			}
		},
		{
			"from": [-0.5, 1, 0],
			"to": [0, 4, 1],
			"rotation": {"angle": 0, "axis": "y", "origin": [0, 0, 16]},
			"faces": {
				"north": {"uv": [0, 12, 0.5, 15], "texture": "#side"},
				"east": {"uv": [0, 0, 3, 3], "texture": "#side"},
				"south": {"uv": [0.5, 12, 1, 15], "texture": "#side"},
				"west": {"uv": [0, 12, 1, 15], "texture": "#side"},
				"up": {"uv": [1, 12, 0, 12.5], "rotation": 270, "texture": "#side"},
				"down": {"uv": [1, 12.5, 0, 13], "rotation": 90, "texture": "#side"}
			}
		},
		{
			"from": [-0.5, 1, 1],
			"to": [0, 6, 5],
			"rotation": {"angle": 0, "axis": "y", "origin": [0, 0, 16]},
			"faces": {
				"north": {"uv": [1, 10, 1.5, 15], "texture": "#side"},
				"east": {"uv": [0, 0, 4, 5], "texture": "#side"},
				"south": {"uv": [4.5, 10, 5, 15], "texture": "#side"},
				"west": {"uv": [1, 10, 5, 15], "texture": "#side"},
				"up": {"uv": [5, 10, 1, 10.5], "rotation": 270, "texture": "#side"},
				"down": {"uv": [5, 14, 1, 14.5], "rotation": 90, "texture": "#side"}
			}
		},
		{
			"from": [-0.5, 7, 0],
			"to": [0, 8, 3],
			"rotation": {"angle": 0, "axis": "y", "origin": [0, 0, 16]},
			"faces": {
				"north": {"uv": [0, 8, 0.5, 9], "texture": "#side"},
				"east": {"uv": [0, 0, 3, 3], "texture": "#side"},
				"south": {"uv": [2.5, 8, 3, 9], "texture": "#side"},
				"west": {"uv": [0, 8, 3, 9], "texture": "#side"},
				"up": {"uv": [3, 8, 0, 8.5], "rotation": 270, "texture": "#side"},
				"down": {"uv": [3, 8.5, 0, 9], "rotation": 90, "texture": "#side"}
			}
		},
		{
			"from": [-0.5, 7, 6],
			"to": [0, 8, 9],
			"rotation": {"angle": 0, "axis": "y", "origin": [0, 0, 16]},
			"faces": {
				"north": {"uv": [6, 8, 6.5, 9], "texture": "#side"},
				"east": {"uv": [0, 0, 3, 3], "texture": "#side"},
				"south": {"uv": [8.5, 8, 9, 9], "texture": "#side"},
				"west": {"uv": [6, 8, 9, 9], "texture": "#side"},
				"up": {"uv": [9, 8, 6, 8.5], "rotation": 270, "texture": "#side"},
				"down": {"uv": [9, 8.5, 6, 9], "rotation": 90, "texture": "#side"}
			}
		},
		{
			"from": [0, 0, -0.5],
			"to": [1, 3, 0],
			"faces": {
				"north": {"uv": [15, 13, 16, 16], "texture": "#side"},
				"east": {"uv": [15, 13, 15.5, 16], "texture": "#side"},
				"south": {"uv": [0, 0, 1, 3], "texture": "#side"},
				"west": {"uv": [15.5, 13, 16, 16], "texture": "#side"},
				"up": {"uv": [15, 13, 16, 13.5], "texture": "#side"},
				"down": {"uv": [15, 15.5, 16, 16], "texture": "#side"}
			}
		},
		{
			"from": [1, 6, -0.5],
			"to": [4, 7, 0],
			"faces": {
				"north": {"uv": [12, 9, 15, 10], "texture": "#side"},
				"east": {"uv": [12, 9, 12.5, 10], "texture": "#side"},
				"south": {"uv": [0, 0, 3, 3], "texture": "#side"},
				"west": {"uv": [14.5, 9, 15, 10], "texture": "#side"},
				"up": {"uv": [15, 9, 12, 9.5], "texture": "#side"},
				"down": {"uv": [15, 9.5, 12, 10], "texture": "#side"}
			}
		},
		{
			"from": [1, 4, -0.5],
			"to": [3, 6, 0],
			"faces": {
				"north": {"uv": [13, 10, 15, 12], "texture": "#side"},
				"east": {"uv": [13, 10, 13.5, 12], "texture": "#side"},
				"south": {"uv": [0, 0, 3, 3], "texture": "#side"},
				"west": {"uv": [14.5, 10, 15, 12], "texture": "#side"},
				"up": {"uv": [15, 10, 13, 10.5], "texture": "#side"},
				"down": {"uv": [15, 11.5, 13, 12], "texture": "#side"}
			}
		},
		{
			"from": [4, 2, -0.5],
			"to": [5, 3, 0],
			"faces": {
				"north": {"uv": [11, 13, 12, 14], "texture": "#side"},
				"east": {"uv": [11, 13, 11.5, 14], "texture": "#side"},
				"south": {"uv": [0, 0, 3, 3], "texture": "#side"},
				"west": {"uv": [11.5, 13, 12, 14], "texture": "#side"},
				"up": {"uv": [11, 13, 12, 13.5], "texture": "#side"},
				"down": {"uv": [12, 13.5, 11, 14], "texture": "#side"}
			}
		},
		{
			"from": [6, 4, -0.5],
			"to": [7, 6, 0],
			"faces": {
				"north": {"uv": [9, 10, 10, 12], "texture": "#side"},
				"east": {"uv": [9, 10, 9.5, 12], "texture": "#side"},
				"south": {"uv": [0, 0, 3, 3], "texture": "#side"},
				"west": {"uv": [9.5, 10, 10, 12], "texture": "#side"},
				"up": {"uv": [9, 10, 10, 10.5], "texture": "#side"},
				"down": {"uv": [10, 11.5, 9, 12], "texture": "#side"}
			}
		},
		{
			"from": [3, 3, -0.5],
			"to": [6, 6, 0],
			"faces": {
				"north": {"uv": [10, 10, 13, 13], "texture": "#side"},
				"east": {"uv": [10, 10, 10.5, 13], "texture": "#side"},
				"south": {"uv": [0, 0, 3, 3], "texture": "#side"},
				"west": {"uv": [12.5, 10, 13, 13], "texture": "#side"},
				"up": {"uv": [10, 10, 13, 10.5], "texture": "#side"},
				"down": {"uv": [13, 12.5, 10, 13], "texture": "#side"}
			}
		},
		{
			"from": [10, 3, -0.5],
			"to": [11, 4, 0],
			"faces": {
				"north": {"uv": [5, 12, 6, 13], "texture": "#side"},
				"east": {"uv": [5, 12, 5.5, 13], "texture": "#side"},
				"south": {"uv": [0, 0, 3, 3], "texture": "#side"},
				"west": {"uv": [5.5, 12, 6, 13], "texture": "#side"},
				"up": {"uv": [6, 12, 5, 12.5], "texture": "#side"},
				"down": {"uv": [6, 12.5, 5, 13], "texture": "#side"}
			}
		},
		{
			"from": [13, 0, -0.5],
			"to": [14, 1, 0],
			"faces": {
				"north": {"uv": [2, 15, 3, 16], "texture": "#side"},
				"east": {"uv": [2, 15, 2.5, 16], "texture": "#side"},
				"south": {"uv": [0, 0, 3, 3], "texture": "#side"},
				"west": {"uv": [2.5, 15, 3, 16], "texture": "#side"},
				"up": {"uv": [3, 15, 2, 15.5], "texture": "#side"},
				"down": {"uv": [3, 15.5, 2, 16], "texture": "#side"}
			}
		},
		{
			"from": [15, 1, -0.5],
			"to": [16, 4, 0],
			"faces": {
				"north": {"uv": [0, 12, 1, 15], "texture": "#side"},
				"east": {"uv": [0, 12, 0.5, 15], "texture": "#side"},
				"south": {"uv": [0, 0, 3, 3], "texture": "#side"},
				"west": {"uv": [0.5, 12, 1, 15], "texture": "#side"},
				"up": {"uv": [1, 12, 0, 12.5], "texture": "#side"},
				"down": {"uv": [1, 12.5, 0, 13], "texture": "#side"}
			}
		},
		{
			"from": [11, 1, -0.5],
			"to": [15, 6, 0],
			"faces": {
				"north": {"uv": [1, 10, 5, 15], "texture": "#side"},
				"east": {"uv": [1, 10, 1.5, 15], "texture": "#side"},
				"south": {"uv": [0, 0, 4, 5], "texture": "#side"},
				"west": {"uv": [4.5, 10, 5, 15], "texture": "#side"},
				"up": {"uv": [5, 10, 1, 10.5], "texture": "#side"},
				"down": {"uv": [5, 14, 1, 14.5], "texture": "#side"}
			}
		},
		{
			"from": [13, 7, -0.5],
			"to": [16, 8, 0],
			"faces": {
				"north": {"uv": [0, 8, 3, 9], "texture": "#side"},
				"east": {"uv": [0, 8, 0.5, 9], "texture": "#side"},
				"south": {"uv": [0, 0, 3, 3], "texture": "#side"},
				"west": {"uv": [2.5, 8, 3, 9], "texture": "#side"},
				"up": {"uv": [3, 8, 0, 8.5], "texture": "#side"},
				"down": {"uv": [3, 8.5, 0, 9], "texture": "#side"}
			}
		},
		{
			"from": [7, 7, -0.5],
			"to": [10, 8, 0],
			"faces": {
				"north": {"uv": [6, 8, 9, 9], "texture": "#side"},
				"east": {"uv": [6, 8, 6.5, 9], "texture": "#side"},
				"south": {"uv": [0, 0, 3, 3], "texture": "#side"},
				"west": {"uv": [8.5, 8, 9, 9], "texture": "#side"},
				"up": {"uv": [9, 8, 6, 8.5], "texture": "#side"},
				"down": {"uv": [9, 8.5, 6, 9], "texture": "#side"}
			}
		},
		{
			"from": [16, 0, 13],
			"to": [16.5, 1, 14],
			"rotation": {"angle": 0, "axis": "y", "origin": [16, 0, 0]},
			"faces": {
				"north": {"uv": [2.5, 15, 3, 16], "texture": "#side"},
				"east": {"uv": [2, 15, 3, 16], "texture": "#side"},
				"south": {"uv": [2, 15, 2.5, 16], "texture": "#side"},
				"west": {"uv": [0, 0, 3, 3], "texture": "#side"},
				"up": {"uv": [3, 15, 2, 15.5], "rotation": 90, "texture": "#side"},
				"down": {"uv": [3, 15.5, 2, 16], "rotation": 270, "texture": "#side"}
			}
		},
		{
			"from": [16, 1, 15],
			"to": [16.5, 4, 16],
			"rotation": {"angle": 0, "axis": "y", "origin": [16, 0, 0]},
			"faces": {
				"north": {"uv": [0.5, 12, 1, 15], "texture": "#side"},
				"east": {"uv": [0, 12, 1, 15], "texture": "#side"},
				"south": {"uv": [0, 12, 0.5, 15], "texture": "#side"},
				"west": {"uv": [0, 0, 3, 3], "texture": "#side"},
				"up": {"uv": [1, 12, 0, 12.5], "rotation": 90, "texture": "#side"},
				"down": {"uv": [1, 12.5, 0, 13], "rotation": 270, "texture": "#side"}
			}
		},
		{
			"from": [16, 3, 10],
			"to": [16.5, 4, 11],
			"rotation": {"angle": 0, "axis": "y", "origin": [16, 0, 0]},
			"faces": {
				"north": {"uv": [5.5, 12, 6, 13], "texture": "#side"},
				"east": {"uv": [5, 12, 6, 13], "texture": "#side"},
				"south": {"uv": [5, 12, 5.5, 13], "texture": "#side"},
				"west": {"uv": [0, 0, 3, 3], "texture": "#side"},
				"up": {"uv": [6, 12, 5, 12.5], "rotation": 90, "texture": "#side"},
				"down": {"uv": [6, 12.5, 5, 13], "rotation": 270, "texture": "#side"}
			}
		},
		{
			"from": [16, 1, 11],
			"to": [16.5, 6, 15],
			"rotation": {"angle": 0, "axis": "y", "origin": [16, 0, 0]},
			"faces": {
				"north": {"uv": [4.5, 10, 5, 15], "texture": "#side"},
				"east": {"uv": [1, 10, 5, 15], "texture": "#side"},
				"south": {"uv": [1, 10, 1.5, 15], "texture": "#side"},
				"west": {"uv": [0, 0, 4, 5], "texture": "#side"},
				"up": {"uv": [5, 10, 1, 10.5], "rotation": 90, "texture": "#side"},
				"down": {"uv": [5, 14, 1, 14.5], "rotation": 270, "texture": "#side"}
			}
		},
		{
			"from": [16, 0, 0],
			"to": [16.5, 3, 1],
			"rotation": {"angle": 0, "axis": "y", "origin": [16, 0, 0]},
			"faces": {
				"north": {"uv": [15.5, 13, 16, 16], "texture": "#side"},
				"east": {"uv": [15, 13, 16, 16], "texture": "#side"},
				"south": {"uv": [15, 13, 15.5, 16], "texture": "#side"},
				"west": {"uv": [0, 0, 1, 3], "texture": "#side"},
				"up": {"uv": [15, 13, 16, 13.5], "rotation": 90, "texture": "#side"},
				"down": {"uv": [15, 15.5, 16, 16], "rotation": 270, "texture": "#side"}
			}
		},
		{
			"from": [16, 2, 4],
			"to": [16.5, 3, 5],
			"rotation": {"angle": 0, "axis": "y", "origin": [16, 0, 0]},
			"faces": {
				"north": {"uv": [11.5, 13, 12, 14], "texture": "#side"},
				"east": {"uv": [11, 13, 12, 14], "texture": "#side"},
				"south": {"uv": [11, 13, 11.5, 14], "texture": "#side"},
				"west": {"uv": [0, 0, 3, 3], "texture": "#side"},
				"up": {"uv": [11, 13, 12, 13.5], "rotation": 90, "texture": "#side"},
				"down": {"uv": [12, 13.5, 11, 14], "rotation": 270, "texture": "#side"}
			}
		},
		{
			"from": [16, 4, 6],
			"to": [16.5, 6, 7],
			"rotation": {"angle": 0, "axis": "y", "origin": [16, 0, 0]},
			"faces": {
				"north": {"uv": [9.5, 10, 10, 12], "texture": "#side"},
				"east": {"uv": [9, 10, 10, 12], "texture": "#side"},
				"south": {"uv": [9, 10, 9.5, 12], "texture": "#side"},
				"west": {"uv": [0, 0, 3, 3], "texture": "#side"},
				"up": {"uv": [9, 10, 10, 10.5], "rotation": 90, "texture": "#side"},
				"down": {"uv": [10, 11.5, 9, 12], "rotation": 270, "texture": "#side"}
			}
		},
		{
			"from": [16, 3, 3],
			"to": [16.5, 6, 6],
			"rotation": {"angle": 0, "axis": "y", "origin": [16, 0, 0]},
			"faces": {
				"north": {"uv": [12.5, 10, 13, 13], "texture": "#side"},
				"east": {"uv": [10, 10, 13, 13], "texture": "#side"},
				"south": {"uv": [10, 10, 10.5, 13], "texture": "#side"},
				"west": {"uv": [0, 0, 3, 3], "texture": "#side"},
				"up": {"uv": [10, 10, 13, 10.5], "rotation": 90, "texture": "#side"},
				"down": {"uv": [13, 12.5, 10, 13], "rotation": 270, "texture": "#side"}
			}
		},
		{
			"from": [16, 4, 1],
			"to": [16.5, 6, 3],
			"rotation": {"angle": 0, "axis": "y", "origin": [16, 0, 0]},
			"faces": {
				"north": {"uv": [14.5, 10, 15, 12], "texture": "#side"},
				"east": {"uv": [13, 10, 15, 12], "texture": "#side"},
				"south": {"uv": [13, 10, 13.5, 12], "texture": "#side"},
				"west": {"uv": [0, 0, 3, 3], "texture": "#side"},
				"up": {"uv": [15, 10, 13, 10.5], "rotation": 90, "texture": "#side"},
				"down": {"uv": [15, 11.5, 13, 12], "rotation": 270, "texture": "#side"}
			}
		},
		{
			"from": [16, 6, 1],
			"to": [16.5, 7, 4],
			"rotation": {"angle": 0, "axis": "y", "origin": [16, 0, 0]},
			"faces": {
				"north": {"uv": [14.5, 9, 15, 10], "texture": "#side"},
				"east": {"uv": [12, 9, 15, 10], "texture": "#side"},
				"south": {"uv": [12, 9, 12.5, 10], "texture": "#side"},
				"west": {"uv": [0, 0, 3, 3], "texture": "#side"},
				"up": {"uv": [15, 9, 12, 9.5], "rotation": 90, "texture": "#side"},
				"down": {"uv": [15, 9.5, 12, 10], "rotation": 270, "texture": "#side"}
			}
		},
		{
			"from": [16, 7, 7],
			"to": [16.5, 8, 10],
			"rotation": {"angle": 0, "axis": "y", "origin": [16, 0, 0]},
			"faces": {
				"north": {"uv": [8.5, 8, 9, 9], "texture": "#side"},
				"east": {"uv": [6, 8, 9, 9], "texture": "#side"},
				"south": {"uv": [6, 8, 6.5, 9], "texture": "#side"},
				"west": {"uv": [0, 0, 3, 3], "texture": "#side"},
				"up": {"uv": [9, 8, 6, 8.5], "rotation": 90, "texture": "#side"},
				"down": {"uv": [9, 8.5, 6, 9], "rotation": 270, "texture": "#side"}
			}
		},
		{
			"from": [16, 8, 8],
			"to": [16.5, 9, 9],
			"rotation": {"angle": 0, "axis": "y", "origin": [16, 0, 0]},
			"faces": {
				"north": {"uv": [7.5, 7, 8, 8], "texture": "#side"},
				"east": {"uv": [7, 7, 8, 8], "texture": "#side"},
				"south": {"uv": [7, 7, 7.5, 8], "texture": "#side"},
				"west": {"uv": [0, 0, 3, 3], "texture": "#side"},
				"up": {"uv": [7, 7, 8, 7.5], "rotation": 90, "texture": "#side"},
				"down": {"uv": [8, 7.5, 7, 8], "rotation": 270, "texture": "#side"}
			}
		},
		{
			"from": [16, 12, 8],
			"to": [16.5, 13, 9],
			"rotation": {"angle": 0, "axis": "y", "origin": [16, 0, 0]},
			"faces": {
				"north": {"uv": [7.5, 3, 8, 4], "texture": "#side"},
				"east": {"uv": [7, 3, 8, 4], "texture": "#side"},
				"south": {"uv": [7, 3, 7.5, 4], "texture": "#side"},
				"west": {"uv": [0, 0, 3, 3], "texture": "#side"},
				"up": {"uv": [7, 3, 8, 3.5], "rotation": 90, "texture": "#side"},
				"down": {"uv": [8, 3.5, 7, 4], "rotation": 270, "texture": "#side"}
			}
		},
		{
			"from": [16, 15, 9],
			"to": [16.5, 16, 10],
			"rotation": {"angle": 0, "axis": "y", "origin": [16, 0, 0]},
			"faces": {
				"north": {"uv": [6.5, 0, 7, 1], "texture": "#side"},
				"east": {"uv": [6, 0, 7, 1], "texture": "#side"},
				"south": {"uv": [6, 0, 6.5, 1], "texture": "#side"},
				"west": {"uv": [0, 0, 3, 3], "texture": "#side"},
				"up": {"uv": [6, 0, 7, 0.5], "rotation": 90, "texture": "#side"},
				"down": {"uv": [7, 0.5, 6, 1], "rotation": 270, "texture": "#side"}
			}
		},
		{
			"from": [16, 14, 10],
			"to": [16.5, 15, 12],
			"rotation": {"angle": 0, "axis": "y", "origin": [16, 0, 0]},
			"faces": {
				"north": {"uv": [5.5, 1, 6, 2], "texture": "#side"},
				"east": {"uv": [4, 1, 6, 2], "texture": "#side"},
				"south": {"uv": [4, 1, 4.5, 2], "texture": "#side"},
				"west": {"uv": [0, 0, 3, 3], "texture": "#side"},
				"up": {"uv": [4, 1, 6, 1.5], "rotation": 90, "texture": "#side"},
				"down": {"uv": [6, 1.5, 4, 2], "rotation": 270, "texture": "#side"}
			}
		},
		{
			"from": [16, 14, 13],
			"to": [16.5, 15, 14],
			"rotation": {"angle": 0, "axis": "y", "origin": [16, 0, 0]},
			"faces": {
				"north": {"uv": [2.5, 1, 3, 2], "texture": "#side"},
				"east": {"uv": [2, 1, 3, 2], "texture": "#side"},
				"south": {"uv": [2, 1, 2.5, 2], "texture": "#side"},
				"west": {"uv": [0, 0, 3, 3], "texture": "#side"},
				"up": {"uv": [2, 1, 3, 1.5], "rotation": 90, "texture": "#side"},
				"down": {"uv": [3, 1.5, 2, 2], "rotation": 270, "texture": "#side"}
			}
		},
		{
			"from": [16, 14, 14],
			"to": [16.5, 16, 16],
			"rotation": {"angle": 0, "axis": "y", "origin": [16, 0, 0]},
			"faces": {
				"north": {"uv": [1.5, 0, 2, 2], "texture": "#side"},
				"east": {"uv": [0, 0, 2, 2], "texture": "#side"},
				"south": {"uv": [0, 0, 0.5, 2], "texture": "#side"},
				"west": {"uv": [0, 0, 3, 3], "texture": "#side"},
				"up": {"uv": [2, 0, 0, 0.5], "rotation": 90, "texture": "#side"},
				"down": {"uv": [2, 1.5, 0, 2], "rotation": 270, "texture": "#side"}
			}
		},
		{
			"from": [16, 12, 13],
			"to": [16.5, 13, 14],
			"rotation": {"angle": 0, "axis": "y", "origin": [16, 0, 0]},
			"faces": {
				"north": {"uv": [2.5, 3, 3, 4], "texture": "#side"},
				"east": {"uv": [2, 3, 3, 4], "texture": "#side"},
				"south": {"uv": [2, 3, 2.5, 4], "texture": "#side"},
				"west": {"uv": [0, 0, 3, 3], "texture": "#side"},
				"up": {"uv": [3, 3, 2, 3.5], "rotation": 90, "texture": "#side"},
				"down": {"uv": [3, 3.5, 2, 4], "rotation": 270, "texture": "#side"}
			}
		},
		{
			"from": [16, 9, 10],
			"to": [16.5, 13, 13],
			"rotation": {"angle": 0, "axis": "y", "origin": [16, 0, 0]},
			"faces": {
				"north": {"uv": [5.5, 3, 6, 7], "texture": "#side"},
				"east": {"uv": [3, 3, 6, 7], "texture": "#side"},
				"south": {"uv": [3, 3, 3.5, 7], "texture": "#side"},
				"west": {"uv": [0, 0, 3, 3], "texture": "#side"},
				"up": {"uv": [6, 3, 3, 3.5], "rotation": 90, "texture": "#side"},
				"down": {"uv": [6, 6.5, 3, 7], "rotation": 270, "texture": "#side"}
			}
		},
		{
			"from": [16, 7, 13],
			"to": [16.5, 12, 16],
			"rotation": {"angle": 0, "axis": "y", "origin": [16, 0, 0]},
			"faces": {
				"north": {"uv": [2.5, 4, 3, 9], "texture": "#side"},
				"east": {"uv": [0, 4, 3, 9], "texture": "#side"},
				"south": {"uv": [0, 4, 0.5, 9], "texture": "#side"},
				"west": {"uv": [0, 0, 3, 3], "texture": "#side"},
				"up": {"uv": [3, 4, 0, 4.5], "rotation": 90, "texture": "#side"},
				"down": {"uv": [3, 8.5, 0, 9], "rotation": 270, "texture": "#side"}
			}
		},
		{
			"from": [8, 8.5, 7.5],
			"to": [9, 9, 8],
			"rotation": {"angle": 0, "axis": "y", "origin": [16, 0, 8]},
			"faces": {
				"north": {"uv": [7, 7, 8, 7.5], "texture": "#side"},
				"east": {"uv": [7, 7, 7.5, 7.5], "texture": "#side"},
				"west": {"uv": [7.5, 7, 8, 7.5], "texture": "#side"},
				"up": {"uv": [7, 7, 8, 7.5], "texture": "#side"},
				"down": {"uv": [8, 7.5, 7, 8], "texture": "#side"}
			}
		},
		{
			"from": [13, 14, 7.5],
			"to": [14, 15, 8],
			"rotation": {"angle": 0, "axis": "y", "origin": [16, 0, 8]},
			"faces": {
				"north": {"uv": [2, 1, 3, 2], "texture": "#side"},
				"east": {"uv": [2, 1, 2.5, 2], "texture": "#side"},
				"west": {"uv": [2.5, 1, 3, 2], "texture": "#side"},
				"up": {"uv": [2, 1, 3, 1.5], "texture": "#side"},
				"down": {"uv": [3, 1.5, 2, 2], "texture": "#side"}
			}
		},
		{
			"from": [14, 14, 7.5],
			"to": [16, 16, 8],
			"rotation": {"angle": 0, "axis": "y", "origin": [16, 0, 8]},
			"faces": {
				"north": {"uv": [0, 0, 2, 2], "texture": "#side"},
				"east": {"uv": [0, 0, 0.5, 2], "texture": "#side"},
				"west": {"uv": [1.5, 0, 2, 2], "texture": "#side"},
				"up": {"uv": [2, 0, 0, 0.5], "texture": "#side"},
				"down": {"uv": [2, 1.5, 0, 2], "texture": "#side"}
			}
		},
		{
			"from": [10, 14, 7.5],
			"to": [12, 15, 8],
			"rotation": {"angle": 0, "axis": "y", "origin": [16, 0, 8]},
			"faces": {
				"north": {"uv": [4, 1, 6, 2], "texture": "#side"},
				"east": {"uv": [4, 1, 4.5, 2], "texture": "#side"},
				"west": {"uv": [5.5, 1, 6, 2], "texture": "#side"},
				"up": {"uv": [4, 1, 6, 1.5], "texture": "#side"},
				"down": {"uv": [6, 1.5, 4, 2], "texture": "#side"}
			}
		},
		{
			"from": [9, 15, 7.5],
			"to": [10, 16, 8],
			"rotation": {"angle": 0, "axis": "y", "origin": [16, 0, 8]},
			"faces": {
				"north": {"uv": [6, 0, 7, 1], "texture": "#side"},
				"east": {"uv": [6, 0, 6.5, 1], "texture": "#side"},
				"west": {"uv": [6.5, 0, 7, 1], "texture": "#side"},
				"up": {"uv": [6, 0, 7, 0.5], "texture": "#side"},
				"down": {"uv": [7, 0.5, 6, 1], "texture": "#side"}
			}
		},
		{
			"from": [8, 12, 7.5],
			"to": [9, 13, 8],
			"rotation": {"angle": 0, "axis": "y", "origin": [16, 0, 8]},
			"faces": {
				"north": {"uv": [7, 3, 8, 4], "texture": "#side"},
				"east": {"uv": [7, 3, 7.5, 4], "texture": "#side"},
				"west": {"uv": [7.5, 3, 8, 4], "texture": "#side"},
				"up": {"uv": [7, 3, 8, 3.5], "texture": "#side"},
				"down": {"uv": [8, 3.5, 7, 4], "texture": "#side"}
			}
		},
		{
			"from": [13, 12, 7.5],
			"to": [14, 13, 8],
			"rotation": {"angle": 0, "axis": "y", "origin": [16, 0, 8]},
			"faces": {
				"north": {"uv": [2, 3, 3, 4], "texture": "#side"},
				"east": {"uv": [2, 3, 2.5, 4], "texture": "#side"},
				"west": {"uv": [2.5, 3, 3, 4], "texture": "#side"},
				"up": {"uv": [3, 3, 2, 3.5], "texture": "#side"},
				"down": {"uv": [3, 3.5, 2, 4], "texture": "#side"}
			}
		},
		{
			"from": [10, 9, 7.5],
			"to": [13, 13, 8],
			"rotation": {"angle": 0, "axis": "y", "origin": [16, 0, 8]},
			"faces": {
				"north": {"uv": [3, 3, 6, 7], "texture": "#side"},
				"east": {"uv": [3, 3, 3.5, 7], "texture": "#side"},
				"west": {"uv": [5.5, 3, 6, 7], "texture": "#side"},
				"up": {"uv": [6, 3, 3, 3.5], "texture": "#side"},
				"down": {"uv": [6, 6.5, 3, 7], "texture": "#side"}
			}
		},
		{
			"from": [13, 8, 7.5],
			"to": [16, 12, 8],
			"rotation": {"angle": 0, "axis": "y", "origin": [16, 0, 8]},
			"faces": {
				"north": {"uv": [0, 4, 3, 8], "texture": "#side"},
				"east": {"uv": [0, 4, 0.5, 8], "texture": "#side"},
				"west": {"uv": [2.5, 4, 3, 8], "texture": "#side"},
				"up": {"uv": [3, 4, 0, 4.5], "texture": "#side"}
			}
		},
		{
			"from": [0, 7, 16],
			"to": [3, 8, 16.5],
			"rotation": {"angle": 0, "axis": "y", "origin": [0, 0, 16]},
			"faces": {
				"north": {"uv": [0, 0, 3, 3], "texture": "#side"},
				"east": {"uv": [2.5, 8, 3, 9], "texture": "#side"},
				"south": {"uv": [0, 8, 3, 9], "texture": "#side"},
				"west": {"uv": [0, 8, 0.5, 9], "texture": "#side"},
				"up": {"uv": [3, 8, 0, 8.5], "rotation": 180, "texture": "#side"},
				"down": {"uv": [3, 8.5, 0, 9], "rotation": 180, "texture": "#side"}
			}
		},
		{
			"from": [1, 1, 16],
			"to": [5, 6, 16.5],
			"rotation": {"angle": 0, "axis": "y", "origin": [0, 0, 16]},
			"faces": {
				"north": {"uv": [0, 0, 4, 5], "texture": "#side"},
				"east": {"uv": [4.5, 10, 5, 15], "texture": "#side"},
				"south": {"uv": [1, 10, 5, 15], "texture": "#side"},
				"west": {"uv": [1, 10, 1.5, 15], "texture": "#side"},
				"up": {"uv": [5, 10, 1, 10.5], "rotation": 180, "texture": "#side"},
				"down": {"uv": [5, 14, 1, 14.5], "rotation": 180, "texture": "#side"}
			}
		},
		{
			"from": [0, 1, 16],
			"to": [1, 4, 16.5],
			"rotation": {"angle": 0, "axis": "y", "origin": [0, 0, 16]},
			"faces": {
				"north": {"uv": [0, 0, 3, 3], "texture": "#side"},
				"east": {"uv": [0.5, 12, 1, 15], "texture": "#side"},
				"south": {"uv": [0, 12, 1, 15], "texture": "#side"},
				"west": {"uv": [0, 12, 0.5, 15], "texture": "#side"},
				"up": {"uv": [1, 12, 0, 12.5], "rotation": 180, "texture": "#side"},
				"down": {"uv": [1, 12.5, 0, 13], "rotation": 180, "texture": "#side"}
			}
		},
		{
			"from": [2, 0, 16],
			"to": [3, 1, 16.5],
			"rotation": {"angle": 0, "axis": "y", "origin": [0, 0, 16]},
			"faces": {
				"north": {"uv": [0, 0, 3, 3], "texture": "#side"},
				"east": {"uv": [2.5, 15, 3, 16], "texture": "#side"},
				"south": {"uv": [2, 15, 3, 16], "texture": "#side"},
				"west": {"uv": [2, 15, 2.5, 16], "texture": "#side"},
				"up": {"uv": [3, 15, 2, 15.5], "rotation": 180, "texture": "#side"},
				"down": {"uv": [3, 15.5, 2, 16], "rotation": 180, "texture": "#side"}
			}
		},
		{
			"from": [5, 3, 16],
			"to": [6, 4, 16.5],
			"rotation": {"angle": 0, "axis": "y", "origin": [0, 0, 16]},
			"faces": {
				"north": {"uv": [0, 0, 3, 3], "texture": "#side"},
				"east": {"uv": [5.5, 12, 6, 13], "texture": "#side"},
				"south": {"uv": [5, 12, 6, 13], "texture": "#side"},
				"west": {"uv": [5, 12, 5.5, 13], "texture": "#side"},
				"up": {"uv": [6, 12, 5, 12.5], "rotation": 180, "texture": "#side"},
				"down": {"uv": [6, 12.5, 5, 13], "rotation": 180, "texture": "#side"}
			}
		},
		{
			"from": [10, 3, 16],
			"to": [13, 6, 16.5],
			"rotation": {"angle": 0, "axis": "y", "origin": [0, 0, 16]},
			"faces": {
				"north": {"uv": [0, 0, 3, 3], "texture": "#side"},
				"east": {"uv": [12.5, 10, 13, 13], "texture": "#side"},
				"south": {"uv": [10, 10, 13, 13], "texture": "#side"},
				"west": {"uv": [10, 10, 10.5, 13], "texture": "#side"},
				"up": {"uv": [10, 10, 13, 10.5], "rotation": 180, "texture": "#side"},
				"down": {"uv": [13, 12.5, 10, 13], "rotation": 180, "texture": "#side"}
			}
		},
		{
			"from": [9, 4, 16],
			"to": [10, 6, 16.5],
			"rotation": {"angle": 0, "axis": "y", "origin": [0, 0, 16]},
			"faces": {
				"north": {"uv": [0, 0, 3, 3], "texture": "#side"},
				"east": {"uv": [9.5, 10, 10, 12], "texture": "#side"},
				"south": {"uv": [9, 10, 10, 12], "texture": "#side"},
				"west": {"uv": [9, 10, 9.5, 12], "texture": "#side"},
				"up": {"uv": [9, 10, 10, 10.5], "rotation": 180, "texture": "#side"},
				"down": {"uv": [10, 11.5, 9, 12], "rotation": 180, "texture": "#side"}
			}
		},
		{
			"from": [11, 2, 16],
			"to": [12, 3, 16.5],
			"rotation": {"angle": 0, "axis": "y", "origin": [0, 0, 16]},
			"faces": {
				"north": {"uv": [0, 0, 3, 3], "texture": "#side"},
				"east": {"uv": [11.5, 13, 12, 14], "texture": "#side"},
				"south": {"uv": [11, 13, 12, 14], "texture": "#side"},
				"west": {"uv": [11, 13, 11.5, 14], "texture": "#side"},
				"up": {"uv": [11, 13, 12, 13.5], "rotation": 180, "texture": "#side"},
				"down": {"uv": [12, 13.5, 11, 14], "rotation": 180, "texture": "#side"}
			}
		},
		{
			"from": [13, 4, 16],
			"to": [15, 6, 16.5],
			"rotation": {"angle": 0, "axis": "y", "origin": [0, 0, 16]},
			"faces": {
				"north": {"uv": [0, 0, 3, 3], "texture": "#side"},
				"east": {"uv": [14.5, 10, 15, 12], "texture": "#side"},
				"south": {"uv": [13, 10, 15, 12], "texture": "#side"},
				"west": {"uv": [13, 10, 13.5, 12], "texture": "#side"},
				"up": {"uv": [15, 10, 13, 10.5], "rotation": 180, "texture": "#side"},
				"down": {"uv": [15, 11.5, 13, 12], "rotation": 180, "texture": "#side"}
			}
		},
		{
			"from": [12, 6, 16],
			"to": [15, 7, 16.5],
			"rotation": {"angle": 0, "axis": "y", "origin": [0, 0, 16]},
			"faces": {
				"north": {"uv": [0, 0, 3, 3], "texture": "#side"},
				"east": {"uv": [14.5, 9, 15, 10], "texture": "#side"},
				"south": {"uv": [12, 9, 15, 10], "texture": "#side"},
				"west": {"uv": [12, 9, 12.5, 10], "texture": "#side"},
				"up": {"uv": [15, 9, 12, 9.5], "rotation": 180, "texture": "#side"},
				"down": {"uv": [15, 9.5, 12, 10], "rotation": 180, "texture": "#side"}
			}
		},
		{
			"from": [15, 0, 16],
			"to": [16, 3, 16.5],
			"rotation": {"angle": 0, "axis": "y", "origin": [0, 0, 16]},
			"faces": {
				"north": {"uv": [0, 0, 1, 3], "texture": "#side"},
				"east": {"uv": [15.5, 13, 16, 16], "texture": "#side"},
				"south": {"uv": [15, 13, 16, 16], "texture": "#side"},
				"west": {"uv": [15, 13, 15.5, 16], "texture": "#side"},
				"up": {"uv": [15, 13, 16, 13.5], "rotation": 180, "texture": "#side"},
				"down": {"uv": [15, 15.5, 16, 16], "rotation": 180, "texture": "#side"}
			}
		}
	],
	"groups": [
		{
			"name": "other up",
			"origin": [8, 8, 8],
			"color": 0,
			"children": [0, 1, 2, 3, 4, 5, 6, 7, 8, 9, 10, 11, 12, 13, 14, 15, 16, 17, 18, 19, 20, 21, 22, 23, 24, 25, 26, 27, 28, 29, 30, 31, 32, 33, 34, 35, 36, 37, 38, 39, 40, 41]
		},
		{
			"name": "top",
			"origin": [8, 8, 8],
			"color": 0,
			"children": [42, 43, 44, 45, 46, 47, 48, 49, 50, 51]
		},
		{
			"name": "bottom",
			"origin": [8, 8, 8],
			"color": 0,
			"children": [52, 53, 54, 55, 56, 57, 58, 59, 60, 61, 62, 63, 64, 65, 66, 67, 68, 69, 70, 71, 72, 73, 74, 75, 76, 77, 78, 79, 80, 81, 82, 83, 84, 85, 86, 87, 88, 89, 90, 91, 92, 93]
		},
		94,
		95,
		96,
		97,
		98,
		99,
		100,
		101,
		102,
		103,
		104,
		105,
		106,
		107,
		108,
		109,
		110,
		111,
		112,
		113,
		114,
		115,
		116,
		117,
		118,
		119,
		120,
		121,
		122,
		123,
		124,
		125,
		126,
		127,
		128,
		129,
		130,
		131,
		132,
		133,
		134,
		135,
		136,
		137,
		138,
		139,
		140,
		141,
		142,
		143,
		144,
		145,
		146,
		147,
		148,
		149,
		150,
		151,
		152,
		153,
		154,
		155,
		156,
		157,
		158,
		159,
		160,
		161,
		162,
		163,
		164,
		165,
		166,
		167,
		168
	]
}