{"parent": "block/stair_inv", "textures": {"particle": "block/bricks", "side": "block/bricks"}, "elements": [{"from": [0, 0, 0], "to": [16, 8, 16], "faces": {"north": {"uv": [0, 8, 16, 16], "texture": "#side", "cullface": "north"}, "east": {"uv": [0, 8, 16, 16], "texture": "#side", "cullface": "east"}, "south": {"uv": [0, 8, 16, 16], "texture": "#side", "cullface": "south"}, "west": {"uv": [0, 8, 16, 16], "texture": "#side", "cullface": "west"}, "up": {"uv": [0, 0, 16, 16], "texture": "#side"}, "down": {"uv": [0, 0, 16, 16], "texture": "#side", "cullface": "down"}}}, {"from": [0, 8, 8], "to": [16, 16, 16], "faces": {"north": {"uv": [0, 0, 16, 8], "texture": "#side"}, "east": {"uv": [0, 0, 8, 8], "texture": "#side", "cullface": "east"}, "south": {"uv": [0, 0, 16, 8], "texture": "#side", "cullface": "south"}, "west": {"uv": [8, 0, 16, 8], "texture": "#side", "cullface": "west"}, "up": {"uv": [0, 8, 16, 16], "texture": "#side", "cullface": "up"}}}, {"from": [8, -0.5, 1], "to": [15, 0, 4], "faces": {"north": {"uv": [8, 14, 15, 15], "rotation": 180, "texture": "#side", "cullface": "down"}, "east": {"uv": [14, 12, 15, 15], "rotation": 270, "texture": "#side", "cullface": "down"}, "south": {"uv": [8, 12, 15, 13], "texture": "#side", "cullface": "down"}, "west": {"uv": [8, 12, 9, 15], "rotation": 90, "texture": "#side", "cullface": "down"}, "down": {"uv": [8, 12, 15, 15], "texture": "#side", "cullface": "down"}}}, {"from": [0, -0.5, 1], "to": [7, 0, 4], "faces": {"north": {"uv": [0, 14, 7, 15], "rotation": 180, "texture": "#side", "cullface": "down"}, "east": {"uv": [6, 12, 7, 15], "rotation": 270, "texture": "#side", "cullface": "down"}, "south": {"uv": [0, 12, 7, 13], "texture": "#side", "cullface": "down"}, "west": {"uv": [0, 12, 1, 15], "rotation": 90, "texture": "#side", "cullface": "down"}, "down": {"uv": [0, 12, 7, 15], "texture": "#side", "cullface": "down"}}}, {"from": [0, -0.5, 9], "to": [7, 0, 12], "faces": {"north": {"uv": [0, 6, 7, 7], "rotation": 180, "texture": "#side", "cullface": "down"}, "east": {"uv": [6, 4, 7, 7], "rotation": 270, "texture": "#side", "cullface": "down"}, "south": {"uv": [0, 4, 7, 5], "texture": "#side", "cullface": "down"}, "west": {"uv": [0, 4, 1, 7], "rotation": 90, "texture": "#side", "cullface": "down"}, "down": {"uv": [0, 4, 7, 7], "texture": "#side", "cullface": "down"}}}, {"from": [8, -0.5, 9], "to": [15, 0, 12], "faces": {"north": {"uv": [8, 6, 15, 7], "rotation": 180, "texture": "#side", "cullface": "down"}, "east": {"uv": [14, 4, 15, 7], "rotation": 270, "texture": "#side", "cullface": "down"}, "south": {"uv": [8, 4, 15, 5], "texture": "#side", "cullface": "down"}, "west": {"uv": [8, 4, 9, 7], "rotation": 90, "texture": "#side", "cullface": "down"}, "down": {"uv": [8, 4, 15, 7], "texture": "#side", "cullface": "down"}}}, {"from": [4, -0.5, 13], "to": [11, 0, 16], "faces": {"north": {"uv": [4, 2, 11, 3], "rotation": 180, "texture": "#side", "cullface": "down"}, "east": {"uv": [10, 0, 11, 3], "rotation": 270, "texture": "#side", "cullface": "down"}, "south": {"uv": [4, 0, 11, 1], "texture": "#side", "cullface": "down"}, "west": {"uv": [4, 0, 5, 3], "rotation": 90, "texture": "#side", "cullface": "down"}, "down": {"uv": [4, 0, 11, 3], "texture": "#side", "cullface": "down"}}}, {"from": [4, -0.5, 5], "to": [11, 0, 8], "faces": {"north": {"uv": [4, 10, 11, 11], "rotation": 180, "texture": "#side", "cullface": "down"}, "east": {"uv": [10, 8, 11, 11], "rotation": 270, "texture": "#side", "cullface": "down"}, "south": {"uv": [4, 8, 11, 9], "texture": "#side", "cullface": "down"}, "west": {"uv": [4, 8, 5, 11], "rotation": 90, "texture": "#side", "cullface": "down"}, "down": {"uv": [4, 8, 11, 11], "texture": "#side", "cullface": "down"}}}, {"from": [0, -0.5, 5], "to": [3, 0, 8], "faces": {"north": {"uv": [0, 10, 3, 11], "rotation": 180, "texture": "#side", "cullface": "down"}, "east": {"uv": [2, 8, 3, 11], "rotation": 270, "texture": "#side", "cullface": "down"}, "south": {"uv": [0, 8, 3, 9], "texture": "#side", "cullface": "down"}, "west": {"uv": [0, 8, 1, 11], "rotation": 90, "texture": "#side", "cullface": "down"}, "down": {"uv": [0, 8, 3, 11], "texture": "#side", "cullface": "down"}}}, {"from": [0, -0.5, 13], "to": [3, 0, 16], "faces": {"north": {"uv": [0, 2, 3, 3], "rotation": 180, "texture": "#side", "cullface": "down"}, "east": {"uv": [2, 0, 3, 3], "rotation": 270, "texture": "#side", "cullface": "down"}, "south": {"uv": [0, 0, 3, 1], "texture": "#side", "cullface": "down"}, "west": {"uv": [0, 0, 1, 3], "rotation": 90, "texture": "#side", "cullface": "down"}, "down": {"uv": [0, 0, 3, 3], "texture": "#side", "cullface": "down"}}}, {"from": [12, -0.5, 13], "to": [16, 0, 16], "faces": {"north": {"uv": [12, 2, 16, 3], "rotation": 180, "texture": "#side", "cullface": "down"}, "east": {"uv": [15, 0, 16, 3], "rotation": 270, "texture": "#side", "cullface": "down"}, "south": {"uv": [12, 0, 16, 1], "texture": "#side", "cullface": "down"}, "west": {"uv": [12, 0, 13, 3], "rotation": 90, "texture": "#side", "cullface": "down"}, "down": {"uv": [12, 0, 16, 3], "texture": "#side", "cullface": "down"}}}, {"from": [12, -0.5, 5], "to": [16, 0, 8], "faces": {"north": {"uv": [12, 10, 16, 11], "rotation": 180, "texture": "#side", "cullface": "down"}, "east": {"uv": [15, 8, 16, 11], "rotation": 270, "texture": "#side", "cullface": "down"}, "south": {"uv": [12, 8, 16, 9], "texture": "#side", "cullface": "down"}, "west": {"uv": [12, 8, 13, 11], "rotation": 90, "texture": "#side", "cullface": "down"}, "down": {"uv": [12, 8, 16, 11], "texture": "#side", "cullface": "down"}}}, {"from": [8, 16, 12], "to": [15, 16.5, 15], "faces": {"north": {"uv": [8, 12, 15, 13], "rotation": 180, "texture": "#side", "cullface": "up"}, "east": {"uv": [14, 12, 15, 15], "rotation": 90, "texture": "#side", "cullface": "up"}, "south": {"uv": [8, 14, 15, 15], "texture": "#side", "cullface": "up"}, "west": {"uv": [8, 12, 9, 15], "rotation": 270, "texture": "#side", "cullface": "up"}, "up": {"uv": [8, 12, 15, 15], "texture": "#side", "cullface": "up"}}}, {"from": [0, 16, 12], "to": [7, 16.5, 15], "faces": {"north": {"uv": [0, 12, 7, 13], "rotation": 180, "texture": "#side", "cullface": "up"}, "east": {"uv": [6, 12, 7, 15], "rotation": 90, "texture": "#side", "cullface": "up"}, "south": {"uv": [0, 14, 7, 15], "texture": "#side", "cullface": "up"}, "west": {"uv": [0, 12, 1, 15], "rotation": 270, "texture": "#side", "cullface": "up"}, "up": {"uv": [0, 12, 7, 15], "texture": "#side", "cullface": "up"}}}, {"from": [4, 16, 8], "to": [11, 16.5, 11], "faces": {"north": {"uv": [4, 8, 11, 9], "rotation": 180, "texture": "#side", "cullface": "up"}, "east": {"uv": [10, 8, 11, 11], "rotation": 90, "texture": "#side", "cullface": "up"}, "south": {"uv": [4, 10, 11, 11], "texture": "#side", "cullface": "up"}, "west": {"uv": [4, 8, 5, 11], "rotation": 270, "texture": "#side", "cullface": "up"}, "up": {"uv": [4, 8, 11, 11], "texture": "#side", "cullface": "up"}}}, {"from": [0, 16, 8], "to": [3, 16.5, 11], "faces": {"north": {"uv": [0, 8, 3, 9], "rotation": 180, "texture": "#side", "cullface": "up"}, "east": {"uv": [2, 8, 3, 11], "rotation": 90, "texture": "#side", "cullface": "up"}, "south": {"uv": [0, 10, 3, 11], "texture": "#side", "cullface": "up"}, "west": {"uv": [0, 8, 1, 11], "rotation": 270, "texture": "#side", "cullface": "up"}, "up": {"uv": [0, 8, 3, 11], "texture": "#side", "cullface": "up"}}}, {"from": [12, 16, 8], "to": [16, 16.5, 11], "faces": {"north": {"uv": [12, 8, 16, 9], "rotation": 180, "texture": "#side", "cullface": "up"}, "east": {"uv": [15, 8, 16, 11], "rotation": 90, "texture": "#side", "cullface": "up"}, "south": {"uv": [12, 10, 16, 11], "texture": "#side", "cullface": "up"}, "west": {"uv": [12, 8, 13, 11], "rotation": 270, "texture": "#side", "cullface": "up"}, "up": {"uv": [12, 8, 16, 11], "texture": "#side", "cullface": "up"}}}, {"from": [-0.5, 1, 8], "to": [0, 4, 15], "faces": {"north": {"uv": [8, 12, 9, 15], "texture": "#side", "cullface": "west"}, "south": {"uv": [14, 12, 15, 15], "texture": "#side", "cullface": "west"}, "west": {"uv": [8, 12, 15, 15], "texture": "#side", "cullface": "west"}, "up": {"uv": [8, 12, 15, 13], "rotation": 90, "texture": "#side", "cullface": "west"}, "down": {"uv": [8, 14, 15, 15], "rotation": 270, "texture": "#side", "cullface": "west"}}}, {"from": [-0.5, 1, 0], "to": [0, 4, 7], "faces": {"north": {"uv": [0, 12, 1, 15], "texture": "#side", "cullface": "west"}, "south": {"uv": [6, 12, 7, 15], "texture": "#side", "cullface": "west"}, "west": {"uv": [0, 12, 7, 15], "texture": "#side", "cullface": "west"}, "up": {"uv": [0, 12, 7, 13], "rotation": 90, "texture": "#side", "cullface": "west"}, "down": {"uv": [0, 14, 7, 15], "rotation": 270, "texture": "#side", "cullface": "west"}}}, {"from": [-0.5, 9, 8], "to": [0, 12, 15], "faces": {"north": {"uv": [8, 4, 9, 7], "texture": "#side", "cullface": "west"}, "south": {"uv": [14, 4, 15, 7], "texture": "#side", "cullface": "west"}, "west": {"uv": [8, 4, 15, 7], "texture": "#side", "cullface": "west"}, "up": {"uv": [8, 4, 15, 5], "rotation": 90, "texture": "#side", "cullface": "west"}, "down": {"uv": [8, 6, 15, 7], "rotation": 270, "texture": "#side", "cullface": "west"}}}, {"from": [-0.5, 13, 8], "to": [0, 16, 11], "faces": {"north": {"uv": [8, 0, 9, 3], "texture": "#side", "cullface": "west"}, "south": {"uv": [10, 0, 11, 3], "texture": "#side", "cullface": "west"}, "west": {"uv": [8, 0, 11, 3], "texture": "#side", "cullface": "west"}, "up": {"uv": [8, 0, 11, 1], "rotation": 90, "texture": "#side", "cullface": "west"}, "down": {"uv": [8, 2, 11, 3], "rotation": 270, "texture": "#side", "cullface": "west"}}}, {"from": [-0.5, 5, 4], "to": [0, 8, 11], "faces": {"north": {"uv": [4, 8, 5, 11], "texture": "#side", "cullface": "west"}, "south": {"uv": [10, 8, 11, 11], "texture": "#side", "cullface": "west"}, "west": {"uv": [4, 8, 11, 11], "texture": "#side", "cullface": "west"}, "up": {"uv": [4, 8, 11, 9], "rotation": 90, "texture": "#side", "cullface": "west"}, "down": {"uv": [4, 10, 11, 11], "rotation": 270, "texture": "#side", "cullface": "west"}}}, {"from": [-0.5, 5, 0], "to": [0, 8, 3], "faces": {"north": {"uv": [0, 8, 1, 11], "texture": "#side", "cullface": "west"}, "south": {"uv": [2, 8, 3, 11], "texture": "#side", "cullface": "west"}, "west": {"uv": [0, 8, 3, 11], "texture": "#side", "cullface": "west"}, "up": {"uv": [0, 8, 3, 9], "rotation": 90, "texture": "#side", "cullface": "west"}, "down": {"uv": [0, 10, 3, 11], "rotation": 270, "texture": "#side", "cullface": "west"}}}, {"from": [-0.5, 13, 12], "to": [0, 16, 16], "faces": {"north": {"uv": [12, 0, 13, 3], "texture": "#side", "cullface": "west"}, "south": {"uv": [15, 0, 16, 3], "texture": "#side", "cullface": "west"}, "west": {"uv": [12, 0, 16, 3], "texture": "#side", "cullface": "west"}, "up": {"uv": [12, 0, 16, 1], "rotation": 90, "texture": "#side", "cullface": "west"}, "down": {"uv": [12, 2, 16, 3], "rotation": 270, "texture": "#side", "cullface": "west"}}}, {"from": [-0.5, 5, 12], "to": [0, 8, 16], "faces": {"north": {"uv": [12, 8, 13, 11], "texture": "#side", "cullface": "west"}, "south": {"uv": [15, 8, 16, 11], "texture": "#side", "cullface": "west"}, "west": {"uv": [12, 8, 16, 11], "texture": "#side", "cullface": "west"}, "up": {"uv": [12, 8, 16, 9], "rotation": 90, "texture": "#side", "cullface": "west"}, "down": {"uv": [12, 10, 16, 11], "rotation": 270, "texture": "#side", "cullface": "west"}}}, {"from": [8, 1, 16], "to": [15, 4, 16.5], "faces": {"east": {"uv": [14, 12, 15, 15], "texture": "#side", "cullface": "south"}, "south": {"uv": [8, 12, 15, 15], "texture": "#side", "cullface": "south"}, "west": {"uv": [8, 12, 9, 15], "texture": "#side", "cullface": "south"}, "up": {"uv": [8, 12, 15, 13], "texture": "#side", "cullface": "south"}, "down": {"uv": [8, 14, 15, 15], "texture": "#side", "cullface": "south"}}}, {"from": [0, 1, 16], "to": [7, 4, 16.5], "faces": {"east": {"uv": [6, 12, 7, 15], "texture": "#side", "cullface": "south"}, "south": {"uv": [0, 12, 7, 15], "texture": "#side", "cullface": "south"}, "west": {"uv": [0, 12, 1, 15], "texture": "#side", "cullface": "south"}, "up": {"uv": [0, 12, 7, 13], "texture": "#side", "cullface": "south"}, "down": {"uv": [0, 14, 7, 15], "texture": "#side", "cullface": "south"}}}, {"from": [0, 9, 16], "to": [7, 12, 16.5], "faces": {"east": {"uv": [6, 4, 7, 7], "texture": "#side", "cullface": "south"}, "south": {"uv": [0, 4, 7, 7], "texture": "#side", "cullface": "south"}, "west": {"uv": [0, 4, 1, 7], "texture": "#side", "cullface": "south"}, "up": {"uv": [0, 4, 7, 5], "texture": "#side", "cullface": "south"}, "down": {"uv": [0, 6, 7, 7], "texture": "#side", "cullface": "south"}}}, {"from": [8, 9, 16], "to": [15, 12, 16.5], "faces": {"east": {"uv": [14, 4, 15, 7], "texture": "#side", "cullface": "south"}, "south": {"uv": [8, 4, 15, 7], "texture": "#side", "cullface": "south"}, "west": {"uv": [8, 4, 9, 7], "texture": "#side", "cullface": "south"}, "up": {"uv": [8, 4, 15, 5], "texture": "#side", "cullface": "south"}, "down": {"uv": [8, 6, 15, 7], "texture": "#side", "cullface": "south"}}}, {"from": [4, 13, 16], "to": [11, 16, 16.5], "faces": {"east": {"uv": [10, 0, 11, 3], "texture": "#side", "cullface": "south"}, "south": {"uv": [4, 0, 11, 3], "texture": "#side", "cullface": "south"}, "west": {"uv": [4, 0, 5, 3], "texture": "#side", "cullface": "south"}, "up": {"uv": [4, 0, 11, 1], "texture": "#side", "cullface": "south"}, "down": {"uv": [4, 2, 11, 3], "texture": "#side", "cullface": "south"}}}, {"from": [4, 5, 16], "to": [11, 8, 16.5], "faces": {"east": {"uv": [10, 8, 11, 11], "texture": "#side", "cullface": "south"}, "south": {"uv": [4, 8, 11, 11], "texture": "#side", "cullface": "south"}, "west": {"uv": [4, 8, 5, 11], "texture": "#side", "cullface": "south"}, "up": {"uv": [4, 8, 11, 9], "texture": "#side", "cullface": "south"}, "down": {"uv": [4, 10, 11, 11], "texture": "#side", "cullface": "south"}}}, {"from": [0, 5, 16], "to": [3, 8, 16.5], "faces": {"east": {"uv": [2, 8, 3, 11], "texture": "#side", "cullface": "south"}, "south": {"uv": [0, 8, 3, 11], "texture": "#side", "cullface": "south"}, "west": {"uv": [0, 8, 1, 11], "texture": "#side", "cullface": "south"}, "up": {"uv": [0, 8, 3, 9], "texture": "#side", "cullface": "south"}, "down": {"uv": [0, 10, 3, 11], "texture": "#side", "cullface": "south"}}}, {"from": [0, 13, 16], "to": [3, 16, 16.5], "faces": {"east": {"uv": [2, 0, 3, 3], "texture": "#side", "cullface": "south"}, "south": {"uv": [0, 0, 3, 3], "texture": "#side", "cullface": "south"}, "west": {"uv": [0, 0, 1, 3], "texture": "#side", "cullface": "south"}, "up": {"uv": [0, 0, 3, 1], "texture": "#side", "cullface": "south"}, "down": {"uv": [0, 2, 3, 3], "texture": "#side", "cullface": "south"}}}, {"from": [12, 13, 16], "to": [16, 16, 16.5], "faces": {"east": {"uv": [15, 0, 16, 3], "texture": "#side", "cullface": "south"}, "south": {"uv": [12, 0, 16, 3], "texture": "#side", "cullface": "south"}, "west": {"uv": [12, 0, 13, 3], "texture": "#side", "cullface": "south"}, "up": {"uv": [12, 0, 16, 1], "texture": "#side", "cullface": "south"}, "down": {"uv": [12, 2, 16, 3], "texture": "#side", "cullface": "south"}}}, {"from": [12, 5, 16], "to": [16, 8, 16.5], "faces": {"east": {"uv": [15, 8, 16, 11], "texture": "#side", "cullface": "south"}, "south": {"uv": [12, 8, 16, 11], "texture": "#side", "cullface": "south"}, "west": {"uv": [12, 8, 13, 11], "texture": "#side", "cullface": "south"}, "up": {"uv": [12, 8, 16, 9], "texture": "#side", "cullface": "south"}, "down": {"uv": [12, 10, 16, 11], "texture": "#side", "cullface": "south"}}}, {"from": [16, 1, 1], "to": [16.5, 4, 8], "faces": {"north": {"uv": [14, 12, 15, 15], "texture": "#side", "cullface": "east"}, "east": {"uv": [8, 12, 15, 15], "texture": "#side", "cullface": "east"}, "south": {"uv": [8, 12, 9, 15], "texture": "#side", "cullface": "east"}, "up": {"uv": [8, 12, 15, 13], "rotation": 270, "texture": "#side", "cullface": "east"}, "down": {"uv": [8, 14, 15, 15], "rotation": 90, "texture": "#side", "cullface": "east"}}}, {"from": [16, 1, 9], "to": [16.5, 4, 16], "faces": {"north": {"uv": [6, 12, 7, 15], "texture": "#side", "cullface": "east"}, "east": {"uv": [0, 12, 7, 15], "texture": "#side", "cullface": "east"}, "south": {"uv": [0, 12, 1, 15], "texture": "#side", "cullface": "east"}, "up": {"uv": [0, 12, 7, 13], "rotation": 270, "texture": "#side", "cullface": "east"}, "down": {"uv": [0, 14, 7, 15], "rotation": 90, "texture": "#side", "cullface": "east"}}}, {"from": [16, 9, 9], "to": [16.5, 12, 16], "faces": {"north": {"uv": [6, 4, 7, 7], "texture": "#side", "cullface": "east"}, "east": {"uv": [0, 4, 7, 7], "texture": "#side", "cullface": "east"}, "south": {"uv": [0, 4, 1, 7], "texture": "#side", "cullface": "east"}, "up": {"uv": [0, 4, 7, 5], "rotation": 270, "texture": "#side", "cullface": "east"}, "down": {"uv": [0, 6, 7, 7], "rotation": 90, "texture": "#side", "cullface": "east"}}}, {"from": [16, 13, 8], "to": [16.5, 16, 12], "faces": {"north": {"uv": [7, 0, 8, 3], "texture": "#side", "cullface": "east"}, "east": {"uv": [4, 0, 8, 3], "texture": "#side", "cullface": "east"}, "south": {"uv": [4, 0, 5, 3], "texture": "#side", "cullface": "east"}, "up": {"uv": [4, 0, 8, 1], "rotation": 270, "texture": "#side", "cullface": "east"}, "down": {"uv": [4, 2, 8, 3], "rotation": 90, "texture": "#side", "cullface": "east"}}}, {"from": [16, 5, 5], "to": [16.5, 8, 12], "faces": {"north": {"uv": [10, 8, 11, 11], "texture": "#side", "cullface": "east"}, "east": {"uv": [4, 8, 11, 11], "texture": "#side", "cullface": "east"}, "south": {"uv": [4, 8, 5, 11], "texture": "#side", "cullface": "east"}, "up": {"uv": [4, 8, 11, 9], "rotation": 270, "texture": "#side", "cullface": "east"}, "down": {"uv": [4, 10, 11, 11], "rotation": 90, "texture": "#side", "cullface": "east"}}}, {"from": [16, 5, 13], "to": [16.5, 8, 16], "faces": {"north": {"uv": [2, 8, 3, 11], "texture": "#side", "cullface": "east"}, "east": {"uv": [0, 8, 3, 11], "texture": "#side", "cullface": "east"}, "south": {"uv": [0, 8, 1, 11], "texture": "#side", "cullface": "east"}, "up": {"uv": [0, 8, 3, 9], "rotation": 270, "texture": "#side", "cullface": "east"}, "down": {"uv": [0, 10, 3, 11], "rotation": 90, "texture": "#side", "cullface": "east"}}}, {"from": [16, 13, 13], "to": [16.5, 16, 16], "faces": {"north": {"uv": [2, 0, 3, 3], "texture": "#side", "cullface": "east"}, "east": {"uv": [0, 0, 3, 3], "texture": "#side", "cullface": "east"}, "south": {"uv": [0, 0, 1, 3], "texture": "#side", "cullface": "east"}, "up": {"uv": [0, 0, 3, 1], "rotation": 270, "texture": "#side", "cullface": "east"}, "down": {"uv": [0, 2, 3, 3], "rotation": 90, "texture": "#side", "cullface": "east"}}}, {"from": [16, 5, 0], "to": [16.5, 8, 4], "faces": {"north": {"uv": [15, 8, 16, 11], "texture": "#side", "cullface": "east"}, "east": {"uv": [12, 8, 16, 11], "texture": "#side", "cullface": "east"}, "south": {"uv": [12, 8, 13, 11], "texture": "#side", "cullface": "east"}, "up": {"uv": [12, 8, 16, 9], "rotation": 270, "texture": "#side", "cullface": "east"}, "down": {"uv": [12, 10, 16, 11], "rotation": 90, "texture": "#side", "cullface": "east"}}}, {"from": [1, 1, -0.5], "to": [8, 4, 0], "faces": {"north": {"uv": [8, 12, 15, 15], "texture": "#side", "cullface": "north"}, "east": {"uv": [8, 12, 9, 15], "texture": "#side", "cullface": "north"}, "west": {"uv": [14, 12, 15, 15], "texture": "#side", "cullface": "north"}, "up": {"uv": [8, 12, 15, 13], "rotation": 180, "texture": "#side", "cullface": "north"}, "down": {"uv": [8, 14, 15, 15], "rotation": 180, "texture": "#side", "cullface": "north"}}}, {"from": [9, 1, -0.5], "to": [16, 4, 0], "faces": {"north": {"uv": [0, 12, 7, 15], "texture": "#side", "cullface": "north"}, "east": {"uv": [0, 12, 1, 15], "texture": "#side", "cullface": "north"}, "west": {"uv": [6, 12, 7, 15], "texture": "#side", "cullface": "north"}, "up": {"uv": [0, 12, 7, 13], "rotation": 180, "texture": "#side", "cullface": "north"}, "down": {"uv": [0, 14, 7, 15], "rotation": 180, "texture": "#side", "cullface": "north"}}}, {"from": [5, 5, -0.5], "to": [12, 8, 0], "faces": {"north": {"uv": [4, 8, 11, 11], "texture": "#side", "cullface": "north"}, "east": {"uv": [4, 8, 5, 11], "texture": "#side", "cullface": "north"}, "west": {"uv": [10, 8, 11, 11], "texture": "#side", "cullface": "north"}, "up": {"uv": [4, 8, 11, 9], "rotation": 180, "texture": "#side", "cullface": "north"}, "down": {"uv": [4, 10, 11, 11], "rotation": 180, "texture": "#side", "cullface": "north"}}}, {"from": [13, 5, -0.5], "to": [16, 8, 0], "faces": {"north": {"uv": [0, 8, 3, 11], "texture": "#side", "cullface": "north"}, "east": {"uv": [0, 8, 1, 11], "texture": "#side", "cullface": "north"}, "west": {"uv": [2, 8, 3, 11], "texture": "#side", "cullface": "north"}, "up": {"uv": [0, 8, 3, 9], "rotation": 180, "texture": "#side", "cullface": "north"}, "down": {"uv": [0, 10, 3, 11], "rotation": 180, "texture": "#side", "cullface": "north"}}}, {"from": [0, 5, -0.5], "to": [4, 8, 0], "faces": {"north": {"uv": [12, 8, 16, 11], "texture": "#side", "cullface": "north"}, "east": {"uv": [12, 8, 13, 11], "texture": "#side", "cullface": "north"}, "west": {"uv": [15, 8, 16, 11], "texture": "#side", "cullface": "north"}, "up": {"uv": [12, 8, 16, 9], "rotation": 180, "texture": "#side", "cullface": "north"}, "down": {"uv": [12, 10, 16, 11], "rotation": 180, "texture": "#side", "cullface": "north"}}}, {"from": [0, 13, 7.5], "to": [4, 16, 8], "rotation": {"angle": 0, "axis": "y", "origin": [8, 8, 16]}, "faces": {"north": {"uv": [12, 0, 16, 3], "texture": "#side"}, "east": {"uv": [12, 0, 13, 3], "texture": "#side"}, "west": {"uv": [15, 0, 16, 3], "texture": "#side"}, "up": {"uv": [12, 0, 16, 1], "rotation": 180, "texture": "#side"}, "down": {"uv": [12, 2, 16, 3], "rotation": 180, "texture": "#side"}}}, {"from": [5, 13, 7.5], "to": [12, 16, 8], "rotation": {"angle": 0, "axis": "y", "origin": [8, 8, 16]}, "faces": {"north": {"uv": [4, 0, 11, 3], "texture": "#side"}, "east": {"uv": [4, 0, 5, 3], "texture": "#side"}, "west": {"uv": [10, 0, 11, 3], "texture": "#side"}, "up": {"uv": [4, 0, 11, 1], "rotation": 180, "texture": "#side"}, "down": {"uv": [4, 2, 11, 3], "rotation": 180, "texture": "#side"}}}, {"from": [13, 13, 7.5], "to": [16, 16, 8], "rotation": {"angle": 0, "axis": "y", "origin": [8, 8, 16]}, "faces": {"north": {"uv": [0, 0, 3, 3], "texture": "#side"}, "east": {"uv": [0, 0, 1, 3], "texture": "#side"}, "west": {"uv": [2, 0, 3, 3], "texture": "#side"}, "up": {"uv": [0, 0, 3, 1], "rotation": 180, "texture": "#side"}, "down": {"uv": [0, 2, 3, 3], "rotation": 180, "texture": "#side"}}}, {"from": [9, 9, 7.5], "to": [16, 12, 8], "rotation": {"angle": 0, "axis": "y", "origin": [8, 8, 16]}, "faces": {"north": {"uv": [0, 4, 7, 7], "texture": "#side"}, "east": {"uv": [0, 4, 1, 7], "texture": "#side"}, "west": {"uv": [6, 4, 7, 7], "texture": "#side"}, "up": {"uv": [0, 4, 7, 5], "rotation": 180, "texture": "#side"}, "down": {"uv": [0, 6, 7, 7], "rotation": 180, "texture": "#side"}}}, {"from": [1, 9, 7.5], "to": [8, 12, 8], "rotation": {"angle": 0, "axis": "y", "origin": [8, 8, 16]}, "faces": {"north": {"uv": [8, 4, 15, 7], "texture": "#side"}, "east": {"uv": [8, 4, 9, 7], "texture": "#side"}, "west": {"uv": [14, 4, 15, 7], "texture": "#side"}, "up": {"uv": [8, 4, 15, 5], "rotation": 180, "texture": "#side"}, "down": {"uv": [8, 6, 15, 7], "rotation": 180, "texture": "#side"}}}, {"from": [0, 8, 0], "to": [3, 8.5, 3], "rotation": {"angle": 0, "axis": "y", "origin": [8, 0, 8]}, "faces": {"north": {"uv": [0, 0, 3, 1], "rotation": 180, "texture": "#side"}, "east": {"uv": [2, 0, 3, 3], "rotation": 90, "texture": "#side"}, "south": {"uv": [0, 2, 3, 3], "texture": "#side"}, "west": {"uv": [0, 0, 1, 3], "rotation": 270, "texture": "#side"}, "up": {"uv": [0, 0, 3, 3], "texture": "#side"}}}, {"from": [0, 8, 4], "to": [7, 8.5, 7], "rotation": {"angle": 0, "axis": "y", "origin": [8, 0, 8]}, "faces": {"north": {"uv": [0, 4, 7, 5], "rotation": 180, "texture": "#side"}, "east": {"uv": [6, 4, 7, 7], "rotation": 90, "texture": "#side"}, "south": {"uv": [0, 6, 7, 7], "texture": "#side"}, "west": {"uv": [0, 4, 1, 7], "rotation": 270, "texture": "#side"}, "up": {"uv": [0, 4, 7, 7], "texture": "#side"}}}, {"from": [4, 8, 0], "to": [11, 8.5, 3], "rotation": {"angle": 0, "axis": "y", "origin": [8, 0, 8]}, "faces": {"north": {"uv": [4, 0, 11, 1], "rotation": 180, "texture": "#side"}, "east": {"uv": [10, 0, 11, 3], "rotation": 90, "texture": "#side"}, "south": {"uv": [4, 2, 11, 3], "texture": "#side"}, "west": {"uv": [4, 0, 5, 3], "rotation": 270, "texture": "#side"}, "up": {"uv": [4, 0, 11, 3], "texture": "#side"}}}, {"from": [8, 8, 4], "to": [15, 8.5, 7], "rotation": {"angle": 0, "axis": "y", "origin": [8, 0, 8]}, "faces": {"north": {"uv": [8, 4, 15, 5], "rotation": 180, "texture": "#side"}, "east": {"uv": [14, 4, 15, 7], "rotation": 90, "texture": "#side"}, "south": {"uv": [8, 6, 15, 7], "texture": "#side"}, "west": {"uv": [8, 4, 9, 7], "rotation": 270, "texture": "#side"}, "up": {"uv": [8, 4, 15, 7], "texture": "#side"}}}, {"from": [12, 8, 0], "to": [16, 8.5, 3], "rotation": {"angle": 0, "axis": "y", "origin": [8, 0, 8]}, "faces": {"north": {"uv": [12, 0, 16, 1], "rotation": 180, "texture": "#side"}, "east": {"uv": [15, 0, 16, 3], "rotation": 90, "texture": "#side"}, "south": {"uv": [12, 2, 16, 3], "texture": "#side"}, "west": {"uv": [12, 0, 13, 3], "rotation": 270, "texture": "#side"}, "up": {"uv": [12, 0, 16, 3], "texture": "#side"}}}], "groups": [0, 1, {"name": "down", "origin": [8, 8, 8], "color": 0, "children": [2, 3, 4, 5, 6, 7, 8, 9, 10, 11]}, {"name": "up", "origin": [8, 8, 8], "color": 0, "children": [12, 13, 14, 15, 16]}, {"name": "west", "origin": [8, 8, 8], "color": 0, "children": [17, 18, 19, 20, 21, 22, 23, 24]}, {"name": "south", "origin": [8, 8, 8], "color": 0, "children": [25, 26, 27, 28, 29, 30, 31, 32, 33, 34]}, {"name": "east", "origin": [8, 8, 8], "color": 0, "children": [35, 36, 37, 38, 39, 40, 41, 42]}, {"name": "north", "origin": [8, 8, 8], "color": 0, "children": [43, 44, 45, 46, 47]}, {"name": "other north", "origin": [8, 8, 8], "color": 0, "children": [48, 49, 50, 51, 52]}, {"name": "other up", "origin": [8, 8, 8], "color": 0, "children": [53, 54, 55, 56, 57]}]}